author,b_name,p_name,text
jami,jami,jami,"
یا من بدا جمالک فی کل ما بدا
بادا هزار جان مقدس تو را فدا
می نالم از جدایی تو دمبدم چو نی
وین طرفه تر که از تو نیم یک نفس جدا
عشق است و بس که در دو جهان جلوه می کند
گاه از لباس شاه و گه از کسوت گدا
یک صورت بر دو گونه همی آیدت به گوش
گاهی ندا همی نهیش نام و گه صدا
برخیز ساقیا ز کرم جرعه ای بریز
بر عاشقان غمزده زان جام غمزدا
زان جام خاص کزخودیم چون دهد خلاص
در دیده شهود نماند به جز خدا
جامی ره هدی به خدا غیر عشق نیست
گفتیم والسلام علی تابع الهدی
حرز جانهاست نام دلبر ما
ما اعزاسمه و ما اعلی
نام او گنج نامه لاهوت
گنج پنهان غیب ازو پیدا
همه اسما مظاهر ذاتند
همه اشیا مظاهر اسما
لا اری فی الوجود الا هو
محو شد نام غیر و نقش سوی
هستی مطلق است و وحدت صرف
این هو این انت این انا
من و او و تو از میان برخاست
سر وحدت شد از همه یکتا
جان جامی ز نکته وحدت
نشکیبد چو ماهی از دریا
خلیلی لاحت لنا دور سلمی
نشان های سلمی شد از دور پیدا
کهن ناشده داغ او گشت تازه
قفا نبک من ذکر من لیس ینسی
ازین ربع و اطلال هر جا گیاهی
که بینیم گویا زبانی ست گویا
جز افسون سلمی و افسانه او
نخوانند بر ما نگویند با ما
خدا را رو ای باد و از من بنه رخ
به خاک رهش مرة بعد اخری
به عرضش رسان کای درین دیر کرده
لب لعلت احیای رسم مسیحا
حیات ابد می کند بنده جامی
ز لعل تو دریوزه و الامر اعلی
هر چه اسباب جمال است رخ خوب تو را
همه بر وجه کمال است کما لا یخفی
بعد عمری کشمت گفتی و من می میرم
هر دم از غم که مبادا نکند عمر وفا
بس که زاهد به ریا سبحه صد دانه شمرد
در همه شهر بدین شیوه شد انگشت نما
گر به تیغ تو جدا شد سرم از تن چه غم است
غم از آن ست که از تیغ تو افتاد جدا
خواستم خواهم ازان لب به دعا دشنامی
حاجت من چو روا گشت چه حاجت به دعا
طلب بوسه ازان لب نبود حد کسی
در سر من هوسی هست ولی زان کف پا
جامی آخر به سر زلف تو زد دست امید
خصه الله تعالی بمزید الزلفا
چند سوی چمن آیم به هوایت چو صبا
یک ره ای سرو سهی قامت رعنا بنما
به ته کرته نیلی سوی بستان بخرام
تا گل از شوق کند خرقه فیروزه قبا
باغبان کاش کند سوسن و گل فرش رهت
زانکه بر روی زمین حیف بود آن کف پا
سرو را جالب جوی است و تو را گوشه چشم
الله الله چه تفاوت تو کجا سرو کجا
همچو بلبل به هوای گل رویت نالم
نیست این ناله و فریاد من از باد هوا
زآب صافی نگر آن روی چو گل تا دانی
کز چه رو این همه جویان تواند اهل صفا
با تو جامی هوس گشت گلستان دارد
لیک چون همرهی سرو کند شاخ گیا
شرف کعبه بود کوی تو را
زاده الله تعالی شرفا
زایر کوی تو از کعبه گذشت
سرو کوی تو کجا کعبه کجا
سر من غرقه به خون افتاده ست
تا ز تیغ تو فتاده است جدا
بی تو بر جان دگرم باقی نیست
جان اگر رفت تو را باد بقا
ساخت همچون مه نو ناشده پیر
میل ابروی توام پشت دوتا
هر کجا درد دوا نیز بود
چون تو بی درد فتادی چه دوا
داشت در بیت حزن جامی جای
جائه منک بشیر فنجا
زد به رفتار خوش قدت ره ما
رفع الله قدره ابدا
تو همایی و نیست ظل همای
جز دو زلف تو دام ظلهما
گر کند غنچه با تو دعوی لطف
بر دهانش زند نسیم صبا
دیده هر دیده ام جدا دردی
تا ز روی تو مانده اند جدا
تو بلای خدایی و خلقی
به دعا خواهد این بلا ز خدا
آینه از تو رخ نمی تابد
به تو دارند روی اهل صفا
هر که درهای نظم جامی دید
گفت لله در ناظمها
گاه در دل ساز و گه در دیده جا
هر دو جای توست ای بدرالدجی
طوبی آمد قد تو وقت خرام
گر خرامد سوی ما طوبی لنا
تا به هر چشمی ز راهت سرمه برد
چشم من دارد غباری از صبا
می نگویم بنده خویشم شمار
نیست حکمی بنده را بر پادشا
خواهم از دل برکشم پیکان تو
لیکن از دل برنمی آید مرا
پرده بگشا چون نمودی آن دو زلف
تا رخت بینیم بعد از عمرها
گر سر جامی جدا سازی به تیغ
به که سازی زآستان خود جدا"
jami,jami,jami,"
لب لعل تو کام اهل وفا
لعلیل الفراق فیه شفا
دردنوشان جام درد تواند
صف نشینان بارگاه صفا
کی به روی تو خوش توانم زیست
همچو موی تو فتنه ای ز قفا
یاری از کس نخواهم اندر عشق
حسبی الله وحده وکفی
به جفا داغ دیگران مپسند
چند می سوزیم به داغ جفا
گر چو یوسف زما شوی غایب
همچو یعقوب ما و یا اسفا
جرم جامی هوای خوبان ست
غفرالله ذنبه و عفی
اگر هر دم زنی صد تیغ بر ما
بریدن از تو نتوانیم قطعا
پزم با آه دل زان لب خیالی
بلی بی دود نتوان پخت حلوا
جفاها خواهمت فرمود گفتی
خدا را ماه من اینها مفرما
بود جای خیالت خانه چشم
به مردم گفته‌ام این نکته صد جا
به گوشت می‌برد سر زلف مشکین
دگر ز اندازه بیرون می‌نهد پا
سر بی مغز زاهد را توان کرد
بر ابر با کدو حاشا و کلا
به قتل جامی ای جان رنجه گشتی
کرم کردی جزاک الله خیرا
احن شوقا الی دیار لقیت فیها جمال سلمی
که می رساند ازان نواحی نوید لطفی به جانب ما
به وادی غم منم فتاده زمام فکرت ز دست داده
نه بخت یاور نه عقل رهبر نه تن توانا نه دل شکیبا
زهی جمال تو قبله جان حریم کوی تو کعبه دل
فان سجدنا الیک نسجد و ان سعینا الیک نسعی
ز سر عشق تو بود ساکن زبان ارباب شوق لیکن
ز بی زبانی غم نهانی چنانکه دانی شد آشکارا
بکت عیونی علی شیونی فساء حالی و لاابالی
که دانم آخر طبیب وصلت مریض خود را کند مداوا
اگر به جورم برآوری جان و گر به تیغم بیفکنی سر
قسم به جانت که برندارم سر ارادت ز خاک آن پا
به ناز گفتی فلان کجایی چه بود حالت درین جدایی
مرضت شوقا و مت هجرا فکیف اشکو الیک شکوی
بر آستانت کمینه جامی مجال بودن ندید ازان رو
به کنج فرقت نشست محزون به کوی محنت گرفت ماوا
شد برقع روی تو چو مهت زلف شب آسا
سبحان قدیر جعل اللیل لباسا
تا کی ز غم سود و زیان رنجه توان برد
ای خواجه بیا ساغر می گیر و بیاسا
دنیا نه متاعی ست که ارزد به نزاعی
با خصم مدارا کن و با دوست مواسا
اسرار نی ار فهم کنی جمله سماعی ست
لا یمکن ان یدرکها العقل قیاسا
راهی ست نهانی ز تو تا دیر مغانی
جز پیر مغان نیست بدان راه شناسا
خواهی که در آن راه خدا پاس تو دارد
رخساره به خاک ره هر بی سر و پا سا
تا صاف نشد جامی از اوصاف من و ما
ما صادف من راح مصافاتک کاسا
عمری ز رخت بودم با خاطر خوش جانا
ودعت و اودعت فی قلبی اشجانا
دام سر زلفت را گر خیال بود دانه
صید تو شود دانم صد مرغ دل دانا
شد در قدح صهبا عکسی ز رخت پیدا
قد اشرقت الدنیا من کاس حمیانا
از میکده برگشتی بر مدرسه بگذشتی
شد در گرو باده دراعه مولانا
گفتم که به هجر از دل شوق تو شود زایل
فی الهجر مضی عمری والشوق کما کانا
صد کشته هجر احیا یابد به دمی هر جا
کز گلشن وصل تو بویی رسد احیانا
آن سرو سهی قد را شد خاک قدم جامی
ما ارفعه قدرا ما اعظمه شانا
چو اشک خویشتن غلتم میان خاک و خون شب‌ها
ز رشک آنکه بینم جام می را لب بر آن لب‌ها
شدی مشهور شهر آنسان که همچون سوره یوسف
همی‌خوانند طفلان قصه حسنت به مکتب‌ها
به خواب ار بر درت یابند جا جان‌های مشتاقان
به بیداری کجا آیند دیگر سوی قالب‌ها
ز تو هرشب ز بس یارب رود بر آسمان افتد
ملایک را غلط در سبحه از غوغای یارب‌ها
تنم را ز آتش دل هر دم افزاید تبی دیگر
خدا را ای اجل رحمی که جانم سوخت زین تب‌ها
شدم بدبخت ز اشک خود نشد آری مرا هرگز
سعادتمندیی روزی ازین سیاره کوکب‌ها
ز هفتاد و دو ملت کرد جامی رو به عشق تو
بلی عاشق ندارد مذهبی جز ترک مذهب‌ها
ریزم ز مژه کوکب بی‌ماه‌رخت شب‌ها
تاریک شبی دارم با این همه کوکب‌ها
چون از دل گرم من بگذشت خدنگ تو
از بوسه پیکانش شد آبله‌ام لب‌ها
از بس که گرفتاران مردند به کوی تو
بادش همه جان باشد خاکش همه قالب‌ها
از تاب و تف هجران گفتم سخن وصلت
بود این هَذَیان آری خاصیت آن تب‌ها
تا دست برآوردی زان غمزه به خونریزی
بر چرخ رود هر دم از دست تو یارب‌ها
شد نسخ خط یاقوت اکنون همه رعنایان
تعلیم خط از لعلت گیرند به مکتب‌ها
جامی که پی مذهب اطراف جهان گشتی
با مذهب عشق تو گشت از همه مذهب‌ها"
jami,jami,jami,"
از خارخار عشق تو در سینه دارم خارها
هر دم شکفته بر رخم زان خارها گلزارها
از بس فغان و شیونم چنگی ست خم گشته تنم
اشک آمده تا دامنم از هر مژه چون تارها
ره جانب بستان فکن کز شوق تو گل در چمن
صد چاک کرده پیرهن شسته به خون رخسارها
تا سوی باغ آری گذر سرو و صنوبر را نگر
عمری پی نظاره سر بر کرده از دیوارها
زاهد به مسجد برده پی حاجی بیابان کرده طی
آنجا که کار نقل و می بیکاری است این کارها
هر دم فروشم جان تو را بوسه ستانم در بها
دیوانه ام، باشد مرا با خود بسی بازارها
تو داده بار هر خسی من مرده از غیرت بسی
یک بار میرد هر کسی بیچاره جامی بارها
تجلی الراح من کاس تصفی الروح فاقبلها
که می بخشد صفای می فروغ خلوت دل‌ها
انلنی جرعة منها ارحنی ساعة عنی
که ماند از ظلمت هستی درون پرده مشکل‌ها
به جان شو ساکن کعبه بیابان چند پیمایی
چو نبود قرب روحانی چه سود از قطع منزل‌ها
برآر ای بحر بی‌پایان ز جود بیکران موجی
که خلقی تشنه‌لب مردند بر اطراف ساحل‌ها
مرا نظاره محمل ز سلمی باز می‌دارد
چه باشد برق استغنا زند آتش به محمل‌ها
تو سلطان فلک قدری چه باشی با گداطبعان
تو خورشید جهان‌تابی چه گردی شمع محفل‌ها
صفای جام می جامی برد زنگ غم از خاطر
اذا ما تلق من هم فحاولها و ناولها
نسیم الصبح زر منی ربی نجد و قبلها
که بوی دوست می‌آید ازآن فرسوده منزل‌ها
چو گردد شوق وصل افزون چه جای طعن اگر مجنون
به بوی هودج لیلی فتد دنبال محمل‌ها
دل من پر ز مهر یار و او فارغ نبوده‌ست آن
که می‌گویند راهی هست دل‌ها را سوی دل‌ها
رسید اینک ز ره سلمی و من از ضعف تن زینسان
فخذ یا صاح روحی تحفة منی و اقبلها
مریز ای ابر دیده آب حسرت بر سر راهش
که دور اولی سم اسبش ز آسیب چنین گل‌ها
مرا از هجر او در دل گره می‌بود صد مشکل
چو دیدم شکل او فی‌الحال حل شد جمله مشکل‌ها
ز جور دور غم فرجام جامی قصه‌ها دارد
ولکن خوف املال الندامی لم یطولها
هر شب افروخته از آتش دل مشعله‌ها
رود از کوی غمت سوی عدم قافله‌ها
دلم از پرتو خورشید رُخَت قندیلی‌ست
کز سر زلف تو آویخته با سلسله‌ها
شرح اسرار خرابات نداند همه کس
هم مگر پیر مغان حل کند این مسئله‌ها
در ره فقر و فنا بی مدد عشق مرو
که کمینگاه حوادث بُوَد این مرحله‌ها
گفت‌‌و‌گوی خرد از حد بگذشت ای ساقی
باده در ده که ندارم سرِ این مشغله‌ها
ساعتی گوش رضا سوی منِ دلشده نه
کامشب از دست تو هم پیش تو دارم گله‌ها
واقف از سِرّ خرابات جز آن مست نشد
که به میخانه برآورد چو جامی چله‌ها
تا بر ورق گل زدی از مشک رقم‌ها
در وصف تو بشکست سر جمله قلم‌ها
هرگز دل من بی‌تو جدا از المی نیست
ای قاعده لطف تو تسکین الم‌ها
در لشکر عشق تو اسیران همه گردند
وز آتش دل‌هاست در آن گرد علم‌ها
نوعی دگر آمد ز کرم هر ستم تو
با خسته‌دلان می‌کنی انواع کرم‌ها
زین پیش غم جمله بتان بر دل من بود
آزاد شدم با غم تو از همه غم‌ها
تیغ ستمت گونه ز خون دگران یافت
بر عاشق خود تا کی ازینگونه ستم‌ها
صاحب‌نظران روی نهادند به جامی
زان روز که در راه تو شد خاک قدم‌ها
ای برده رخت رونق گل‌ها و سمن‌ها
دارد دهن تنگ تو در غنچه سخن‌ها
گر سرو نه با قد تو ماند نتوان برد
چون آب به زنجیر مرا سوی چمن‌ها
صحرای عدم لاله‌ستان شد چو شهیدان
با داغ تو رفتند به خون غرقه کفن‌ها
گفته‌ست به هر غنچه صبا وصف دهانت
مانده‌ست ز حیرت همه را باز دهن‌ها
مشکل که بود روی خلاصی دل ما را
از زلف تو با این همه خم‌ها و شکن‌ها
با لذت آوارگی وادی عشقت
غربت‌زدگان را نشود میل وطن‌ها
چون خامه به وصف خط تو خشک فرو ماند
جامی که شد انگشت‌نما در همه فن‌ها
ای غمت تخم شادمانی ها
وصل تو اصل کامرانی ها
کرده ام گم به کوی عشق دلی
بر وی از داغ تو نشانی ها
می روم کوههای غم بر دل
از درت می برم گرانی ها
به هوای قد تو از سر سرو
کرده مرغان بلندخوانی ها
نکته جویان عشق را شرط است
ساده بودن ز نکته دانی ها
بقعه خیر ماست گوشه دیر
لیس فی الکائنات ثانیها
عیش جامی در او مدام خوش است
طیب الله عیش بانیها"
jami,jami,jami,"
به کعبه گر ننمایی جمال خود ما را
ز خون دیده کنم لعل ریگ بطحا را
به دور حسن تو از مهره وفا پرداخت
مشعبد قدر این حقه های مینا را
ز شوق طوق سگان در تو گردانند
مسبحان فلک سبحه ثریا را
به ترک عشرت امروز چون کنم که کسی
ضمان نمی شود از من حیات فردا را
مریض آن لبم ای ناله چون رسی به فلک
بپرس شرح مداوای من مسیحا را
کناره کن ز جهان تا رسی به مامن عشق
به کوه قاف طلب آشیان عنقا را
حریم میکده جامی مقام پاکان است
داغ زرق بشو خرقه مصلا را
شد سحر قاید اقبال من شیدا را
آتش انس من جانب طور نارا
ای خوش آن آتش رخشنده کز آیینه صبح
می برد شعله آن رنگ شب یلدا را
گر نیابم ز سر کوی تو در کعبه نشان
از مژه دجله بغداد کنم بطحا را
نکهت عنبر سارا همه عالم بگرفت
تا صبا شانه زد آن طره عنبرسا را
طوطی ناطقه را قوت حدیث لب توست
به حدیثی بگشا آن لب شکرخا را
بس که رفتند شهیدان غمت سوی عدم
لاله ها غرقه به خون می دمد آن صحرا را
جامی از عرض سخن چیست ندانم غرضت
چون درین عهد کسی کم خرد این کالا را
سیمین ذقنا سنگدلا لاله عذارا
خوش کن به نگاهی دل غم پرور ما را
این قالب فرسوده گر از کوی تو دور است
القلب علی بابک لیلا و نهارا
آزرده مبادا که شود آن تن نازک
از بهر خدا چست مکن بند قبا را
من چون گذرم از سر کوی تو کز آنجا
یارای گذشتن نبود باد صبا را
خوش آنکه ز می مست شوی بی خبر افتی
پنهان ز تو من بوسه زنم آن کف پا را
گر هست چو مجمر نفسم گرم عجب نیست
اذ حبک قد اوقد فی قلبی نارا
جامی نکند جز هوس بزم تو لیکن
در حضرت سلطان که دهد بار گدا را
خدای خیر دهاد آن جوان رعنا را
که وارهانید به پیرانه سر ز ما ما را
کرشمه های غزالان مست می بخشد
فراغت از دو جهان عاشقان شیدا را
چه سود پند کسان چون نمی برد ز دلم
هوای قد دلارای و روی زیبا را
شرار سینه مجنون ز آتش لیلی
کباب ساخته همه آهوان صحرا را
سجود خاک درت بردنم تمنا بود
به خاک می برم امروز این تمنا را
به دیده سوی تو آیم که از سر پاکان
به رهگذار تو جا نیست بر زمین پا را
هلاک جامی دلخسته خواست آن کآراست
به شکل و شیوه سواران سرو بالا را
زلف تو بر مه پریشان کرده مشک ناب را
شاخ شاخ افکنده بر گل سنبل سیراب را
از در مسجد درآ با آن دو ابروی و ببین
پشت سوی قبله رو در روی خود محراب را
پسته را تا زان دهان و لب رساند دل به کام
دل به تنگ آمد ازین معنی اولوالالباب را
باد شبها خاک پایت زیر سر خوابم حرام
گر ندانم دولت بیدار خود این خواب را
نیست از قتل محبان غمزه ات هرگز ملول
کی ملالت خیزد از خون ریختن قصاب را
در نمی آید دلم را راحتی از هیچ باب
بر وی از پیکان دری بگشای فتح الباب را
نیست دلکشتر سرودی جامی از نظم خوشت
وقت خوش می کن بدین دلکش سرود احباب را
من نه تنها خواهم این خوبان شهرآشوب را
کیست در شهر آن که خواهان نیست روی خوب را
دیر می جنبد بشیر ای باد بر کنعان گذر
مژده پیراهن یوسف ببر یعقوب را
دل نهادم بر جفا تا دیدم آن قد بلند
بر درخت آن به که بیند مرد عاقل چوب را
گو مکن درد دل من کاتب اندر نامه درج
طاقت این بار نبود حامل مکتوب را
چون صف دلها شکستی زین مکن رخش جفا
شرط نبود رفتن از پی لشکر مغلوب را
خواب ناید چشم تر را بی تو شبها اغلبی
گر چه باشد خواب غالب مردم مرطوب را
دی به خاک پاش با صد ذوق می سودم مژه
گفت جامی گرد شد آهسته زن جاروب را
شد خاک قدم طوبی آن سرو سهی قد را
مااعظمه شانا ما ارفعه قدرا
ای پیکر روحانی از زلف بنه دامی
در قید تعلق کش ارواح مجرد را
من نقش خطت بستم روزی که قلم با خود
می زد رقم هستی این لوح زبرجد را
مپسند ز قتل من آزار بر آن ساعد
یک تیغ زن از غمزه خون ریز چو من صد را
من زنده و تو خیزی خون دگران ریزی
هر لحظه ازین غصه خواهم بکشم خود را
دردت ز ازل آید تا روز ابد پاید
چون شکر گذارد کس این دولت سرمد را
در وصف خطت نو کرد آیین سخن جامی
ذوقی دگر است آری اشعار مجدد را"
jami,jami,jami,"
پیر ما بگذاشت آخر شیوه زهاد را
ساخت فرش میکده سجاده ارشاد را
خورده ام پیش از نماز صبح می بهر خدا
ای امام امروز با مطرب گذار اوراد را
چنگ استادی ست درس عشق گو مطرب کجاست
تا زمانی بر سر درس آرد این استاد را
صوفی دریوزه گر از بزم جمع دجله کش
گر رود غم نیست یک زنبیل کم بغداد را
اعتماد مفلس میخانه بر فیض خم است
نیست زادی چون توکل حاجی بی زاد را
از دم نی گرم کی گردد دل سخت فقیه
گر چه سازد فی المثل نرم این فسون پولاد را
جامیا خشت از سر خم گیر و گل از لای می
گر عمارت خواهی این دیر خراب آباد را
عشق باید کز دو عالم فرد سازد مرد را
درد این معنی نباشد مردم بی درد را
وعده غم می دهد یار و نداند این قدر
کین نوید عشق باشد جان غم پرورد را
هر کجا گردد ز رویش حسن را هنگامه گرم
گرد گشتن کی رسد خورشید عالم گرد را
بی خود افتادم چو خوردم شربت هجران بلی
جز چنان خوابی کجا لایق بود این خورد را
گر چه گشتم خاک راه او بحمدالله که باد
از سر راهش سوی دیگر نبرد این گرد را
لاله نیمی سرخ و نیمی زرد روید از گلم
چون برم در خاک اشک سرخ و رنگ زرد را
برد جامی را به کویش سیل اشک اما چه قدر
در چنان بستانی این خاشاک آب آورد را
یارب انصافی بده آن شیخ دعوی دار را
تا به خواری ننگرد رندان دردی خوار را
شرع را آزار اهل دل تصور کرده است
زان گرفته پیشه خود شیوه آزار را
طبع بر گنج حقیقت قفل و شرع آمد کلید
تا دهد زان گنج بیرون گوهر اسرار را
هر که جنباند کلید شرع را بر وفق طبع
طبع نگشاید به رویش جز در ادبار را
منکر اهل طریقت را ز عرفان بهره نیست
نیست جز جهل جبلی موجب انکار را
سر وحدت منطق الطیر است جامی لب ببند
جز سلمیانی نشاید فهم این گفتار را
بوی عشق از گفته عطار عالم را گرفت
خواجه مزکوم است ازان منکر بود عطار را
چند بوسم دست و پا پیک دیار یار را
فرخ آن ساعت که یابم دولت دیدار را
یار اگر طعن فرامش کاریم زد باک نیست
زانکه با یادش فرامش کرده ام اغیار را
خواندمی طومار غم بی او ولی چون شد مرا
نامه اش تعویذ جان طی کردم آن طومار را
دیده ام آزار ازان رخ دور می خواهم دلم
تا دهد بیرون به شرح دوری آن آزار را
لیک نازک باشد آن خاطر ندانم چون کنم
درج در گفتار کم درد دل بسیار را
بنده جامی و دعای او که برناید ز دست
خدمتی زین به دعاگویان خدمتکار را
چون مراد نامرادان آمد آن همواره باد
بر مراد او مدار این گنبد دوار را
کیست کز عشاق پیغامی رساند یار را
وز فراموشان دهد یاد آن فرامش کار را
شد دلم آزرده زخم غم هجران کجاست
مرهم وصلی که از دل چیند آن آزار را
ز اشک خونین سرخرویی هاست پیش مردمم
حق گزاری چون کنم این دیده خونبار را
خون ازان گریم ز هجر او که در خون غرقه به
دیده کو لایق نباشد دولت دیدار را
پار گفت آن مه برایم با تو خوش سال دگر
شد چنان امسال کاندر خواب جویم پار را
بهر خود نام سگ آن در نخواهم عاریت
چون پسندم بر شعار دولتش این عار را
سر به بالین جدایی دید جامی را طبیب
گفت جز مردن علاجی نیست این بیمار را
بخرام و باز جلوه ده آن سرو ناز را
پامال خویش کن سر اهل نیاز را
بگذار یک نظاره در آن رو که اهل دل
گیرند کیمیا نظر پاکباز را
خوش آنکه تو نشینی و من پیش روی تو
سازم بهانه بهر سجودی نماز را
حسن تو را ز عشق من آوازه شد بلند
محمود ساخت شهره عالم ایاز را
از شرح سوز درد من ای جان گداختی
پیش که گویم این الم جانگداز را
جولان مده سمند و مبر عقل و دین ز ما
بگذار شهسوار من این ترکتاز را
جامی گرفت خاطر آن مه ز شرح هجر
کوته کن این فسانه دور و دراز را
برکش ای صوفی ز سر این خرقه سالوس را
جام می بستان و بشکن شیشه ناموس را
کاسه می خور که خواهد کاسه سر خاک خورد
بود نقش کاسه زر این سخن کاووس را
حسن رعنایان ز جعد عنبرافشان جلوه یافت
زیب و فر آری ز پر خود بود طاووس را
رنج بی حاصل مبین در نبض عاشق ای طبیب
نیست دستی بر مریض عشق جالینوس را
چند تابد مه فراز چرخ بنما روی خویش
برفروز از نو چراغی این کهن فانوس را
صیت عشقت کی نهان ماند که ما سوداییان
بر سر بازار رسوایی زدیم این کوس را
دستبوس دوست جامی برنمی آید ز دست
پای در راه طلب نه دولت پابوس را"
jami,jami,jami,"
من که جا کردم به دل آن کافر بدکیش را
گوش کردن کی توانم قول نیک اندیش را
ناصحا سودای بدخویی چنین می داردم
ورنه کس هرگز چنین رسوا نخواهد خویش را
رسم دلجویی ندارد یارب آن سلطان حسن
یا نمی گوید کسی حال من درویش را
کیش پر تیر جفا دارد به کین بیدلان
از کدام استاد سنگین دل گرفت این کیش را
درد تو بیش از حد و غم های تو از درد بیش
با که گویم یارب این غمهای بیش از بیش را
دل فگار توست کار او میفکن با طبیب
زانکه جز داغ تو نبود سودمند این ریش را
سینه جامی که شد ریش از تو نتوان نیش زد
زانکه آه سوزناکش می گدازد نیش را
هر دم افروزی چو گل رخسار آتشناک را
شعله در خرمن زنی مشتی خس و خاشاک را
عقل را روشن شود ماهیت حسنت اگر
پرده حیرت نبندد دیده ادراک را
جان پاک است آن نه تن در زیر پیراهن تو را
صد هزاران آفرین جان آفرین پاک را
کمترین صید توام پیش سگان خود فکن
گر نیم لایق که آلایی به من فتراک را
جامه جان چاک شد تاری ز پیراهن ببخش
کز چنان رشته توان پیوند کرد این چاک را
دامن خرگه برافکن ای مه خرگه نشین
ورنه خواهد سوخت آهم خیمه افلاک را
خاک شد بر رهگذارت جامی و هرگز نیافت
آن شرف کز سایه سرو تو باشد خاک را
مطرب امشب ساز کن با ناله من چنگ را
آتشی دیگر فروز این سوزناک آهنگ را
بس که نالیدم ز درد دوری آن سنگدل
دل به درد آمد ز آه و ناله من سنگ را
دورم از یار و نیارم سوی او رفتن که اشک
ساخت دریا گرد من فرسنگ در فرسنگ را
رازم آخر فاش خواهد شد چه سان پوشم ز خلق
چهره زرد و سرشک ارغوانی رنگ را
هست آسیب تنت آزار جان بیدلان
اندکی آهسته تر بند آن قبای تنگ را
بهر تیرت جنگ دارد جان به دل لطفی نمای
تیر دیگر سوی جان انداز و بنشان جنگ را
جامیا طغرای دولت خواهی از سلطان عشق
خط رسوایی بکش منشور نام و ننگ را
من که خدمت کرده ام رندان درد آشام را
کی شمارم پخته وضع زاهدان خام را
تا شدم فارغ به استغنای عشق از هر مراد
بر مراد خویش یابم گردش ایام را
رند و صوفی عارف و عامی مخوانیدم که من
گم شدم در شاهد و می برنتابم نام را
شیخ شهرتجوی رعنا را تماشا کن که چون
در لباس خاص ظاهر شد فریب عام را
می کشد دامی پی صید مگس چون عنکبوت
شاهبازی کو که از هم بردرد این دام را
محتسب در منع می از حد تجاوز می کند
می برد زین فعل منکر رونق اسلام را
هر کس از قسام فطرت قسمت خود یافتند
زهدورزان جامه سالوس و جامی جام را
می فزایی خط مشکین عارض چون سیم را
می کشی بر صفحه امید حرف بیم را
روی تو در احسن التقویم اگر دیدی حکیم
کی نهادی ز آفتاب و مه رقم تقویم را
کشور خوبی مسلم شد تو را در گوش کش
حلقه خدمت سرافرازان هفت اقلیم را
عاشقان را خاک پای خود کنی هر دم خطاب
با فرودستان ز حد بیرون مبر تعظیم را
گر حسود از فتنه آتش زد جهان را باک نیست
آتش نمرود گلزار آمد ابراهیم را
حکمت آموز دل پاکت سروش غیب بس
گو معلم برشکن هنگامه تعلیم را
تیغ می رانی که جامی نقد جان تسلیم کن
هر چه فرمایی به جان استاده ام تسلیم را
رحمی بده خدایا آن سنگدل جوان را
یا طاقتی و صبری این پیر ناتوان را
بختم جوان و عقلم پیر است لیک عشقش
آورده زیر فرمان هم پیر و هم جوان را
گر زرد شد گیاهی در خشکسال هجران
پژمردگی مبادا آن تازه ارغوان را
خون می رود ز چشمم آن بخت کو که بینم
سروی نشسته بر لب این چشمه روان را
زاهد به کنج محراب آورده روی طاعت
عاشق گرفته قبله آن طاق ابروان را
محمل مبند امروز ای ساربان جانان
کز آب چشم ما شد ره بسته کاروان را
جامی ز عشق خوبان گر گفت توبه کردم
این نکته بشنو از من زنهار مشنو آن را
گذشت از حد خروش و گریه ابر نوبهاران را
کجا دانست یارب درد و داغ دل فگاران را
مبار ای ابر روز گشت آن چابک سوار آخر
که دیده بر ره است از دیرباز امیدواران را
ازین عشق جگرخواره چه دارم چشم بهبودی
که بر داده به باد نیستی چون من هزاران را
ز جام نیم خورد او کجا یک جرعه تا بینی
چو عهد من شکسته توبه پرهیزگاران را
چنین کز باده عشرت به خواب مستی شبها
چه دانی محنت بی خوابی شب زنده داران را
سزد کز بی کسی چون من عنان دوستی پیچد
بتی کو بسته فتراک بیند شهریاران را
سمند ناز جولان ده به ره گو کشته شو جامی
اگر ضایع شود موری چه نقصان شهسواران را"
jami,jami,jami,"
معلم گو مده تعلیم بیداد آن پریرو را
که جز خوی نکو لایق نباشد روی نیکو را
مرا چشم نکویی بود ازان بدخو چه دانستم
که خواهد گوش کردن در حق من قول بدگو را
رقیبا چون به ره می بینم افتاده رحمی کن
یکی زین سو خرامان بگذران آن سرو دلجو را
اگر پای سگی می بوسم ای ناصح مکن عیبم
که من روزی به کوی آشنایی دیده ام او را
به جای هر سر مو بر تن من باد صد نشتر
اگر خواهم ز درد دوست خالی یک سر مو را
نیفتادی میان خاک و خون هر دم اگر بودی
به راهش روی افتادن رشک بی ره و رو را
چنین آشفته و رسوا به کوی او مرو جامی
مبادا کز تو عار آید سگان آن سر کو را
گوشه برقع فتاد از طرف رخ آن ماه را
کشف شد نور تجلی عارف آگاه را
مایل طوبی نیاید سایه سرو قدت
منصب عالی چه لایق همت کوتاه را
در دعا جز دولت وصلت نمی خواهد دلم
یاد کن روزی دعاگویان دولت خواه را
شد کمان قامتم را رشته های اشک زه
تا گشایم بهر صید وصل تیر آه را
بار هجران تو کوه است این تن لاغر چو کاه
طاقت کوهی چنان تا کی بود این کاه را
راه در بند است با کوی تو رو چون آورم
گرنه لطفت بر من بیدل گشاید راه را
کوس خاقانی زند جامی در اقلیم سخن
گر فتد نظمش قبول طبع شروانشاه را
ای مه خرگه نشین از رخ برافکن پرده ا
شاد کن آخر گهی دلهای غم پرورده را
گر به گورستان مشتاقان سواره بگذری
جان دمد در تن صدای سم اسبت مرده را
جان به لب آوردیم لب بر لبم نه یک نفس
تا به تو بسپارم این جان به لب آورده را
گر به خون غلطم چه باک او را که طفل خوردسال
رقص داند اضطراب مرغ بسمل کرده را
شربت هجران چشیدم فکر جان کندن چه سود
چون امید زیست باشد زهر قاتل خورده را
بی طلب نتوان وصالت یافت آری کی دهد
دولت حج دست جز رنج بیابان برده را
نیست وقت توبه جامی خیز تا بر یاد دوست
جام می گیریم رغم زاهد افسرده را
رخنه کردی دل به قصد جان من دیوانه را
دزد آری بهر کالا می شکافد خانه را
تخم مهر خال او در دل میفکن ای رقیب
بیش ازین ضایع مکن در سنگ خارا دانه را
خیز گو مشاطه کاندر زلف مشکینت نماند
بس که دلها شد گره راه گذشتن شانه را
می کنم سینه به ناخن کرده رو در کوی تو
می گشایم روزنی سوی تو این ویرانه را
عاقبت خواهم ز تو بیگانه گشتن چون کنم
ز آشنا پیش تو قدر افزون بود بیگانه را
عشق یکرنگی تقاضا می کند وین روشن است
ورنه شمع آتش چرا زد همچو خود پروانه را
جامی از خود رفت زان بت قصه کم گوی ای رفیق
مستمع در خواب شد کوتاه کن افسانه را
دو هفته شد که ندیدم مه دو هفته خود را
کجا روم به که گویم غم نهفته خود را
درآ ز خواب خوش ای بخت بد مگر بگشایم
به روی همچو مهش چشم شب نخفته خود را
خدای را مکن ای باغبان مضایقه چندان
که یک نظاره کنم باغ نوشکفته خود را
رمید دل ز من از زلف دام نه که نخواهم
به جز شکار تو مرغ هوا گرفته خود را
ز هر چه غیر تو خالی ست دل بیا و بیار
حریم منزل از گرد غیر رفته خود را
مریز اشک من ای چشم خون گرفته که خواهم
کنم نثار رهش این در نسفته خود را
همین بس است به او نامه جامیا که نویسی
به خون دل سویش این دردناک گفته خود را
منم ز جان شده بنده مه یگانه خود را
که ساخت جلوه گه ناز بنده خانه خود را
قدم به خانه ام آن سرو تا نهاده به هر دم
هزار بوسه زنم خاک آستانه خود را
نداد دست جز اینم که ریختم ز دو دیده
به پای او گهر اشک دانه دانه خود را
کبوتر حرم او به شاخ سدره و طوبی
نمی دهد خس و خاشاک آشیانه خود را
گرفت قصه دردم درازی از غم هجران
کجاست یار که کوته کنم فسانه خود را
بهانه سازم و سویش روم ولی چو بپرسد
چه کار آمده ای گم کنم بهانه خود را
چو پیش یار نگفتند شرح عشق تو جامی
رسان به عرض وی این شعر عاشقانه خود را"
jami,jami,jami,"
بام برآی و جلوه ده ماه تمام خویش را
مطلع آفتاب کن گوشه بام خویش را
با همه می رسد غمت قسمت بنده هم بده
خاص به دیگران مکن رحمت عام خویش را
پخت ز تف غم دلم خام هنوز کار من
پیش تو عرضه می کنم پخته و خام خویش را
شد به غلامی درت صرف جوانیم همه
بهر خدای تفقدی پیر غلام خویش را
بر تو سلام می کنم گر چه فرود یافتم
با شرف جواب تو قدر سلام خویش را
برد متاع هستیش زود به کشور عدم
هر که به دست عشق تو داد زمام خویش را
در ورقی که کرده ام نام سگانت را رقم
زیر ترک نوشته ام از همه نام خویش را
بر من خسته دل مزن طعنه به مهر نیکوان
صید کسی دگر مخوان آهوی دام خویش را
جامی تشنه لب که شد خاک ز شوق لعل تو
باده خور و بر او فشان جرعه جام خویش را
زان همی ریزم سرشک لاله رنگ خویش را
تا ز خون دیگران شویی خدنگ خویش را
می چنین گلبوی و گلرنگ است یا گل پیش تو
شست در آب از خجالت بوی و رنگ خویش را
می گدازم همچو زر در بوته بس کز آه گرم
می فروزم کلبه تاریک و تنگ خویش را
سیم را در سنگ باشد جا تو چون جا کرده ای
در بر سیمین دل سخت چو سنگ خویش را
ساختی قدم چو چنگ آن طره از دستم مکش
بهر تاری بینوا مپسند چنگ خویش را
زود رفت و دیر آمد صبر ای دل یاد کن
آن حریف دیر صلح زود جنگ خویش را
عشق رسوایی ست جامی یا به خوبان دل مده
یا به کلی یک طرف نه نام و ننگ خویش را
گر بدانی قیمت یک تار موی خویش را
کی دهی بر باد زلف مشکبوی خویش را
آمدی با روی از گل تازه تر دوشم به خواب
تازه کردی در دل من آرزوی خویش را
تا نگردد گل ز اشکم زین همه دل کز بتان
می ربایی فرش سنگ انداز کوی خویش را
باغبان در چشم من عکس رخ و زلف تو دید
لاله و سنبل نشاند اطراف جوی خویش را
خاطرم ز آلایش زهد ریایی شد ملول
یک دو کاسه درد خواهم شست و شوی خویش را
ای که گویی خوی ازان بت می توانی باز کرد
رو که من به می شناسم از تو خوی خویش را
می دهم گفتم بهای خاک کویت آبروی
گفت رو جامی نگهدار آبروی خویش را
بس که می آیم به کویت شرم می آید مرا
چون کنم جای دگر خاطر نیاساید مرا
از سر کویت من بی صبر و دل هر جا روم
گر چه باغ خلد باشد دل فرو ناید مرا
هر طرف صد خوبرو در جلوه نازند لیک
از همه نظاره روی تو می باید مرا
وه چه گفتم من که بینم گاه گاهی روی تو
دیگری را خوبرو گفتن نمی شاید مرا
بی خودی من ز عشقت گر چه از حد درگذشت
هر که بیند روی تو معذور فرماید مرا
گر تو را باشد گهی پروای غم فرسودگان
نیست غم گر جان و دل از غم بفرساید مرا
گفته ای جامی کم است از خاک پای ما بسی
زین تفاخر شاید ار سر بر فلک ساید مرا
چه بخت بود که ناگه بر سر رسید مرا
که داد مژده وصل تو هر که دید مرا
رمیده بود دل از هوش و صبر شکر خدا
که آن رمیده به دیدارت آرمید مرا
فتاد مرده تنی بودم از جمال تو دور
به یک نفس لب تو روح دردمید مرا
کشم به دیده بسی منت از نسیم صبا
که کحل دیده ز خاک رهت کشید مرا
گل مراد برآورد در ریاض امید
به دل ز هجر تو خاری که می خلید مرا
همه ولایت عشقم بود به زیر نگین
ز قطره قطره خون کز جگر چکید مرا
ز عشق توبه نه مقدور من بود جامی
خدا چو بهر همین کار آفرید مرا
خوش است ناز تو ای سرو گل عذار مرا
نیاز پرور عشقم به ناز دار مرا
مگو به طرف چمن جلوه ریاحین بین
دلم اسیر تو با دیگران چه کار مرا
ز گشت باغ چه خیزد ز گل چه بگشاید
درون جان ز تو صد گونه خارخار مرا
مگو به هر چه کنم اختیار ده که نماند
به پیش حکم تو یارای اختیار مرا
کمند زلف توام بند می نهد بر پای
وگرنه نه عزم رحیل است ازین دیار مرا
ز جام لعل لبت جرعه ای کرم فرمای
که کشت نرگس مست تو در خمار مرا
به درد غصه و اندوه ازان خوشم جامی
که صاف عیش و طرب نیست خوشگوار مرا"
jami,jami,jami,"
چه سود گریه خون چشم اشکبار مرا
چو نیست هیچ اثر گریه های زار مرا
به رهگذار چو خاکم فتاد هان ای بخت
بدین طرف برسان نازنین سوار مرا
نمی برم ز غم این بار جان برای خدای
خبر برید ز من یار غمگسار مرا
گهی که خاک شوم قالبم به باد دهید
بود که جانب کویش برد غبار مرا
ببین خرابیم از عشق ای که داری یاد
به عهد عافیت آسوده روزگار مرا
به پیش زخم خدنگ تو ذکر مرهم رفت
ز تیر سخت تر آمد دل فگار مرا
میار باده که جامی خمار خود بشکن
که جز شراب لبت نشکند خمار مرا
فروغ روی تو خورشید و مه بس است مرا
جبینت آینه صبحگه بس است مرا
مرا چه حد که شود ابروی تو محرابم
نشان نعل سمندت به ره بس است مرا
چه غم که شاخ امل غنچه مراد نداد
دلم که بسته ز خون ته به ته بس است مرا
حجاب شد سر زلف سیاه پیش رخت
همین علامت بخت سیه بس است مرا
به عشق کهنه که نو شد اگر گنه کارم
خط عذار تو عذر گفته بس است مرا
نگویمت گه و بیگه دلم نگه می دار
گهی ز چشم خوشت یک نگه بس است مرا
کنم به باده چو جامی دلالت صوفی
همین معامله در خانقه بس است مرا
با تو یک دم بخت من همدم نمی سازد مرا
در حریم وصل تو محرم نمی سازد مرا
با غم مهجوری و اندیشه دوری خوشم
خاطر شاد و دل خرم نمی سازد مرا
دیگران را شاد دار ای جان به وصل خود که من
عاشق غمخواره ام جز غم نمی سازد مرا
خواهم اندر عالمی دیگر ز هجرت خانه ساخت
دیگر آب و خاک این عالم نمی سازد مرا
بهر تسکین دل افگار من مسکین طبیب
ساخت صد مرهم ولی مرهم نمی سازد مرا
نیست سوز عشق را جز صبر چیزی سازگار
آزمودم بارها آن هم نمی سازد مرا
هر نفس جامی مدم بر من فسون عافیت
با بلا خو کرده ام این دم نمی سازد مرا
جدایی می کند بنیاد ما را
خدا بستاند از وی داد ما را
مقام ماه ما عالی ست ای هجر
بلند آهنگ کن فریاد ما را
به ما جز عشق آن بدخو نیاموخت
خدا نیکی دهاد استاد ما را
ز خوبان منع ما چند ای برادر
چو دانی خوی مادرزاد ما را
نسیما جانب بستان گذر کن
بگوی آن نازنین شمشاد ما را
که جز پابوس تو اسباب شادی
نباشد خاطر ناشاد ما را
به تشریف قدوم خود زمانی
مشرف کن خراب آباد ما را
مریدی نیست جامی طالب رشد
به می ده خرقه ارشاد ما را
ای با تو ز گل فراغ ما را
گل بی تو به سینه داغ ما را
در باغ گل از تو می برد بوی
بوی تو برد به باغ ما را
دارد شب هجر شعله آه
در عشق تو بر چراغ ما را
گنجی و ز مفلسی خیالت
جا ساخته در دماغ ما را
دل رفت و نشان ز هر که پرسم
سوی تو دهد سراغ ما را
ماییم و صفیر عندلیبان
خوش نیست نفیر زاغ ما را
مشغولی عشق داد جامی
از شغل جهان فراغ ما را
بگشا دری از تیغ جفا سینه ما را
وز سینه برون بر غم دیرینه ما را
چون ناوک دلدوز تو راحت نرساند
هر مرهم راحت که رسد سینه ما را
ماییم و دل صاف چو آیینه چه داری
محروم ز عکس رخت آیینه ما را
تو شاهی و ما عور و گداییم چه نسبت
با اطلس زربفت تو پشمینه ما را
ما را اگر از کینه به پهلو ندهی راه
این بس که به دل جای دهی کینه ما را
گر جلوه کنان بگذری آدینه به مسجد
بتخانه کنی مسجد آدینه ما را
جامی چه کنی گنج هنر عرض چو آن شوخ
قدری ننهد حاصل گنجینه ما را
ای در ابرو گره افکنده چه حال است تو را
گویی از صحبت احباب ملال است تو را
موجب حسن تو تنها نه خط و خال فتاد
عشق ما نیز ز اسباب جمال است تو را
تشنگان را به دمی آب تفقد می کن
ای که منزل به لب آب زلال است تو را
بر دل از غصه مرا رنج و ملالی ست عظیم
تا به هر سفله سر غنج و دلال است تو را
بی تو گشتم چو خیالی و به خاطر نگذشت
هرگز این نکته ات آخر چه خیال است تو را
نیست ره سوی توام جز به پر و بال امید
مشکن این بال و پرم را که وبال است تو را
جامی اندیشه ساحل مکن از لجه عشق
که برون رفتن ازین ورطه محال است تو را"
jami,jami,jami,"
با اسیران نظری نیست تو را
بر غریبان گذری نیست تو را
چون نیاری دگرم پیش نظر
گر نظر با دگری نیست تو را
قول دشمن مشنو در حق من
که ز من دوست تری نیست تو را
سرم از خاک درت دور مکن
گر ز من درد سری نیست تو را
خون دل بر مژه ام بست جگر
چند گویی جگری نیست تو را
در دلت ناله ما را چه اثر
از وفا چون اثری نیست تو را
جامی از عشق بتان عار مدار
غیر ازین خود هنری نیست تو را
گر چه هر روزی ز صد ره کم نمی بینم تو را
خون همی گریم اگر یک دم نمی بینم تو را
هر بنا محکم ز سنگ است ای دلت چون سنگ سخت
چون بنای دوستی محکم نمی بینم تو را
عشق شد در دل مقیم ای عقل درد سر ببر
کاندرین خلوتسرا محرم نمی بینم تو را
بهر قتل عاشقان می دیدمت زین بیش غم
چون به بخت ما رسید آن هم نمی بینم تو را
طینت پاک تو گویی ز آب و خاک دیگر است
جنس آب و خاک این عالم نمی بینم تو را
از خم محراب ابرویش همانا غافلی
ای که هرگز پشت طاعت خم نمی بینم تو را
از تو هر مو بر تن جامی غمی دارد جدا
وز غم او یک سر مو غم نمی بینم تو را
آن که از حلقه زرگوش گران است او را
چه غم از ناله خونین جگران است او را
گو کله برشکن از ناز که در مسند حسن
منصب شاهی زرین کمران است او را
دیده دریاست مرا زان گهر پاک که جای
صدف سینه صاحبنظران است او را
شد مرا حال دگر از غم آن شوخ ولی
نظر لطف به حال دگران است او را
دی گذشت از من بد روز و دگر بازنگشت
وه که خاصیت عمر گذران است او را
خاک شد دیده غمدیده مجنون و هنوز
چشم جان جانب لیلی نگران است او را
پند تلخ پدران در دل جامی نگرفت
زانکه دل در کف شیرین پسران است او را
کیست آن مه که درآمد ز در خلوت ما
که شد از عکس رخش نور همه ظلمت ما
آفتابی ست درخشنده که از طلعت او
رفت بر چرخ برین کوکبه دولت ما
می سرشتیم گل محنت از آب مژه شکر
که برآمد گل راحت ز گل محنت ما
جان ز کف رفت چه سازیم نثار قدمش
گر پس از مرگ خرامد به سر تربت ما
سگ او خواند رقیب از سر خواری ما را
این لقب در دو جهان بس سبب عزت ما
جان فشاندیم به خاک قدمش لیک چه سود
که نیفتاد قبول کرمش خدمت ما
غایب همت ما وصل وی آمد جامی
همتی دار که کاری بکند همت ما
ساقی به جدل حل نشود مسئله ما
می ده که ز حد می گذرد مشغله ما
در راه طلب بادیه کعبه چه باشد
صد بادیه کعبه و یک مرحله ما
این هرزه درایان همه در راه درآیند
گر بانگ درایی رسد از قافله ما
پشمینه سیاه از سبب زلف تو کردیم
در خرقه به زلف تو رسد سلسله ما
زد از دل ما شعله بر اوج فلک آتش
شد نور ده بزم ملک مشعله ما
ما را گله از خوی تو این ست که هر چند
کردیم گله گوش نکردی گله ما
جامی مطلب دولت وصلش که برون است
تحصیل چنین منزلت از حوصله ما
ای مهر تو از صبح ازل هم نفس ما
کوتاه ز دامان تو دست هوس ما
ما قافله کعبه عشقیم که رفته ست
سرتاسر آفاق صدای جرس ما
آن بلبل مستیم که دور از گل رویت
این گلشن نیلوفری آمد قفس ما
از دود دل ما حذر ای شعله شوقت
آتش زده در خرمن خاشاک و خس ما
خواهیم به یک جرعه می از خویش خلاص
از پیر مغان نیست جز این ملتمس ما
در پای خم آلوده لب از می چو بیفتیم
رانند ملایک به پر خود مگس ما
جامی به درت جان به کف دست رسیده است
یعنی که همین تحفه بود دسترس ما
کار ما جز فکر مردن نیست دور از یار ما
وه که یار ما ندارد هیچ فکر کار ما
روی در دیوار غم شبها به سر بردن چه سود
گرنه آن مه بر زند یک شب سر از دیوار ما
چند خود را پیش ما قیمت نهی ای پارسا
خودفروشی را رواجی نیست در بازار ما
می کند پاک از سرشک سرخ روی ما رقیب
از حسد دیدن نیارد رنگ بر رخسار ما
گر چه شد سرحلقه اهل معرفت را شیخ شهر
سر نمی آرد برون از حلقه زنار ما
گوش کن ، گو  طرّهء دستارِ خُود زاهد ، که شد،
دُرد پالایِ حریفان ، گوشهء دستارِ ما
گفتم از بوی تو شد باد صبا عطار گفت
جامی از انفاس خوش اکنون تویی عطار ما"
jami,jami,jami,"
ساقی بیا که دور فلک شد به کام ما
خورشید را فروغ ده از عکس جام ما
گلگون می درآر به میدان کنون که هست
رخش سپهر و توسن ایام رام ما
آن ترک را به یک دو قدح مست کن چنان
کز گردش زمانه کشد انتقام ما
آورد آب رفته به جو باغ حسن را
سرو بلند قامت طوبی خرام ما
طاووس وار طوطی جان جلوه می کند
از فر این همای که آمد به دام ما
گاهی می شبانه و گه باده صبوح
بنگر وظیفه سحر و ورد شام ما
جامی به وصف آن لب شیرین شکر شکست
خامش مباد طوطی شیرین کلام ما
کاش ویران شود از سیل فنا خانه ما
تا کشد گنج جفا رخت به ویرانه ما
چرخ فیروزه که بینی ز شفق گلگونش
درد آلوده سفالی ست ز خمخانه ما
ما و پیمان می ای زاهد پیمانه شکن
دور باد آفت سنگ تو ز پیمانه ما
طرفه حالی که به یک حرف زبان نگشادیم
قاف تا قاف جهان پر شد از افسانه ما
شیوه زهد به رندان چه فروشیم که نیست
نرخ یک جرعه می سبحه صد دانه ما
سایه رحمتی ای شمع چگل کافتاده ست
بال و پر سوخته در پای تو پروانه ما
جامی این نافه گشایی ز که آموخته ای
که معطر شد از انفاس تو کاشانه ما
هر کجا جلوه کند آن بت چالاک آنجا
خواهم از شوق کنم جامه جان چاک آنجا
مبریدم ز سر راهش اگر میرم زار
بگذارید خدا را که شوم خاک آنجا
مزن آتش به من ای آه در آن کوی مباد
دود خیزد ز سر این خس و خاشاک آنجا
شدم آواره شهری ز گرفتاری دل
که ز خونریز غریبان نبود پاک آنجا
پای جایی که نهد کاش گذارد اول
که به مژگان ز خس و خاک کنم پاک آنجا
دور ازان در گذرانم ز فلک ناوک آه
تا چه سان می گذراند دل غمناک آنجا
جامی از خون خود آلوده مکن صیدگهش
که نبندند چنین صید به فتراک آنجا
طرف باغ و لب جوی و لب جام است اینجا
ساقیا خیز که پرهیز حرام است اینجا
شیخ در صومعه گر مست شد از ذوق سماع
من و میخانه که آن حال مدام است اینجا
لب نهادی به لب جام و ندانم من مست
که لب لعل تو یا باده کدام است اینجا
بسته حلقه زلف تو نه تنها دل ماست
هر کجا مرغ دلی بسته دام است اینجا
می کشی تیغ که سازی دل ما را به دو نیم
تیغ بگذار که یک غمزه تمام است اینجا
پیش ارباب خرد شرح مکن مشکل عشق
نکته خاص مگو مجلس عام است اینجا
جامی از بوی تو شد مست نه می دیده نه جام
بزم عشق است چه جای می و جام است اینجا
صبر از دل و دل از من و من از وطن جدا
سهل است اگر نباشم ازان سیم تن جدا
سازد ز غصه همچو قبا جیب خویش چاک
گر یک زمان فتد ز تنش پیرهن جدا
در بیستون ز ناله من گر صدا فتد
ناله ز درد کوه جدا کوهکن جدا
هر صبحدم ز شوق تو پیش گل و سمن
مرغ چمن جدا کند افغان و من جدا
زارم بکش مگوی کزین آستان برو
مردن بر تو به که ز تو زیستن جدا
زان حالها که پیش من آمد جدا ز تو
اکنون فسانه ای ست به هر انجمن جدا
دانی که چیست جامی ازین آستانه دور
آشفته بلبلی ز حریم چمن جدا
تو را ای نازنین هر سو ز دلها صد سپه بادا
به هر جا بگذری صد جان پاکت خاک ره بادا
همی ترسم شود آزرده آن تن ور نه می گفتم
تو را هر شب درون دیده من خوابگه بادا
ز حکم عقل می بخشد فراغت عشق تو ما را
همیشه عشق تو در کشور دل پادشه بادا
سیه رو خواندیم وان موجب صد سرخرویی شد
سر مویی اگر گویم خطا رویم سیه بادا
طفیل دیگران باشد که یابم لذت تیغت
همیشه خوی تو خونریزی هر بیگنه بادا
کله کج کرده می رانی سمند و خلق می گویند
خدا همواره یار این سوار کج کله بادا
دل جامی که شد بتخانه از مهر بتی چون تو
نه در وی فکر مسجد نه هوای خانقه بادا
برفت عقل و دل و دین و ماند جان تنها
چو آن غریب که ماند ز کاروان تنها
چو خوان درد نهادی خیال را بفرست
که منعمان ننشانند میهمان تنها
حدیث موی میانان چو در میان آید
تو در خیال من آیی ازان میان تنها
ز زلف و خال و خطت چون رهم به حیله عقل
گرفت از همه سو دزد پاسبان تنها
به سان خامه دو بودی زبان من ای کاش
که شرح شوق تو نتوان به یک زبان تنها
چو نی چگونه ننالم که شد ز ناوک تو
هزار روزنه ام در هر استخوان تنها
مرو به خلد برین بی خیال او جامی
که لذتی ندهد گشت بوستان تنها"
jami,jami,jami,"
خال و خط جانفزاست اینها
یا آفت جان ماست اینها
صبر و خرد از دلم چه جویی
در دور تو خود کراست اینها
چشم تو هزار فتنه انگیخت
ای شوخ چه فتنه هاست اینها
از جور و جفای تو ننالم
کز همچو تویی وفاست اینها
نرخ تو دو کون چون نهد عقل
یک موی تو را بهاست اینها
کوی تو ز دود آه پر شد
یا رب ز دل که خاست اینها
گویی که رواست قتل جامی
وانگه نکشی رواست اینها
روحی فداک ای صنم ابطحی لقب
آشوب ترک و شور عجم فتنه عرب
کس نیست در جهان که ز حسنت عجب نماند
ای در کمال حسن عجب تر ز هر عجب
هر کس نیافت جرعه ای از جام وصل تو
زین بزمگاه تشنه جگر رفت و خشک لب
تا زلف تو شب است و رخت آفتاب چاشت
«واللیل والضحی » است مرا ورد روز و شب
کامی ز لب ببخش که عشاق خسته را
صد خارخار در جگر افتاد ازان رطب
رفتن به سر طریق ادب نیست در رهت
ما عاشقیم و مست نیاید ز ما ادب
دل باد منزل غم و سر خاک مقدمت
کین موجب شرف بود آن مایه طرب
مطلوب جامی از طلبم گفته ای که چیست
مطلوب او همین که دهد جان درین طلب
بدا برق بطحاء و الدمع ساکب
زهی عشق مستولی و شوق غالب
خوش آن برق رخشان که از کوی جانان
درخشد چو بر آسمان نجم ثاقب
نگاری که روبند حوران جنت
غبار دیارش به مسکین ذوایب
دلم سوخت از شوق او گر چه دایم
خیال رخش هست با جان مصاحب
ایا حادی العیس بالله شمر
لقطع الفیافی و طی السباسب
ازان منزل خوش وزان ربع دلکش
کزو نیست یک دم دل خسته غایب
مکن حسبة الله ار می توانی
ازین بیش صرف زمام نجایب
سلام من الله مولی العوارف
سلام من الله معطی المواهب
علی روضة حل فیها حبیب
رفیع المعارج سنی المراتب
ملیحی که جمع است در بزم وصلش
فنون مقاصد صنوب مآرب
فصیحی که درج است در درج لعلش
رموز نوادر نکات غرایب
به اقبال درد و غمش رست جامی
ز میل مرادات و نیل مطالب
به گوش مه رسد آواز یاربم هر شب
مهی تو نیز به گوش تو می رسد یارب
ز هجر روی تو روزم شب است وین شب را
پدید نیست به غیر از سرشک من کوکب
رخت به چارده سال این جمال و خوبی یافت
کجا رسد به تو ماه فلک به چارده شب
سرم چه لایق فتراک بستن است این بس
که در رهت شود آزرده سم مرکب
کجاست تاب درشتی چنان لطیفی را
به جان خویش که آهسته بر زبان سوی لب
به نبض جستن من ای طبیب دست میار
که آن تنی که تو دیدی گداخت ز آتش تب
بریز بر سر جامی سفال دردی درد
که نیست در خور او جام صاف عیش و طرب
به مه من که رساند که من دلشده هر شب
ز غم هجر رسانم به فلک ناله یارب
نتوان بوسه زد آن لب کنم اما هوس آن
که ببوسم لب جامی که رسد گاه به آن لب
سر من گر چه نشاید که به فتراک ببندی
چه شود گر بگذاری که نهم بر سم مرکب
چو مرا مذهب و ملت همه شد در سر و کارت
چه زنم لاف ز ملت چه کنم دعوی مذهب
سخن ظلم تو گفتن بر سلطان که تواند
که در آن حضرت عالی چو تو کس نیست مقرب
نه اگر داشت معلم هوس کشتن خلقی
به تو این ناز و کرشمه ز چه آموخت به مکتب
نشود مهر تو از دل به جفاهای پیاپی
نرود سوز تو از جان به دعاهای مجرب
تب هجران تو یارب چه جگرسوز تبی شد
که طبیب ار تو نباشی نبرد جان کس ازین تب
به شراب ار نفروشم سر و دستار چو جامی
نکنم در صف رندان پس ازین دعوی مشرب
چند ای معلم هر روز تا شب
باشد غزالم محبوس مکتب
شد فرش دیبا از سبزه صحرا
ارسله معنا یرتع و یلعب
تعلیم و آداب او را چه حاجت
او خود ز آغاز آمد مؤدب
هر جا خرامد بهر دعایش
خیزد ز جانها فریاد یارب
در دور لعلش منع از شرابم
ای خواجه دور است از لطف مشرب
دی ترک عشقش مذهب گرفتم
چون دیدم آن رخ گشتم ز مذهب
جامی ازان لب همچون صراحی
دارد درونی از خون لبالب"
jami,jami,jami,"
تا نمودی لب و چه غبغب
دل من در چه است و جان بر لب
شب من روز کن ز طلعت خویش
ای شده روز من ز زلف تو شب
پیش تو آفتاب ناپیداست
روز روشن نهان بود کوکب
رنجه شد خاطرت ز یارب من
من دلخسته چون کنم یارب
پیش لعل تو بر لب جام
لب نهم بین کمال حسن طلب
فال نیکو گرفت هر که بدید
همچو مصحف رخ تو در مکتب
کلک جامی کشید خوان سخن
زد صریرش صلای من یرغب
آفتاب حسن طالع شد چو افکندی نقاب
حسن طالع بین که دیدم آن رخ چون آفتاب
در خیال خط مشکین تو با عارض به هم
دمبدم چشم تر ما می زند نقشی بر آب
خاک آن در زیر سر شبها غنودن دولتی ست
عمر بگذشت و ندیدم هرگز این دولت به خواب
می کند هر دم دل بیهوشم آن لب ها هوس
مست رفت از دست و دارد همچنان ذوق شراب
داغ دل را آه های آتشین باشد نشان
دود روزن می دهد آگاهی از سوز کباب
من که در میخانه با دردی کشان هم خانه ام
خانه ام خواهد شد آخر در سر می چون حباب
گفته جامی نگیرد چون زر خالص رواج
جز به اکسیر قبول طبع شاه کامیاب
هر کجا زد خیمه چون ماه سپهر آن آفتاب
بیدلان از رشته جان ساختند آن را طناب
بس که در هر منزلی آید ز چشمم سیل خون
خیمه ها در دیده مردم نماید چون حباب
تا نشانم گرد راهش هر طرف تابد عنان
پیش پیش خیل او پاشم ز ابر دیده آب
او دهد جولان سمند و من در آن غم کز چه رو
دست او گیرد عنان یا پای او بوسد رکاب
بیش ازین گو آفتاب آن عارض نازک مسوز
ورنه آهی برکشم از دل که سوزد آفتاب
ز آفتاب آن رخ چه سان پوشد کسی کز نازکی
تاب می نارد که بر وی سایه اندازد نقاب
جامی از غم مرد چون تاخیر قتلش کرد یار
آه کز بخت وی این تاخیر شد عین شتاب
ای روی تو اختر جهان تاب
شد تیره شبم ز هجر دریاب
من تاب نیارم از تو توبه
من تاب من الحبیب ما طاب
عمری ست که بر در توام من
یک بار بپرس من علی الباب
خواب اجل از تو غایبم برد
من غاب کما یقال قد خاب
چون چشم تو خوابناک مستی
صاحبنظران ندیده در خواب
زاهد به خیال آن دو ابرو
سربرده فرو به کنج محراب
در وصف رخت ز نظم جامی
از بس که تر است می چکد آب
ای تو را قد خوب و ابرو خوب و زلف و چهره خوب
بر زبان اهل دل نام تو محبوب القلوب
با لب نوشین تو زد لاف شیرینی نبات
مصریان از شهر خود کردند بیرونش به چوب
با تو هر کس را هوای دولت هم خانگی ست
خانه را اول ز گرد هستی خود گو بروب
با دهانت در میان دارد دلم سری نهان
لیس یدری سر قلبی غیر علام الغیوب
گفت با مجنون کسی کای در گناه عشق غرق
تب الی مولی جمیل العفو غفار الذنوب
گفت مجنون کز هوای عشق لیلی می کنم
توبه اما من هوی لیلی فانی لا اتوب
جامی امشب دوستان در رقص عشقند و سماع
رغم زاهد را تو هم دستی بزن پایی بکوب
هر صبح کآفتاب رخت سر زند ز جیب
گر من چو صبح چاک زنم جیب جان چه عیب
چون گشت ساقی آن لب میگون چه جای طعن
گر طیلسان زهد به صهبا دهد صهیب
پیران سرم هوای جوانی ز ره فکند
آنجا که حکم عشق چه جای شباب و شیب
بر ما رقم به عشق زد آن دم که ساز کرد
اسباب جلوه شاهد خلوت سرای غیب
اشک من از عقیق یمن می دهد نشان
مذ خیمة سعاد علی ایمن العذیب
سیراب کن ز بحر یقین جان تشنه را
زین بیش خشک لب منشین بر سراب ریب
جامی درون خرقه خود یافت دوست را
زان رو کشید پای به دامان و سر به جیب
چون نصیب ما نشد وصل حبیب
ما و درد بی نصیبی یا نصیب
درد دوری زان در از من پرس و بس
محنت غربت نداند جز غریب
گر چه از نزدیک خوب است آن دو رخ
دور بهتر باشد از چشم رقیب
کی توان سودای عاشق را علاج
ترک این ماخولیا کن ای طبیب
شحنه را گر درد دین بودی زدی
گردن واعظ به شمشیر خطیب
روی خود بنمایمت گفتی ز دور
کاش بودی این سعادت عن قریب
ناله جامی ز شوقت دور نیست
زانکه تو برگ گلی او عندلیب"
jami,jami,jami,"
می زند مشت به رویم که مبین سوی حبیب
هیچ کس نیست چو من مشتکی از دست رقیب
گر نهد دست به نبض من محرور زند
شعله چون شمع ز تاب تبم انگشت طبیب
هر که را عشق تو آداب خرد بر هم زد
نیست ممکن که مودب شود از پند ادیب
روز آدینه به مقصوره درآ تا خواند
خطبه سلطنت حسن به نام تو خطیب
بر چمن گر گذرد نکهتی از پیرهنت
پر شود دامن و جیب سمن و غنچه ز طیب
هر که با صورت شیرین پسران عشق نباخت
نیست از معنی پیران رهش هیچ نصیب
جامی آن مه به غریبان ننهد گوش مکن
بیش ازین در سخن انگیز خیالات غریب
دردمندم عاجزم بیمار و تنها و غریب
حال خود مشروح گفتم وقت لطف است ای طبیب
هر شفا در حقه غیب است و آن در دست توست
حقه بگشا و کرامت کن شفایی عن قریب
جوشش دریای فضلت نیک و بد را شامل است
گرچه از بد بدترم حاشا که مانم بی نصیب
عاشق بیمار را وصل حبیب آمد علاج
زآستانت چون روم چون هم طبیبی هم حبیب
با تو دستاویز من تنهایی و غربت بس است
با غریبان لطف و رحمت نیست از خویت غریب
عمر شیرین عیش خوش از دولت وصل تو بود
لا بقائی بعده یحلو و لا عیشی یطیب
بنده جامی را به مسکینان این درگاه بخش
استجب هذاالدعا فی شانه یا مستجیب
دلا به طرف چمن جام خوشگوار طلب
حریف سرو قد و یار گل عذار طلب
طفیل صحبت یار است نقل و باده و جام
چو برگ عیش بسازی نخست یار طلب
ز موج حادثه کز اوج آسمان بگذشت
به کشتی می گلگون ره کنار طلب
سخن ز صفوت صوفی و زهد زاهد چند
صفای مشرب رندان درد خوار طلب
فلک به رشته امیدت ار زند گرهی
گشاد ازان گره جعد مشکبار طلب
به هر دیار که روزی گذشت محمل دوست
دل رمیده ما را در آن دیار طلب
ز جام می چو تو را وقت خوش شود جامی
مزید حشمت شاه جم اقتدار طلب
ای در هوای مهر تو ذرات کاینات
واقف نه از کماهی ذات تو هیچ ذات
شد چشم عقل خیره چو در مبداء ازل
حسنت نمود جلوه در آیینه صفات
هر خشتی از کنشت شود کعبه دگر
گر پرتو جمال تو افتد به سومنات
هر جا که تافت پرتو انوار عزتت
عزی ندید عزی و قدری نیافت لات
در بحر کبریای تو آن کس که شد فنا
چون خضر راه برد به سرچشمه حیات
هر کس به کعبه طلبت رو نهد نخست
از کل کاینات کند قطع التفات
جامی ببخش جامی لب تشنه را به لطف
زان باده کز کدورت جهلش دهد نجات
ای آفتاب روی تو عکس فروغ ذات
ظاهر ز زلف و خال و خطت کثرت صفات
زیر نقاب جعد مسلسل رخ تو کرد
شرح بطون ذات و ظهور تعینات
چشمت به عشوه لب به شکرخنده می کند
تفسیر آیه خلق الموت و الحیات
زان تیغ غمزه می برم از جان و دل امید
درویش را چه چاره ز قطع تعلقات
کردم نماز در خم محراب ابرویت
قرت بنور وجهک عینای فی الصلات
زان خارها که در دل من کشتی از جفا
خواهد گل وفات دمیدن پس از وفات
در دام طره های تو جامی اسیر شد
مشکل که افکند پس ازین دام ترهات
ای صفات تو نهان در تتق وحدت ذات
جلوه گر ذات تو از پرده اسما و صفات
ما گرفتار جهت از تو نشان چون یابیم
ای سراپرده اجلال تو بیرون ز جهات
از ندای تو درافتاد صدایی به حرم
خاست صد نعره لبیک ز اهل عرفات
مشرب زهد کجا چاشنی عشق کجا
آن یکی ملح اجاج آمد و این عذب فرات
ما نداریم مشامی که توانیم شنید
ورنه هر دم رسد از گلشن وصلت نفحات
به وفای تو درآمیخت چنان آب و گلم
که دمد بعد وفات از گل من بوی وفات
مرد جامی به سر تربت او بنویسید
هذه روضة من حل به العشق فمات
صلای باده زد پیر خرابات
بیا ساقی که فی التاخیر آفات
من و مستی و ذوق می پرستی
چه کار آید مرا کشف و کرامات
می و نقل است ورد من شب و روز
بنامیزد زهی اوراد و اوقات
سلوک راه عشق از خود رهایی ست
نه قطع منزل و طی مقامات
جهان مرآت حسن شاهد ماست
فشاهد وجهه فی کل ذرات
سعادت خواهی از عادت گذر کن
که ترک عادت است اصل سعادات
مزن بیهوده لاف عشق جامی
فان العاشقین لهم علامات"
jami,jami,jami,"
ای درت کعبه ارباب نجات
قبلتی وجهک فی کل صلات
بر سر کوی تو ناکرده وقوف
حاجیان را چه وقوف از عرفات
رفته آوازه قند تو به مصر
کوزه خود زده بر سنگ نبات
غم عشاق تو آخر نشود
انزل الله علیهم برکات
گر عبارت کند از میم دهانت
آید از چشمه میم آب حیات
می کشی هر طرف آن حلقه زلف
بس کن ای باد صبا زین حرکات
جامی از درد تو جان داد و نگفت
فهو ممن کتم العشق فمات
بر درت جا کنند اهل نجات
رفع الله قدرهم درجات
گر تو خواهی زکات خوبی داد
ما فقیریم و مستحق زکات
هر که دارد وقوف ازین سر کوی
لا یرید الوقوف بالعرفات
تا تو شویی ز می لب چو شکر
آب شد قند و کوزه گشت نبات
خط سبز تو زیر سایه زلف
خضر حام حوله ظلمات
مردم از لعل تو به طالع من
خاصیت بین که داد آب حیات
توبه کردی شراب خور جامی
اتبع السیئات بالحسنات
صد خارم از فراق تو در پای دل شکست
وز گلشن وصال تو نامد گلی به دست
پرواز گاه مرغ دلم شاخ سدره بود
از شوق دانه تو درین دامگه نشست
هر کس که هست جرعه کش جام لعل توست
گر شیخ پارساست و گر رند می پرست
ز اوراق فضل و دفتر دانش دلم گرفت
خواهم نهاد رهن می ناب هر چه هست
وارست می پرست به یک جرعه می ز خود
بیچاره خودپرست که هرگز ز خود نرست
ما ز آستان میکده گشتیم سربلند
یا رب ز موج فتنه مبادش اساس پست
جامی به پای خم چو سبو سر بنه که چرخ
خواهد به سنگ حادثه این کاسه را شکست
گر آن بی وفا عهد یاری شکست
خدا یار او باد هر جا که هست
نه زین شهر بار سفر بست و رفت
که از کوی مهر و وفا رخت بست
میفشان سرشک از مژه دمبدم
که شد خانه تن ازین سیل پست
مزن بر دلم زخم و مرهم بنه
که پیوند نتوان چو شیشه شکست
مکن غمزه تعلیم چشمان شوخ
مده تیغ در دست هندوی مست
ز نوشین لبت سبزه خط دمید
خضر بر لب آب حیوان نشست
مبین لعل میگونش ای پارسا
که جامی ازان جام شد می پرست
گفتمش ای سخت دل عهد تو سست است از نخست
گفت تا کی گوییم در روی چندین سخت و سست
گفتمش در عاشقی ما رند و بی باکیم و مست
گفت در عاشق کشی ما نیز چالاکیم و چست
گفتمش در خاک محنت دانه می پاشم ز اشک
گفت ازین تخم و زمین جز سبزه حسرت نرست
گفتمش عمری ست می جویم ز لعلت کام دل
گفت عاشق نیست آن کز دوست کام خویش جست
گفتمش گل را به باغ این سرخرویی از کجاست
گفت کز خون دل غنچه ز رشکم چهره شست
گفتمش سررشته ای خواهم به کف سویت گشاد
گفت این سررشته گر اهل دلی در دست توست
گفتم از سنگ جفایت خاطر جامی شکست
گفت چون بر شیشه آید سنگ کی ماند درست
پیش ازان روزی که گردون خاک آدم می سرشت
عشق در آب و گلم تخم تمنای تو کشت
پای تا سر جمله لطفی گویی استاد ازل
طینت پاکت نه ز آب و گل ز جان و دل سرشت
روی بنما تا به طاق ابرویت آرند روی
طاعت اندیشان ز مسجد بت پرستان از کنشت
هیچ باور نامدت هر چند چشم خون فشان
بر در و دیوار آن کو شرح شوق ما نوشت
گر نگشتم کشته تو کاش باری بعد مرگ
بهر قبر کشتگانت خاک من سازند خشت
خیز و خونم ریز و فرش لعل گستر زیر پای
چون بساط عمرم آخر چرخ در خواهد نوشت
در بهشت نسیه خلقی بسته دل لیکن به نقد
هر کجا دیدار توست آنست جامی را بهشت
گر بود در خاک پیشم رویم از کوی تو خشت
به که باشد روزنی بر جای آن خشت از بهشت
گیسو اندر پاکشان روزی برون آ تا شود
چون بهشت ای حوروش خاک درت عنبر سرشت
رشته جان است ایوان وصالت را کمند
وه که چرخ تیز گرد این رشته را کوتاه رشت
بت پرستان را ز دل سر برزند نور یقین
گر ز شمع رویت افروزند قندیل کنشت
یافت چشم از نم خلل تا در تو تخم مهر رست
خانه ویران شد ز باران گر چه خرم گشت کشت
بستم آن خط نقش در دل طی کنم طومار عیش
چون نوشتم نامه را ناچار در باید نوشت
نامه شوق است از جامی به جانان این غزل
نام خود اینک به خون دیده در پایان نوشت"
jami,jami,jami,"
عشقت که بود کعبه ارباب سلامت
ریگ حرمش نیست به جز سنگ ملامت
شهری که نه جای تو در او خانه نگیریم
در بادیه کس را نشود عزم اقامت
ذوقی رسد از نامه تو روز فراقم
کز نامه طاعت نرسد روز قیامت
از آتش دل سر به فلک برده علم بین
بر خاک شهید غمت این ست علامت
ناجسته دهد پیر مغان باده به رندان
با معتقدان می کند اظهار کرامت
گر وقت نمازی گذری سوی مؤذن
قد قامت او پست شود زان قد و قامت
هر نقش که جامی نه به سودای خطت بست
شست آن همه چشم ترش از اشک ندامت
بحمدالله که بازم دیده روشن شد به دیدارت
گرفتم قوت جان از حقه لعل شکربارت
غبارآلوده می آیی و چرخ این آرزو دارد
کز آب چشمه خورشید شوید گرد رخسارت
کلاه دلبری کج نه سمند ناز جولان ده
که باشد همت نیکان ز چشم بد نگهدارت
کمند جعد خم در خم گر اینسان افکنی بینم
همه گردنکشان ملک را آخر گرفتارت
چه حاجت پاسان گرد در و بام تو گردیدن
چو روز روشن است از شعله آهم شب تارت
اگر چون آفتابم نیست ره در روزنت این بس
که روزی سایه وار از پا درافتم زیر دیوارت
چو مرغان خزان دیده خمش بود از سخن جامی
ولی در گفت و گو آورد بازش بوی گلزارت
چشم بگشادم پس از هجران به ابروی خوشت
ماه عید وصل نو کردم به روی مهوشت
خط نمودی پرتوی ناتافته زان رخ هنوز
سوختم از دود تو ناگشته گرم از آتشت
یک نهال آرزو در باغ جان ما نشان
گو خدنگی باش کم ای ترک شوخ از ترکشت
یک دوسه بوسه کرم کن چاره درد مرا
نازک است آن لب نمی آزارم از پنج و ششت
لاف دانشمندی ای صاحب عمامه تا به کی
چون خلاف دانش آمد وضع دستار و فشت
در تمنای تو پیوند از همه بگسسته ایم
بعد ازین دست امید ما و جعد دلکشت
هر چه گویی جامی از دل گو نه از وسواس طبع
تا شود خوشوقت اهل دل ز انفاس خوشت
در کنج غم نشستم خورسند باخیالت
خوشوقت آن که بیند هر ساعتی جمالت
این بس که سوزیم جان هر دم به داغ هجران
من کیستم که باشم شایسته وصالت
تیغم به فرق راندی وز فرقتم رهاندی
جان باد دستمزدت تن باد پایمالت
دور از لب تو مردم لب تشنه جان سپردم
هرگز نخورده آبی از چشمه زلالت
بودن به کنج فرقت با صد ملال و حسرت
به زانکه با تو باشم وز من بود ملالت
تیغی بگیر و هر دم زخمی بزن که کردم
هم جان خود فدایت هم خون خود حلالت
جامی خموش کم شو از گفت و گو چو شد نو
ذوق غزل سرایی از شوق آن غزالت
پیش ازان دم که دهم جان من بیدل ز غمت
قدمی نه که شوم خاک به زیر قدمت
رحمتی کن که من تشنه جگر می میرم
چشم بر رشحه آبی ز سحاب کرمت
خوش بران رخش که در جلوه گه حشمت و ناز
پادشاهی تو و خوبان همه خیل و حشمت
چون شوم پیش تو محرم من محروم که نیست
باد را زهره احرام حریم حرمت
هر چه خواهی بکن ای دوست که من می یابم
لذت چاشنی لطف و کرم از ستمت
نامه رحمت جاوید من این بس که مرا
دو سه حرفی رسد از خامه مشکین رقمت
رقمی می کشی از حال دل خود جامی
جای آن دارد اگر خون بچکد از قلمت
گذر فتاد به سر وقت کشتگان غمت
هزار جان گرامی فدای هر قدمت
فکند سرو قدت بر من از کرم سایه
مباد از سر من دور سایه کرمت
به یک نگاه تو رستم ز ننگ هستی خویش
خوش آن که سوی وی افتد نگاه دمبدمت
نیاید از تو ستم ور ستم کنی به مثل
ز رحمت دگران خوشتر آیدم ستمت
کمر به خدمت تو بسته اند کج کلهان
شکست شوکت شاهان ز حشمت حشمت
حریم سدره شده ست آشیان مرغ دلم
هنوز رشک برد بر کبوتر حرمت
به نامه درج مکن شرح شوق خود جامی
مباد شعله زند آتش از نی قلمت
تا کی ز دیر آمدن و زود رفتنت
خون ریزم از دو دیده که خونم به گردنت
جای تو نیست سینه تاریک و تنگ من
تشریف ده که جای کنم چشم روشنت
دارم ز تو به هر سر مویی هزار درد
دردا که نیست یک سر مو رحم بر منت
آهسته ران که می زند آتش به جان من
هر شعله ای که می جهد از نعل توسنت
گو باغبان مخوان به تماشای گل تو را
ناکرده فرش راه ز سوری و سوسنت
می بایدت ز رشته جان جامه بافتن
کز تار و پود پیرهن آزرده شد تنت
دامن کشان به جامی اگر بگذری شود
چون گل ز خون دیده او سرخ دامنت"
jami,jami,jami,"
بوی جان یافتم ز پیرهنت
گویی از جان سرشته شد بدنت
آه اگر نازنین تنت بینم
من که مردم ز بوی پیرهنت
برگ گل گر چه نازک است و لطیف
در لطافت نمی رسد به تنت
میوه های بهشت اگر چه خوش است
از همه به گرفته ام ذقنت
ای خوش آن دم که گوش می کردم
نکته ای از لب شکرشکنت
هرگز از گوش من نخواهد رفت
ذوق آواز و لذت سخنت
داد جامی به تلخکامی جان
هیچ کامی ندیده از دهنت
پیرانه سر کشیدم سر در ره سگانت
موی سفید کردم جاروب آستانت
ای از هلال ابرو بر آفتاب تابان
مشکین کمان کشیده من چون کشم کمانت
کم زن گره میان را بر قصد من که ترسم
تاب گره نیارد از نازکی میانت
لعل تو جان و من هم دارم رمیده جانی
بنشین دمی که بادا جانم فدای جانت
سودم جبین به راهت گفتی مجو زیانم
یارب خدا ببخشد صبری برین زیانت
من کیستم که چینم برگی ز گلبن تو
کاشم خلد به سینه خاری ز بوستانت
یک بوسه وعده کردی لعل لبت ضمان شد
خود لطف کن وگرنه بستانم از ضمانت
خوی پاک کن خدا را از رخ که شست ما را
لوح صبوری از دل رخسار خوی چکانت
دشنامی از زبانت باشد مراد جامی
یا از زبان آن کس کو گوید از زبانت
تو حور جنتی اما ز چشم فتانت
ز بس که خاست بلا عذر خواست رضوانت
سحر به باغ گذشتی گشاد غنچه دهان
که بوسه ای برباید ز لعل خندانت
چو دست طوق تو سازم ز ضعف نشناسند
که هست بازوی من یا زه گریبانت
شد آفریده لبت زان زلال آب حیات
که بر لب آمده است از چه زنخدانت
ز شاخ وصل تو چون برخورم که آن مژه کرد
ز تیرهای بلا خاربست بستانت
مکن ز اشک نیازم به عشوه دامن ناز
که دست شعله آه من است و دامانت
حدیث عشق و غم درد جامی این همه چیست
اگر نه دفتر اعمال ماست دیوانت
ای واضح و الضحی جبینت
واللیل نقاب عنبرینت
طاها ورقی ز داستانت
یاسین علمی بر آستینت
جنت اثری ز فیض مهرت
دوزخ شرری ز تف کینت
اسرار وجود را کماهی
دیده نظر خدای بینت
پیش تو سپهر چون زمین پست
عام همه روی بر زمینت
تو صاحب کان «کنت کنزا»
اعیان رسل قراضه چینت
چون بر تو خدای آفرین گفت
جامی چه سزای آفرینت
صد شاخ گل تازه نشاندم به هوایت
بازآ که یکی زان همه ننشست به جایت
بی نکهت پیراهن تو خرقه زدم چاک
ای غنچه خندان بگشا بند قبایت
مرغی ز دلم گر ز پس مرگ بسازند
جایی نپرد جز به در و بام سرایت
سایم به ته کفش تو رخ بهر تسلی
چون دسترسم نیست که بوسم کف پایت
هر چند به هر روی قفا می خورم از تو
هر جا که روی روی نتابم ز قفایت
هر کس به دعا دفع بلا می کند از خویش
یارب چه بلایی تو که جویم به دعایت
زانسان که گل از خار دمد در دل جامی
گل های وفا می دمد از خار جفایت
مرا چو قبله نگردد به عیدگه رویت
ز عیدگه کنم آهنگ کعبه کویت
تو عید خلقی و قربانت آنکه مردم را
کشد به غمزه خون ریز چشم جادویت
اگر چه نیست درین عید رسم مه دیدن
نمی رود ز ضمیرم خیال ابرویت
گذشتم از هوس کعبه و طواف حرم
همین بس است مرا حج که بگذرم سویت
ز تاب هجر تو می سوختم بحمدالله
که سایه بر سرم انداخت سرو دلجویت
به ضبط مملکت دلبری گشادی دست
دعای خسته دلان باد حرز بازویت
برون خرام و مترس از گزند کز هر سو
هزار بنده چو جامی بود دعاگویت
قربان شدن به تیغ جفای تو عید ماست
جان می دهیم بهر چنین عید عمرهاست
آن را که دید شکل خوشت بامداد عید
پروای عید و ذوق تماشای او کجاست
صد جان فدای قد تو کز جویبار حسن
هرگز یکی نهال بدین نازکی نخاست
در دیده خاک پای تو گر زانکه هست حیف
بر ما مگیر کین گنه از جانب صباست
شب داستان هجر فرو ریخت اشک من
لعلش به خنده گفت که باز این چه ماجراست
جامی مدام غنچه صفت تنگدل مباش
کز غم چو لاله بر دلم این داغ ها چراست
تا برفروخته ست رخ آن شمع دلفروز
در هر که بنگری به همین داغ مبتلاست"
jami,jami,jami,"
لاله قدح باده و گل شاهد رعناست
گلبانگ زنان مرغ چمن مطرب گویاست
بخرام سوی باغ که شادی و طرب را
بی سعی تو و من همه اسباب مهیاست
تا گل تتق غنچه ز رخسار گشاده ست
نرگس همه تن چشم شده بهر تماشاست
سبزه کشد از سوزن زنگار گرفته
خاری که شکسته ز دی اندر جگر ماست
بر صورت نرگس بگشا چشم که گویی
پیراهن خورشید عیان عقد ثریاست
یا بر کف سیمین بدنی جام زر است آن
کز هر سویش انگشت چو سیم آمده پیداست
بهر قبسی ز آتش گل شاخ شکوفه
از جیب برون کرده چو موسی ید بیضاست
سرکرده فرو خرقه کبودی ست بنفشه
کز سبزه به زیر قدمش سبز مصلاست
این ابر بهار است که در سایه جودش
پر گوهر در گشته همه دامن صحراست
نی نی غلطم بلکه سراپرده عشرت
شاه از پی بخشش زده بر طارم میناست
جامی که زد از نو رقم این شعر بهاری
از برگ گیاهی چمن مدح شه آراست
عاشق تو شهید تیغ بلاست
سرکوی تو روضة الشهداست
جان پاکان نثار مقدم توست
در رهت جان پاک خاک بهاست
هست از نیست گفت و گوی محال
آن دهان هست لیک نیست نماست
به میانت که سر غیب آمد
نیست دانا کسی خدا داناست
بی تو عشاق را وجودی نیست
ذره بی آفتاب ناپیداست
عاشق تو به کس نگیرد انس
در میان هزار کس تنهاست
نظم جامی ز شوق سرو قدت
وحی نازل ز عالم بالاست
تو را صباحت ترک و فصاحت عرب است
ملاحتی که میان عجم چنان عجب است
صحیفه ای ست وجود تو پر لطیفه حسن
که از اصول صفات کمال منتخب است
مهت پدر شد و خورشید جد تعالی الله
تو را میان بتان این چه رفعت نسب است
کجا رسد به تو کس چون تو را به هر سر موی
هزار خوبی موروث و لطف مکتسب است
تو آن زلال حیاتی که داده جان از شوق
به وادی طلبت صد هزار تشنه لب است
نه ایم با سگ تو در مقام ترک ادب
اگر چه ترک ادب پیش دوستان ادب است
ز شوق لعل تو صد خم و جام را جامی
ز باده ساخت تهی و هنوز در طلب است
این چه رخسار و چه خط وین چه لب است
وین چه چشم خوش و خال عجب است
زیر لب نقطه بود رسم چرا
نقطه خال تو بالای لب است
طلب حسن عنایت ز رخت
بنده را غایت حسن طلب است
شکل بالای تو شیرین نخلی ست
که ز نوشین لبت آن را رطب است
بی تو تنها نه شب ماست سیاه
روز ما بین که سیه تر ز شب است
ناید از بی ادبان شیوه عشق
مذهب عشق سراسر ادب است
سگ این در نه کنون شد جامی
عمرها شد که همینش لقب است
وادی عشق که جز تشنه در او نایاب است
ریگش از خون دل تشنه لبان سیراب است
خواب مرگ است در آن وادی و بیدار دلی
شده در سایه هر خاربنش در خواب است
سربنه یا سر خود گیر که این وادی را
قوت زاغان همه از مغز اولوالالباب است
خارها خم شده بر خار مغیلان گویی
جذب جان را ز تن خسته دلان قلاب است
جمع خواهی دلت اسباب جهان تفرقه کن
تخم جمعیت دل تفرقه اسباب است
صوت ابواب فتوح است صدای نی و چنگ
کو مغنی که دلم طالب فتح الباب است
لب فرو بند ز بیگانه که از دور سماع
دور به هر که نه از دایره اصحاب است
منع جامی مکن از چاشنی شربت عشق
که مگس وار فرو رفته درین جلاب است
ساقی بیا و باده ده اکنون که فرصت است
مطرب بزن ترانه که فرصت غنیمت است
چشمم به روی شاهد و گوشم به بانگ چنگ
ای پندگو برو که نه جای نصیحت است
جان مرا ز مرهم راحت نشان مپرس
کز عاشقی نصیبه او داغ محنت است
پیکان آبدار که آید ز دست دوست
بر عاشقان سوخته باران رحمت است
زان دم که سرفکند بر آن آستان مرا
بر گردنم ز تیغ تو صد بار منت است
هر سفله پی به گنج قناعت کجا برد
این نقد در خزینه ارباب همت است
ز ابنای دهر وقت کسی خوش نمی شود
خوش وقت آن که معتکف کنج عزلت است
جامی به جست و جو نتوان وصل دوست یافت
موقوف وقت باش که این کار دولت است"
jami,jami,jami,"
خطت گرد لب آن مشکین نبات است
که رسته بر لب آب حیات است
به هر کس دارد آن چشم التفاتی
به حال ما چرا بی التفات است
به راه کعبه وصلت دو چشمم
یکی چون دجله وان دیگر فرات است
زکات لب بده ای نامسلمان
که یک رکن از مسلمانی زکات است
به قتل من براتی دارد از مشک
رخت کز وی نه امکان نجات است
لبت آمد نگینی لعل کز خط
سیه کرده پی مهر برات است
ز سعدی نیست تا جامی جز این فرق
که یکسر شعر جامی طیبات است
ابروی خوشت که ماه عید است
انگشت‌ نمای اهل دید است
از روی تو عید عاشقان را
صبحی به مبارکی دمیده‌ست
هر سال یکیست عید روزه
ما را همه روزه از تو عید است
شد عید من از رخت خجسته
زین عید خجسته‌تر که دیده‌ست؟
گفتی ز غمت به جان رسانم
عیدی ز توام همین رسیده‌ست
خیاط زمانه خلعت لطف
بر قامت دلکشت بریده‌ست
بی وعده وصل مژده عید
بر جامی خسته دل وعید است
تارک درویش تارک فارغ از تاج زر است
کمترین ترک از کلاه تارکش ترک سر است
کی مکمل گردد از ترک دو عالم آن کلاه
زانکه ترک دیدن آن ترک ترکی دیگر است
سخره نفس بهیمی را نزیبد تاج فقر
سر که هست افسار را درخور نه جای افسر است
زن بود کز زرد کند زیور برای دست خویش
دست مردان را همین افشاندن زر زیور است
تا نماید رو مریدان را چو خامه راه راست
پیر را از اشک بر رو تارها چون مسطر است
بر امید گنج کاخ عمر خود ویران مکن
کانچه خوانی گنج نامه نقش پشت اژدر است
پیر خواهد نقد عمر گم شده در خاک جست
کز پی غربال کرده قامت خود چنبر است
ذوق بخشد سامعان را آه چون خیزد ز سوز
عود باشد حاضران را دود کان از مجمر است
حرف وحدت را مدار امید جامی چون تو را
روی دل پر خط گوناگون چو پشت دفتر است
منشور دولتی که ز عشقم میسر است
طغرایش آن خطی ست که بر دور ساغر است
با من ز سعد و نحس مزن دم که خط جام
حرز امانم از خطر چرخ و اختر است
بودم به خواب خوش که رسید از حریم دیر
پیری که رشحه قدحش رشک کوثر است
گفت ای پسر دریغ بود نقد زندگی
در دست آن حریف که مرگش برادر است
برخیز و باده خور که تو را خوابگاه عیش
بیرون ز مهد نه پدر و چار مادر است
ساقی بیا که عشوه گیتی ز ره نبرد
آن را که نشئه می لعل تو در سر است
درده زلال خضر که رفت آنکه گفتمی
زهد مرا اساس چو سد سکندر است
جامی مشو فریفته کین چرخ کوژپشت
چون حلقه از نشیمن اقبال بر در است
در ظل او گریز که عنقای همتش
بر باز زر جناح فلک سایه گستر است
یار رفت از دیده لیکن روز و شب در خاطر است
گر به صورت غایب است اما به معنی حاضر است
عاشق اندر ظاهر و باطن نبیند غیر دوست
پیش اهل باطن این معنی که گفتم ظاهر است
در حضور دوست هر جانب نظر کردن خطاست
یک زمان حاضر نشین ای دل که جانان ناظر است
خاطرم خوش نیست هرگز جز به زیر بار عشق
پیش عاشق هر چه جز عشق است بار خاطر است
عاشق درویش تا دانست ذوق صبر و شکر
بر جفاهای تو صابر وز بلاها شاکر است
آن دهان را سر غیب الغیب دان کز شرح آن
هم اشارت مانده عاجز هم عبارت قاصر است
آن پریرو را به افسون سخن تسخیر کرد
زان سبب گویند شاعر نیست جامی ساحر است
بگذر از توبه و تقوی که همه پندار است
در پی مطرب و می باش که کار این کار است
صف زده دردکشان پیش در میکده اند
زاهد صومعه را وقت پس دیوار است
رشته سبحه که از گوهر اخلاص تهی ست
مهره اش گر چه هزار است کم از زنار است
محتسب را که نهد پا ز حد شرع برون
مردم آزار چه گویی که خدا آزار است
جز به تجرید منه پا که درین راه دراز
سوزنی در قدم همت عیسی خار است
هر چه بر فرق تو بار است اگر مرد رهی
بنه از سر که نه مردی به سر و دستار است
دلق و سجاده جامی نه پی زرق و ریاست
هر چه دارد همه بهر گرو خمار است"
jami,jami,jami,"
مرا کار از غم عشق تو زار است
دلم رفته ست و جان نزدیک کار است
اگر از سینه پرسی دردناک است
وگر از دیده گویم اشکبار است
تو گشتی از قرار خویشتن لیک
مرا آن بی قراری برقرار است
به عذر عشق وامق را خطی بس
که عذرا را ز خوبی بر عذار است
مبر گرد از رخ زرد من ای اشک
کزان چابک سوارم یادگار است
درون صد خارخار از محنت هجر
که را پروای گلگشت بهار است
به درد درد و غم خوش باش جامی
که صاف عیش ما را ناگوار است
بیا که روی تو خورشید عالم افروز است
شبم ز روی تو چون روز و روز فیروز است
شد از جمال تو فیروز روز من وان روز
که خواستم شب و روز از خدای امروز است
شبم ز شعله شمع و چراغ مستغنی ست
چنین که مشعله آه من شب افروز است
به تیغ غمزه اگر چاک می کنی جگرم
چه غم چو ناوک مژگان تو جگردوز است
چنین که عشق تو زد راه پیر دانشمند
چه جای طعن جوانان دانش اندوز است
رخی چنین خوش و آنگاه خوی بد حاشا
معلم تو اگر نغلطم بدآموز است
تو مرد عافیتی جامی از بتان بگسل
که عشق شیوه رندان عافیت سوز است
قدم به طرف چمن نه که سبزه نوخیز است
شکوفه در قدم دوستان درم ریز است
مده به باد گرانمایه عمر بی باده
کنون که باده فرحبخش و باد گلبیز است
سرود مجلس تو صوت عندلیب بس است
به بانگ چنگ مخور می که محتسب تیز است
به کف پیاله لعل است لاله را یعنی
پیاله گیر که از می نه وقت پرهیز است
گدای عشق چو گیرد به صدر مصطبه جای
چه جای مسند جمشید و تخت پرویز است
هوای مطرب گلچهره کن که گیسوی چنگ
به دست زهره جبینان عجب دلاویز است
مخور شراب غرور از صفای مشرب عیش
که سیل خیز حوادث کدورت انگیز است
مبین به چشم ترحم به حالم ای خواجه
که رنج و محنت عشاق راحت آمیز است
ز لطف گفته جامی همه خراسان را
فرو گرفت سخن در عراق و تبریز است
باز در بزم غمت نعره نوشانوش است
عقل حیران و خرد واله و جان مدهوش است
نرسد خسته دلان را ز تو جز نیش ستم
گر چه جام لب لعل تو لبالب نوش است
اشک گرمم ز تف خون دل آید در چشم
بس که در آتش شوق تو دلم در جوش است
کسوت خواجگی و خلعت شاهی چه کند
هر که را غاشیه بندگیت بر دوش است
بر سر بستر اندوه دهم جان آخر
چون مرا شاهد مقصود نه در آغوش است
می گذشتی و به خود زمزمه ای می کردی
عمرها شد که مرا لذت آن در گوش است
قصه عشق تو جامی ز کسان چون پوشد
چهره گویاست اگر چند زبان خاموش است
مقیم کوی تو را فسحت حرم تنگ است
ز کعبه تا سر کویت هزار فرسنگ است
دلم ضعیف و ز هر سو ملامتی چه کنم
که شیشه نازک و هر جا که می روم سنگ است
مکن به حلقه ما ذکر رشته تسبیح
که گوش مجلسیان بر بریشم چنگ است
به عرصه چمن و صحن باغ نگشاید
دلی که غنچه وش از هجر گلرخی تنگ است
ز صلح و جنگ کسانم غم تو فارغ ساخت
نه با کسم سر صلح و نه طاقت جنگ است
به قدر آینه حسن تو می نماید روی
دریغ کآینه ما نهفته در زنگ است
مبین دو رنگی رخسار و اشک جامی را
که در طریق محبت همیشه یکرنگ است
در صورت تو سر جمالی که مجمل است
در خط و خال و عارض و زلفت مفصل است
هرگز حدیث زلف تو کوته نمی شود
این گفت و گوی تا به قیامت مسلسل است
حسن تو از تصرف مشاطه فارغ است
مرآت آفتاب چه محتاج صیقل است
کحل بصر ز خاک درت بیدلی کشد
کش چشم دل به کحل بصیرت مکحل است
بهر تو پای بر سر عالم نهاده ایم
وز شاهراه عشق تو این گام اول است
لب بر لبم بنه که سخن مختصر کنم
کافسانه تطاول هجران مطول است
جامی سواد شعر تو کامد زبور عشق
مستغنی از تکلف تذهیب و جدول است
خیال خال لبت تخم مزرع امل است
هوای خط تو ختم صحیفه عمل است
اگر نه رقعه قتل من آرد از تو رسول
رسول قاصد جان رقعه نامه اجل است
زکات آن لب میگون به می پرستان ده
قبول خیر محال است اگر نه در محل است
می شبانه خمار سحر نمی ارزد
خوش آن حریف که مست صبوحی ازل است
به غیر نی که شد از خود تهی نمی بینم
درین زمانه رفیقی که خالی از خلل است
حریف باده گسار و ندیم نکته گزار
صراحی می ناب و سفینه غزل است
به وصف آن گل عارض مدام جامی را
چو غنچه دفتر رنگین نهفته در بغل است"
jami,jami,jami,"
شاهد بستان که چشمش نرگس و رویش گل است
سایه بر برگ گل او کرده شاخ سنبل است
مجمر فیروزه دان هر غنچه را کز گل در آن
آتشی افروخته از بهر داغ بلبل است
کوه و صحرا بس که می خوردند از جام سحاب
لاله ها بر رویشان افتاده زان می گل گل است
بس که از سبزه زمینها سبز شد هر پشته را
چوک کرده بختیی دان کز سقرلاطش جل است
طره شمشاد کش بسته گره دست صبا
آمده بر سر ز خوبان چمن چون کاکل است
تا کند بلبل به بزم گل مکرر قول خویش
از صراحی آن نه قلقل بلکه تکرار قل است
بر سماع شعر جامی بس که در وجدند و حال
در چمن افتاده از غوغای مرغان غلغل است
صبحدم عرض چمن کن که هوا معتدل است
وز نم نیم شبی راه نه گرد و نه گل است
تخته خاک ز بس گل که دمیده ست ز گل
لوح صورت گری خامه زنان چگل است
ابر گو سایه مینداز که گرد لب جوی
سایه نارون و بید به هم متصل است
بسته در شاخ گلی خرم و خندان دل خویش
هر که چون غنچه درین فصل ز ارباب دل است
بر لب کشت چرا سرخ برآمد لاله
گرنه در دور گل از ساغر خالی خجل است
محتسب گر نزند بر خم می سنگ ستم
هر جفایی که کند در حق مستان بحل است
بوستان دلکش و می بیغش و یاران سرخوش
جامی از زهد خود امروز عجب منفعل است
غرض از چاشنی عشق توام درد و غم است
ورنه زیر فلک اسباب تنعم چه کم است
هست بر مایده حسن بسی نعمت و ناز
قوت عاشق ز میان همه رنج و الم است
می زیم شاد دمی با تو دمی با یادت
حاصل عمر گرانمایه همین یک دو دم است
وعده لطف و کرم را مکن ای دوست خلاف
کز کریمان نسزد آنچه خلاف کرم است
قد من گر ز غم عشق تو خم شد چه عجب
بار عشق است کزان قامت افلاک خم است
پاکبازان همه در میکده محرم گشتند
غیر جامی که به تقوی و ورع متهم است
خوش بود دولت وصل تو چه بسیار و چه کم
سلطنت گر همه یک لحظه بود مغتنم است
لطافتی که رخت را ز جعد خم به خم است
هزار عاشق اگر باشدت هنوز کم است
به زلف عمر و به لبها حیات اهل دلی
بیا که عمر عزیز و حیات مغتنم است
دلم نیافت نشان زان دهان به ملک وجود
نهاده روی کنون در ولایت عدم است
ز صحبتم تو ملولی عظیم و من مشتاق
مراست غم که جدایم ز تو تو را چه غم است
هزار مرهم راحت اگر بود حاصل
نصیب عاشق مسکین جراحت و الم است
لبت به لطف عبارت ز عالمی دل برد
نه در عرب چو تو شیرین زبان نه در عجم است
حریم خاک درت را مقیم شد جامی
مزن به تیر جفایش که آهوی حرم است
هلال عید جستن کار عام است
هلال عید خاصان دور جام است
بیا ساقی که امشب توبه ما
ز می چون روزه فردا حرام است
برافراز آتشی دیگر ز باده
که دیگ ما ز روزه نیم خام است
ز روزه رخنه شد ایام عیشم
خوشا رندی که عیش او مدام است
ز بس بیهوشی و مستی نداند
که ماه روزه در عالم کدام است
کرم کن یک دو جام دیگرم ده
که از من تا به مستی یک دو گام است
به میخانه چو خاک افتاده جامی
به بوی جرعه جام کرام است
نهفته سیم به زیر قبا که این بدن است
گرفته برگ سمن را به بر که پیرهن است
بسن ز پیرهن اندام نازکش که مگر
در آب گشته عیان عکس لاله و سمن است
اگر کنند به گل نازنین تنش را باد
رود ز تاب تعالی الله این چه لطف تن است
کله شکسته کمر بسته برگذشت از من
گذشت عمری و آن مشکل پیش چشم من است
چو در نظاره آن روی می توان مردن
مرا هزار شکایت ز جان خویشتن است
چو گفتمش سخن تلخ چند گفت به ناز
که شرم دار نه آخر ازین لب و دهن است
اگر به کوی تو جامی کشد فغان ای سرو
مگیر خورده که او عندلیب این چمن است
آتش اندر خرمن ما زد رخت وین روشن است
خال مشکین تو بر رخ دانه ای زین خرمن است
آن رخ نازک چو آب از دیده رفت اما هنوز
نقش خالت چون سیاهی مانده در چشم من است
تو مرا چشمی و تا بر بام و روزن آمدی
چشم من گه بر کنار بام و گه بر روزن است
گر چه می پوشد ز ما لطف تنت را پیرهن
کی توان پوشیدن آن لطفی که در پیراهن است
شب نهانی رخ به پایت سوده ام اینک هنوز
قطره های خون ز اشک من تو را بر دامن است
دل اسیر دام و جان مرغ حریم بام توست
داغ حرمان و غم هجران سراسر بر تن است
بی رخت گفتم نکو پر می کنم دامن ز اشک
گفت جامی کار نیکو کردن از پر کردن است"
jami,jami,jami,"
یاقوت لب تو قوت جان است
وصل تو حیات جاودان است
زلف تو بر آفتاب تابان
از شعر سیاه سایه بان است
بستی به لباس کج کلاهان
بر موی کمر که این میان است
راندی به لب شکر دهانان
در هیچ سخن که این دهان است
در هر آنی تویی به شانی
ما اعظم شانک این چه شان است
هر چند به هر زبان ز عشقت
هر لحظه هزار داستان است
زان دم که تو را شناخت جامی
مهر خمشیش بر زبان است
مگو که قطع بیابان عشق آسان است
که کوههای بلا ریگ آن بیابان است
حدیث چتر مرصع به میر قافله گوی
که سایه بان ز ره ماندگان مغیلان است
فراز و شیب ره از رهروان گرم مپرس
که پیش مرغ هوا کوه و دشت یکسان است
ز ناز چون نکشیدی به کعبه دامن وصل
چه چاک ها که ازین حسرتش به دامان است
ببند دیده گرت نیست قوت مجنون
که برق منزل لیلی قوی درخشان است
چه سود قافله مصر حسن یوسف را
متاع عشق چو در کاروان کنعان است
به راه عشق تو جامی ز ناله بس نکند
زبان او چو درای از برای افغان است
دلم ز هجر خراسان ازان هراسان است
که بحر فقر و محیط فنا خراسان است
نخست گوهر از آن بحر شاه بسطامی ست
که قطب زنده دلان و خداشناسان است
بکش لباس رعونت که شیخ خرقانی
ستاده خرقه به کف بهر بی لباسان است
بگو سپاس مهین عارفی که در مهنه ست
که عشق در پی آزار ناسپاسان است
به گوش جان بشنو نکته های پیر هرات
که مشکلات طریق از بیانش آسان است
چو کاس خویش شکستی بیا که ساقی جام
نهاده باده به دست شکسته کاسان است
گدایی درشان پیشه کرده ای جامی
به جز تو کیست گدایی که پادشاسان است
کیست آن شوخ که مهمان تهیدستان است
که ز سر تا به قدم شعبده و دستان است
مجلس از رشک رخش داغ نه گلزار است
خانه از سرو قدش طعنه زن بستان است
تا لبش چاشنیی در قدح باده فکند
رفته بر چرخ برین عربده مستان است
عیش را داد بده کام دل از می بستان
که ز هر گوشه صدای بده و بستان است
نگسلم طفل وش از دایه لطفش هر چند
که سیه کرده ز بخت سیهم پستان است
خضر و سرچشمه او می طلبی خیز و بجوی
آن خط سبز و لب لعل که گر هست آن است
جامی از خاک خراسان چه کنی قصد حجاز
چون تو را کعبه مقصود به ترکستان است
آن کیست سواره که بلای دل و دین است
صد خانه برانداخته در خانه زین است
ماهی ست درخشنده چو بر پشت سمند است
سروی ست خرامنده چو بر روی زمین است
آشوب جهان است اگر اسپ سوار است
آسایش جان است اگر بزم نشین است
در آتش و آبم ز دل و دیده چو دیدم
کافروخته رخسار و عرق کرده جبین است
برتافت ز من رو گره افکند در ابرو
اینک سر و شمشیر اگر بر سر کین است
گر قصه خود عرضه رایش نتوان کرد
صد شکر خدا کو همه دان و همه بین است
گفتم که سخنرانی جامی ز لب توست
از پسته شکر ریخت که آری سخن این است
روی خود را مگو شریک مه است
در نکویی که لاشریک له است
نارسیده به چارده سالت
رویت افزون ز ماه چارده است
ملک هستی تمام طی کردم
تا به وصلت هنوز نیمه ره است
تا تو بستی نقاب تو بر تو
بر رخم خون بسته ته به ته است
کی پذیرد ز شمع و مشعله نور
هر که را شب ز دود دل سیه است
جانب عاشقان نگه می دار
حشمت پادشاه از سپه است
خانقه میکده ست جامی را
باده کهنه پیر خانقه است
ای که جان و دل آگاه تو را همراه است
بی تو آگه نیم از خویش خدا آگاه است
مدت صحبت تو عمر گرانمایه ماست
آه ازین عمر گرانمایه که بس کوتاه است
غم تو از دل ما در همه دلها ره کرد
راست است این که ز دلها سوی دلها راه است
دل نمی خواست جدایی ز تو اما چه کنیم
دور ایام نه بر قاعده دلخواه است
واقعا نیست ز من غمزده تر کس به جهان
شاهد حال من این واقعه ناگاه است
رفت بر باد چو کاه از غم تو عمر عزیز
روی بنما که فراق تو قوی جانکاه است
جامی از دست بشد کار ز تاثیر قضا
چاره کار رضینا بقضاء الله است"
jami,jami,jami,"
مه شمع شب افروز و رخت نور تجلی ست
او را به جمال تو کجا زهره دعوی ست
رضوان به هوای قد رعنای تو ای سرو
جاوید وطن ساخته در سایه طوبی ست
منما به کس آن روی و در آیینه نظر کن
زان رو که تماشای رخت هم به تو اولی ست
هر جا نفسی می گذرد زان لب شیرین
آنجا چه مجال دم جان پرور عیسی ست
گفتی پس عمریت تسلی دهم از وصل
عمری ست که ما را به همین وعده تسلی ست
هر گل که برآید ز گل تربت مجنون
بوی خوشش آمیخته با نکهت لیلی ست
در کسوت رندی قدح آشامی جامی
به زان حیل و زرق که در خرقه تقوی ست
خوبان هزار و از همه مقصود من یکی ست
صد پاره گر کنند به تیغم سخن یکی ست
خوش مجمعی ست انجمن نیکوان ولی
ماهی کز اوست رونق آن انجمن یکی ست
خواهیم بهر هر قدمش تحفه دگر
لیکن مقصریم که جان در بدن یکی ست
گشتم چنان ضعیف که بی ناله و فغان
ظاهر نمی شود که درین پیرهن یکی ست
آنجا که لعل دلکش شیرین دهد فروغ
یاقوت و سنگ در نظر کوهکن یکی ست
ناموس و نام ما تو شکستی نه نیکوان
آری ز صد خلیل همین بت شکن یکی ست
جامی درین چمن دهن از گفت و گو ببند
کاینجا نوای بلبل و صوت زغن یکی ست
سینه تنگم نه جای چون تو زیبا دلبری ست
خوش بیا بر چشم من بنشین که روشن منظری ست
بر رخ زردم ببین خط های خونین از سرشک
کین ورق در حسب حال دردمندان دفتری ست
هر شبی چندان ز درد هجر بگدازم که روز
در گمان افتند مردم کین منم یا دیگری ست
بی رخت در باغ و صحرا بهر داغ جان من
هر گل آتش پاره ای هر لاله سوزان اخگری ست
دوستداران سوخت جانم تا به کی دارم نهان
دوزخی در دل که این عشق بهشتی پیکری ست
من که و سودای جنت کز سگان کوی تو
شربت آبی که ماند سلسبیل و کوثری ست
تا رسید از لعل میگونت به کام خویش جام
دیده جامی ز زشک آن پر از خون ساغری ست
مرا از درد تو بر سینه داغی ست
که با آن داغم از مرهم فراغی ست
مگو دیگر نخواهم سوخت جانت
به داغ خویشتن کین نیز داغی ست
من و ویرانه هجر ای خوش آن کس
که با چون تو گلی بر طرف باغی ست
بنال ای عندلیب هجر دیده
که باغ وصل عشرتگاه زاغی ست
به خوش لحنی زبان مگشای کامروز
سرود بزم گلبانگ کلاغی ست
تو جویان نیستی ای خواجه ور نی
ازان گم ناشده هر سو سراغی ست
مکن جامی ز آه آتشین بس
که شبهای غمت را خوش چراغی ست
دلم پیرانه سر با خردسالی ست
که باغ حسن را نازک نهالی ست
شکار آهوی شیرافکن اوست
به صحرای ختن هر جا غزالی ست
خیالش تا به چشمم جای کرده ست
همه عالم به چشم من خیالی ست
نشانی از شرار سینه ماست
به رویش هر کجا افتاده خالی ست
ز کیوان برتر است ایوان وصلش
خوشا آن مرغ کو را پر و بالی ست
به هر پهلو که گردد دل چو قرعه
بر او حرف غم فرخنده فالی ست
نه شعر است این که جامی می سراید
گرفتاران دل را حسب حالی ست
چرخ را جامی نگون دان کز می عشرت تهی ست
باده از جام تهی جستن نشان ابلهی ست
مرد جاهل جاه گیتی را لقب دولت نهد
همچنان کاماس بیند طفل و گوید فربهی ست
از بقا گردون قبایی بر قد یک تن ندوخت
خلعتی بس فاخر آمد عمر عیبش کوتهی ست
نیست شاخ میوه دار ایمن ز سنگ ناکسان
خوش تهیدستی که او آزاده چون سرو سهی ست
خوش برآ با قطع و وصل باغبان همچون نهال
گر تو را زین باغ پر آسیب امید بهی ست
راه بس باریک و شب تاریک و دزدان در کمین
بی دلیلی عزم ره کردن دلیل بی رهی ست
هر که چون جامی درین ره شد ز ما و من تهی
گر به صورت مبتدی باشد به معنی منتهی ست
ای شهسوار حسن که جانم فدای توست
هر جا سری ست خاک ره باد پای توست
خوش جلوه ده سمند که دفع گزند را
هر سو هزار سوخته دل در دعای توست
مشتاق وصل را که ز هجران به جان رسید
سرمایه حیات امید لقای توست
بیچاره عاشق تو که با درد انتظار
شد در رهت غبار و هنوزش هوای توست
یک خنده کردی و دل ما شد ازان تو
باری دگر بخند که جان هم برای توست
دل چون توانم از تو بریدن که در ازل
آب و گلم سرشته به مهر و وفای توست
جامی گر آن صنم ز تو بیگانه شد مرنج
این بخت بس تو را که سگش آشنای توست"
jami,jami,jami,"
در همه شهر دلی کو که نه خون کرده توست
یا درونی که نه از زخم غم آزرده توست
جان ز مژگان تو ریش است و دل از غمزه فگار
هر که را می نگرم تیر جفا خورده توست
پرده برداشتی از راز من ای چرخ فلک
آه ازین بوالعجبی ها که پس پرده توست
حرص نرگس نگر ای غنچه که با آن زر و سیم
روز و شب چشم طمع دوخته بر خرده توست
از نسیم گل و مل دین و دلم رفت به باد
آخر ای باد صبا این همه آورده توست
شکر فیض تو چمن چون کند ای ابر بهار
که اگر خار و گر گل همه پرورده توست
گر رود ناوک آهی ز دل سوخته ای
جامی سوخته دل سینه سپر کرده توست
صبح دولت را فروغ از آفتاب روی توست
قبله رندان مقبل گوشه ابروی توست
دمبدم عرضه مده خوبان شهر آشوب را
کز همه عالم همین میل دل من سوی توست
روی نیکو از من بد روز پوشیدی ولی
چشم نیکویی هنوزم از رخ نیکوی توست
از همه سیمینبران بردی به زور پنجه دست
ناتوانی را چه تاب ساعد و بازوی توست
لب گزی چون گویمت آزار جان من مجوی
جان من آزار جان جستن همانا خوی توست
دل به صد شاخ است در بستان صنوبر را چو من
گوییا دلداده سرو قد دلجوی توست
یک زمان پهلوی ما یک لحظه پهلوی رقیب
راحت و رنجی که ما را هست از پهلوی توست
نیست جامی را نوایی جز سرود عشق تو
تو گل نورسته‌ای او بلبل خوشگوی توست
نقاش ازل کان خط مشکین رقم اوست
یارب چه رقم های عجب در قلم اوست
خاک قدم دوست شدم نیست کسی را
آن عیش که امروز مرا در قدم اوست
بیرون بود از سلسله اهل ارادت
هر دل که نه در طره پر پیچ و خم اوست
تن گر چه به صد مرحله دور است ز کعبه
جان طوف کنان گرد حریم حرم اوست
آن کز کرمش بود که میخانه بنا کرد
میخواری ما نیز بنا بر کرم اوست
جامی دم توحید زند نی همه وقتی
خوشوقت حریفی که شناسای دم اوست
آواز خوشش بر صفت وحدت خویش است
با کثرت اطوار که در زیر و بم اوست
جفای تو که بسی خوشتر از وفای من است
همه عنایت و لطف است چون به جای من است
وفا که با همه کس می کنی نمی خواهم
من و جفای تو کان خاصه از برای من است
چو قدر دولت وصل تو را ندانستم
به داغ هجر که می سوزیم سزای من است
گهی که تیغ زنی دست ده که بوسه زنم
که دستبوس تو آن لحظه خون بهای من است
خوش آنکه رحم کنان با رقیب می گفتی
مرانش از سر این کو که مبتلای من است
مرا به مهر تو تا هست روی سایه صفت
رقیب رو سیه افتاده در قفای من است
مگو که شینه بیگانگان ست جامی را
که عمرهاست سگ کویت آشنای من است
تویی که درد و غمت یار ناگزیر من است
جفا و هر چه رسد از تو دلپذیر من است
ز خون دل چه نویسم به لوح چهره خویش
چو نیست بر تو نهان آنچه در ضمیر من است
کشم به پیش توجان لیک چون تو شاهی را
چه التفات بدین تحفه حقیر من است
همین سعادت من بس که چون مرا بینی
به خاطرت گذرد کین گدا اسیر من است
چو عود بس که خورم گوشمال غم همه شب
سرود بزم فلک ناله و نفیر من است
به خار و خس که در آن کوی شب نهم پهلو
چنان خوشم که مگر بستر حریر من است
اگر ز پای فتادم چو جامی از غم عشق
چه باک چون کرم دوست دستگیر من است
این همه خونابه کاندر چشم گریان من است
گشته پیدا از جراحت های پنهان من است
قاصدی کاید ز جانان بهر قتل دیگری
قاصد جانان مگو کو قاصد جان من است
پرده از راز دلم چون غنچه برخواهد گرفت
چاک ها کز شوق آن اندر گریبان من است
خواب دیدم دوش کان لب می گزم اینک هنوز
در لبش مانده نشان زخم دندان من است
می شوم خاک رهت ای باد گرد من ببر
هر کجا جولانگه سرو خرامان من است
هر شب از تسبیح خود فوج ملک مانند باز
بس که بر اوج فلک فریاد و افغان من است
از جگر جامی کباب آور ز خون دل شراب
کامشب آن خوانخواره بدمست مهمان من است"
jami,jami,jami,"
ز دل زبانه آتش که در دهان من است
به شرح داغ دل آتشین زبان من است
به سان اره بنه تیغ خویش بر فرقم
به جرم آنکه به صد رخنه ز استخوان من است
کنی به داغ نشان سگان خود وین داغ
که سوزی از غم بی داغیم نشان من است
تو در میان نه و جان در میان مرا با تو
ببین چه فرق میان تو و میان من است
به دیده غیر تو را راه کی توانم داد
خیال تو چو شب و روز دیده بان من است
ز بار دل چو کمانم به جز رقیب مباد
نشان تیر دعایی که از کمان من است
چه شد که خط تو را جان خویشتن خوانم
چرا رسیده چنین بر لب از تو جان من است
دلیر نام تو تا بر زبان توانم راند
خوشم که گوش رقیبان کر از فغان من است
خمیده قامت جامی چو طوق دیدی و گفت
چه عار کز تو نه بر گردن سگان من است
هر نشان کز خون دل بر دامن چاک من است
پیش اهل دل دلیل دامن پاک من است
دمبدم ای غنچه رعنا مخند از گریه ام
کین چمن را آب و رنگ از چشم نمناک من است
عشق تو نگرفت بالا تا دل و جانم نسوخت
آری این آتش بلند از خار و خاشاک من است
چاشنی شربت مرگم رهاند از داغ هجر
آنچه در کام کسان زهر است تریاک من است
شد تنم فرسوده زیر سنگ بیداد بتان
کشته عشقم من و این سنگها خاک من است
ترک مرهم گو طبیبا کین جراحت بر دلم
یادگار از ناوک بدخوی بی باک من است
گفتمش بردی ز جامی دل به زلف خویش بند
گفت هر صیدی کجا لایق به فتراک من است
نامه کز جانان رسد منشور اقبال من است
مهر او بر نامه نقش لوح آمال من است
ذره سان حالم هواداری ست آن خورشید را
یک به یک ذرات عالم شاهد حال من است
هر زمان فال غمی گیرم ز دل در حیرتم
کین دل غلطان به خون یا قرعه فال من است
باد فریاد من افتاده با آن گل رساند
گفت کین گلبانگ مرغ بی پر و بال من است
فکر مرهم بهر چاک سینه ام چند ای طبیب
این جراحت یادگار شوخ قتال من است
گفتمش مالیده ام سر بارها بر پای تو
گفت یک سر کو درین ره کان نه پامال من است
شعر من جامی بیان عشق و خون خوردن بود
این نه دیوان غزل دیوان اعمال من است
حریم منزل جانان برون ز عالم ماست
خوشا کسی که درین گفت و گوی محرم ماست
ز بار غم قد ما حلقه گشت چون خاتم
به فرق سنگ ملامت نگین خاتم ماست
جدا ز سروقدان فرش سبزه را در باغ
بساط عیش مگو کان پلاس ماتم ماست
مزاج خسته دلان را به جز غم تو نساخت
علاج ما به غم اولی اگر تو را غم ماست
درازی شب ما را اگر نمی دانی
ز ناله پرس که تا وقت صبح همدم ماست
طبیب ریش مرا دید گفت در جگری
که زخم عشق کند جا چه جای مرهم ماست
به بزم ما سخن از جام و جم مگو جامی
سفال میکده جام و گدای او جم ماست
لاله بی روی تو داغ دل ماست
داغ تو لاله باغ دل ماست
داغ خون این همه بر دامن ما
رشح خونابه داغ دل ماست
دل ما خاک درت گشته و غم
دربدر کرده سراغ دل ماست
طاق محراب خم ابرویت
سیه از دود چراغ دل ماست
چون بسوزد جگر از شعله شوق
بوی آن عطر دماغ دل ماست
واعظا لاف بلاغت چه زنی
وعظ تو لابه و لاغ دل ماست
طعن مشغول جهان جامی چند
شغل او بهر فراغ دل ماست
ای ترک شوخ این همه ناز و عتاب چیست
با دل شکستگان ستم بی حساب چیست
دارم تظلمی به تو آهسته ران سمند
ای سنگدل به رغم منت این شتاب چیست
گفتی شبی به خواب تو آیم ولی چه سود
چون من به عمر خویش ندانم که خواب چیست
گر من نه غرق آتش و آبم ز شوق تو
این سینه پر آتش و چشم پر آب چیست
بی تو ز ضعف قوت جنبیدنم نماند
در حیرتم که در دلم این اضطراب چیست
از مدرسه به کعبه روم یا به میکده
ای پیر ره بگوی طریق صواب چیست
جامی چه لاف می زنی از پاکدامنی
بر خرقه تو این همه داغ شراب چیست"
jami,jami,jami,"
چنین رخی که تو داری حکایت گل چیست
فغان من چو شنیدی حدیث بلبل چیست
هنوز از خط سبزت نبوده هیچ اثر
ندانم این همه آشفتگی سنبل چیست
بهای بوسه تو را می دهیم نقد وجود
درین معامله لعل تو را تعلل چیست
ز روی و زلف تو دانست عقل خرده شناس
که سر دور چه و معنی تسلسل چیست
به هر شکسته دلی می کنی به لطف نگاه
به بخت ما چو رسید این همه تغافل چیست
بلای هجر گذشت از حد و نمی دانم
که چاره غیر شکیبایی و تحمل چیست
شنیده ام که به خونریز جامی آمده ای
بیا و تیغ بکش موجب تامل چیست
ساقی شراب لعل بگردان بهانه چیست
تا گویمت که حاصل این کارخانه چیست
مرغان آشیان خرابات عشق را
مرغوب تر ز باده و نقل آب و دانه چیست
گر پنبه برکشی چو صراحی ز گوش هوش
دانی که سر ناله چنگ و چغانه چیست
گر پیر ما نه دوش نهان جرعه ای زده ست
در نرگسش خمار شراب شبانه چیست
ای خواجه چند نقل کرامات شیخ شهر
نقدی ز وقت خویش بیار این فسانه چیست
اول همه تو بودی و آخر همه تویی
این لاف هستی دگران در میانه چیست
جامی اگر نه زخم تو دارد به تازگی
این خون تازه رفته بر این آستانه چیست
باز این خمار در سرم از چشم مست کیست
وین ناوکی که خست دلم را ز شست کیست
دل شد ز دست و باز نمی آید این صبا
آن مرغ آشیان وفا پای بست کیست
راحت شمر ز دوست دلا زخم تیغ را
تو تیغ را مبین بنگر کان ز دست کیست
عمری سرم فتاد در آن کوی و کس نگفت
کین سر چو خاک گشته درین راه پست کیست
در دل خیال دوست وطن ساخت بنگرید
کین خانه خراب مقام نشست کیست
آتشکده است سینه چو گویم که دل در او
از بخت تیره هندوی آتش پرست کیست
مست است جامی از غم عشق بتان ولی
کس پی نمی برد ز حریفان که مست کیست
باز چشمم درفشان از لعل گوهربار کیست
اشک من زین گونه گلگون از گل رخسار کیست
زیر دیوار تو هر شب زار نالم تا سحر
بر لب بام آ شبی کین ناله های زار کیست
چشم می دارند خلقی دیدن رویت به خواب
تا خود این دولت نصیب دیده بیدار کیست
من نمی گویم تو کردی چاک ها در جان من
هر که بیند جان من داند که اینها کار کیست
کوی تو صد جا به خون آغشته شد آخر بپرس
کین همه از سینه ریش و دل افگار کیست
گشته ام بیمار چون چشمت چه باشد گر گهی
گوشه چشم افکنی سویم که این بیمار کیست
نام جامی طی کن ای مطرب خدا را زین غزل
ترسم آن مه نشنود گر داند این گفتار کیست
من پس زانوی غم تا یار هم زانوی کیست
خاطر من سوی او تا خاطر او سوی کیست
من نشسته روی بر آیینه زانوی خویش
تاکنون آن ماه چون آیینه رو در روی کیست
می رسد هر لحظه مشک آمیز باد صبح خیز
گر نه بر مشکین غزال من گذشت این بوی کیست
سوی محرابم مخوان ای شیخ بنگر کین زمان
نقش بسته در دلم شکل خم ابروی کیست
گر نه شب در خواب آن سرو روان را دیده ام
مانده در چشمم خیال قامت دلجوی کیست
ای که فارغ گوییم زان سنگدل باری ببین
کامشبم با خویشتن تا روز گفت و گوی کیست
شد سگ کوی تو جامی چون سگانش داغ کن
تا بداند هر که بیند کز سگان کوی کیست
آن سرو ناز بر لب بام ایستاده کیست
بر طرف آفتاب کله کج نهاده کیست
بگذار ذکر حور و حدیث قصور او
بالای قصر آمده آن حورزاده کیست
گویند دل برای چه دادی به مهر او
آن کس که دیده شکل وی و دل نداده کیست
هر جا گهی پیاده کند گشت و گه سوار
آنجا گل سوار و سرو پیاده کیست
ای شیخ شهر چند ملامت کنی مرا
بی ذوق جام باده و معشوق ساده کیست
تا دیده اند جام لبش اهل صومعه
آن کو نکرده خرقه خود رهن باده کیست
از پا فتاد جامی و آن شوخ سنگدل
هرگز نگفت بر سر این کو فتاده کیست
برد شوخی دل ز من اما نخواهم گفت کیست
گر برند از تن سرم قطعا نخواهم گفت کیست
آن که ما را در جدایی سوخت سر تا پا چو شمع
گر مرا سوزند سر تا پا نخواهم گفت کیست
گر چه دریا شد کنار از اشک و این هر جا رسید
گوهر مقصود ازین دریا نخواهم گفت کیست
نیکوان در چشم من بسیار آیند و روند
آن که دارد در دل و جان جا نخواهم گفت کیست
سرو بالایان بسی می بینم اما آن که نیست
کس به حسن و لطف ازو بالا نخواهم گفت کیست
دارم از شیرین لبی شوری ندانم چون کنم
کین نخواهد یافت تسکین تا نخواهم گفت کیست
یار بی مهر و وفا می خواند جامی را به طعن
گفت خود را دان که من اینها نخواهم گفت کیست"
jami,jami,jami,"
روز میدان است ترک شهسوار من کجاست
چشم هر کس بر رخ یاری ست یار من کجاست
عاشقان هر کس به روی یار خود خندان و خوش
من چنین غمگین چرایم غمگذار من کجاست
چند گردم بی قرار و صبر هر سوی اینچنین
آن شکیب آموز جان بی قرار من کجاست
تا برند از جلوه خوبی خجالت نیکوان
نیم جولانی ز سرو گلعذار من کجاست
داد گردم را غمش بر باد و آن بدخو نگفت
آن که عمری بود خاک رهگذار من کجاست
نیست خوش بر دامن پاکش غبار چون منی
بیدلی کز گریه بنشاند غبار من کجاست
ماند جامی دور ازان در وه چه باشد گر گهی
باز پرسد کان غریب خاکسار من کجاست
وه که باز از کف من دامن مقصود برفت
یار دیر آمده از پیش نظر زود برفت
تن که آزرده تیغ ستمش بود بماند
جان که آویزه بند کمرش بود برفت
وعده می کرد که دیگر نروم راه فراق
تا چه کردم که نه بر موجب موعود برفت
دل که از خون رخم اندود برو گو که خوشم
که به بازار غم آن قلب زراندود برفت
بود خوشنودیش آن کز غم او جان بدهم
لله الحمد کزین غمزده خوشنود برفت
خبر فرقت او داد و شد آواره رقیب
زد به ویرانه ما آتش و چون دود برفت
جگری شد رخ جامی که ز غم کاهی بود
بس کش از دیده سرشک جگرآلود برفت
به هر منزل که جانان من آنجاست
تنم اینجا ولی جان من آنجاست
من ار دورم بحمدالله که باری
دل بی صبر و سامان من آنجاست
مرا گر نیست جا بر طرف بامش
خوشم کآواز افغان من آنجاست
در آن کشور مسلمانی مجویید
که شوخ نامسلمان من آنجاست
چه حاجت ماه تابان در دیاری
که خورشید درخشان من آنجاست
به تیغ آن مه دلم را می کند چاک
بهانه آنکه پیکان من آنجاست
مخوان جامی جز آنجا گفته خویش
که محبوب سخندان من آنجاست
ازان درج گوهر تکلم خوش است
وز آن غنچه تر تبسم خوش است
چو مورم مکن پایمال جفا
که بر زیردستان ترحم خوش است
چه می جویی از من نشان رقیب
نشان رقیب از جهان گم خوش است
نخواهم جدا از سگان درت
جهان را که دنیا به مردم خوش است
منه گو فلک بالش زرکشم
سر من به خشت سر خم خوش است
به درد و غم عشق خوش می زیم
چو اسباب باشد تنعم خوش است
مکن با رخش جامی از ناله بس
که بر گل ز بلبل ترنم خوش است
از کوی زهد ساحت میخانه خوشتر است
وز ورد صبح نعره مستانه خوشتر است
یک دانه نقل از کف رندان درد نوش
در دست ما ز سبحه صد دانه خوشتر است
پیمان زهد اگر شکند محتسب به می
پیش من از شکستن پیمانه خوشتر است
تا کی میان انجمن افشای سر عشق
این گفت و گو به گوشه کاشانه خوشتر است
دیوانه ای چه خوش سخنی گفت کز غمش
دیوانه شو که عشق ز دیوانه خوشتر است
بیگانه وار آیم ازین پس به کوی تو
کز آشنا به پیش تو بیگانه خوشتر است
جامی غمت به سینه صد چاک خود نهفت
یعنی مقام گنج به ویرانه خوشتر است
درویش را سرا سر کوی فنا بس است
ترک متاع و خانه متاع سرا بس است
گو هرگزم ز فرش منقش مباش رنگ
پهلو منقش از اثر بوریا بس است
گر خازن حرم نزند نعره درای
از اشتران قافله بانگ درا بس است
نتوان نشستن از تک و پو در طریق عشق
آن را که باد پا ندهد دست پا بس است
گر روی زرد ما نشد از جام عیش سرخ
زخم کبود سیلی غم بر قفا بس است
عمر حریص در طلب کیمیا گذشت
ما را قبول اهل نظر کیمیا بس است
جامی به ملک و مال چو هر سفله دل مبند
کنج فراغ و گنج قناعت تو را بس است
غمت تا در دلم منزل گرفته ست
ز شادی جهانم دل گرفته ست
مپرس از من شمار عقد آن زلف
که عقل آن عقده را مشکل گرفته ست
تو دریایی و زاهد خشک ازان ماند
کزین دریا ره ساحل گرفته ست
مبند ای ساربان محمل که امروز
سرشکم راه بر محمل گرفته ست
دلم با چشم خونریز تو صیدی ست
که صیادش پی بسمل گرفته ست
به کوی عشق ازان کس حاصلی نیست
که راه زهد بی حاصل گرفته ست
ز جامت جرعه ای ناخورده جامی
چه خود را مست لایعقل گرفته ست"
jami,jami,jami,"
تا عشق توام زبون گرفته ست
دل قاعده جنون گرفته ست
چون لاله مرا ز داغ عشقت
آتش به همه درون گرفته ست
گل را ز بنفشه نیست آن حسن
کز خط رخ تو کنون گرفته ست
از شحنه روزگار ما را
لعل تو خطی به خون گرفته ست
در دور لب تو ساقی بزم
دست از می لاله گون گرفته ست
زانسان که بود سکون الف را
در دل قد تو سکون گرفته ست
تا روی تو خط فزود جامی
از مهر و مهش فزون گرفته ست
خوش آن که وقت گل لب جویی گرفته است
در پای سرو دست سبویی گرفته است
جعد بنفشه را که چمن مشکبوی ازوست
بر بوی زلف غالیه بویی گرفته است
از جنگ و آشتی کسان می رمد دلم
تا خو به مهر عربده جویی گرفته است
کس راه عندلیب نزد در حریم باغ
جز گل که از تو رنگی و بویی گرفته است
چون تابم از تو روی که بر من بلای عشق
راه خلاصی از همه سویی گرفته است
جان را خجسته باد به شهر عدم سفر
کز طلعت تو فال نکویی گرفته است
جامی چه مرد گوشه عزلت چنین که باز
از دست داده دل سر کویی گرفته است
گر چه خلقی ز تو در دام بلا افتاده ست
هیچ کس را نه فتاد آنچه مرا افتاده ست
دلم از جا تنم از پای فتاده ست ببین
که مرا در غم عشق تو چها افتاده ست
همه جا برق جمال تو درخشید ولی
شعله آن همه در خرمن ما افتاده ست
هر کجا در چمن از شوق تو آهی زده ایم
بال و پر سوخته مرغی ز هوا افتاده ست
زخم تو بر دگران آمده من مرده ز رشک
ای عجب تیر کجا صید کجا افتاده ست
حال چاک جگر ریش چه داند شوخی
کش همین چاک به دامان قبا افتاده ست
گفته ای جامی محنت زده بی ما چون است
چون بود حال کسی کز تو جدا افتاده ست
روی خوب تو مهوش افتاده ست
خال مشکین بر او خوش افتاده ست
چشم بد دور خال بر رخ تو
چون سپندی بر آتش افتاده ست
چهره زرد ما ز سرخی اشک
ورقی بس منقش افتاده ست
مشو ای پندگو مشوش ما
حال ما خود مشوش افتاده ست
صبر و دل عقل و دین تن و جان سوخت
از تو آتش به هر شش افتاده ست
این که صوفی فتاده غش کرده ست
از می لعل بیغش افتاده ست
هر که در می فتاد جام کشید
بنده جامی سبوکش افتاده ست
باز هوای چمنم آرزوست
جلوه سرو و سمنم آرزوست
نکهت گل را چه کنم ای نسیم
بویی ازان پیرهنم آرزوست
توبه ز می کردم و آمد بهار
ساقی توبه شکنم آرزوست
پرسش اگر نیست بگو ناسزا
کز دهنت یک سخنم آرزوست
من کیم و بزم تو لیکن ز دور
دیدن آن انجمنم آرزوست
زیستنم با تو میسر مباد
بی تو اگر زیستنم آرزوست
بیش مگو جامی ازان لب سخن
کین سخنان زان دهنم آرزوست
چو یار دور چه سود ار بهار نزدیک است
جدا ز صحبت او گل به خار نزدیک است
دیارم آن سر کویی ست و یارم آن سگ کوی
خوشا کسی که به یار و دیار نزدیک است
خدای را ز سرم سایه دور دار ای هجر
که روزم از تو به شبهای تار نزدیک است
نماند صبر ولی موعد وصال رسید
شکست کشتیم اما کنار نزدیک است
بسوخت ز آتش دوری دلم ولی دارم
به این خیال تسلی که یار نزدیک است
به کار شاهد و می شغل جو دلا و مترس
ز شیخ شهر که او هم به کار نزدیک است
رسید نظم تو جامی به گوش یار آری
به گوش شاه در شاهوار نزدیک است
به جانب سفر آن ترک تندخو رفته ست
خبر دهید مرا کز کدام سو رفته ست
به گردش ار چه رسیدن نمی توان باری
کشم به دیده غبار رهی که او رفته ست
هزار دل کند از شهر صبر آواره
به هر دیار که با آن رخ نکو رفته ست
چه آب بر جگرم باشد اینچنین که مرا
هم آب دیده ز هجرش هم آبرو رفته ست
به گشت باغ مخوان باغبان مرا زین بیش
که بی جمال وی از باغ رنگ و بو رفته ست
نداده کس خبر از عمر رفته خویشم
اگر چه عمر عزیزم به جست و جو رفته ست
به روز حشر مگر سر برآورد جامی
چنین که از غم هجران به خود فرو رفته ست"
jami,jami,jami,"
با خیال آن دو ابرو هر گهم خواب آمده ست
خوابگاه من چو چشمت طاق محراب آمده ست
هر کجا حال شب و بی خوابی خود گفته ام
زان فسانه خلق را رحم و تو را خواب آمده ست
ره به توحید مسبب کی برد عقل از رخت
چون ز زلفت بسته زنجیر اسباب آمده ست
گر تو را جنس وفا باید به شهر عشق جوی
کان متاع اندر دیار حسن نایاب آمده ست
خانه ما را مخواه امشب چراغ عاریت
کز در و دیوار این ویرانه مهتاب آمده ست
بس که رفته ست از دل گرمم به بالا تف خون
از نم آن سبزه وار چرخ سیراب آمده ست
هرگه افشرده ست جامی دلق تر دامان خویش
جای آب از دامن او باده ناب آمده ست
کس از خوبان وفا هرگز ندیده ست
جز آیین جفا هرگز ندیده ست
کند نادیده آن بدخو چنانم
که پنداری مرا هرگز ندیده ست
دل زان چشم جادو شیوه ها دید
کز آهوی خطا هرگز ندیده ست
خراش دل چه گویم کان گل اندام
ز خار آزار پا هرگز ندیده ست
نیاید جز کسی را دجله در چشم
که آب چشم ما هرگز ندیده ست
جدا زان مه چه سان مانم که تن را
کسی بی جان بقا هرگز ندیده ست
بلا باشد غم خوبان و جامی
خلاصی زین بلا هرگز ندیده ست
خوی تو بسی نازک و ما را ادبی نیست
گر زانکه بگیرد دلت از ما عجبی نیست
نبود قدمی در رهت ای چشمه حیوان
کافتاده چو من غرقه به خون تشنه لبی نیست
هر تار ز زلفت سبب جذبه عشق است
سویت کشش خاطر ما بی سببی نیست
از نغمه غم بس مکن ای مرغ سحرخیز
کامسال درین باغ نوای طربی نیست
سر بر در تو خواب غنیمت بود امشب
کین دولت بیدار شبی هست و شبی نیست
پیداست چه خیزد ز طلبگاری عاشق
گر از طرف دوست نهانی طلبی نیست
کردی لقب جامی بیدل سگ این کوی
در مجمع یاران به ازینش لقبی نیست
عید شد یک دل نمی بینم که اکنون شاد نیست
جز دل خود کین زمان هم از غمت آزاد نیست
کی توانم بهر عیدی با تو گستاخی نمود
چون مرا پیش تو یارای مبارکباد نیست
چون کنم قصد سخن نام تو آید بر زبان
چون کنم جانا که جز نام تو هیچم یاد نیست
ای فلک اندوه شیرین بر دل خسرو منه
کین بضاعت را خریداری به از فرهاد نیست
گر رسد صد زخم ازو بر جان دلا افغان مکن
زانکه خوی نازکش را طاقت فریاد نیست
گرم می بینم به مهر خود دل آن مه ولی
مهر خوبان را چو صبر عاشقان بنیاد نیست
بر سر راهش فتادم دی که داد من بده
گفت جامی خیز کاندر دین خوبان داد نیست
مذهب عشق خودپسندی نیست
جز فقیری و دردمندی نیست
عشق جادوست لیک شیوه او
چشم بخشی ست چشمبندی نیست
بپسند آنچه می رسد کاینجا
ناپسندی چو ناپسندی نیست
بگذر از چند و چون که جانان را
سر چونی و برگ چندی نیست
گر لوندی ست طوف آن سر کوی
که در او پستی و بلندی نیست
هیچ یاری به از لوندان نه
هیچ کاری به از لوندی نیست
یافت جامی کمال شعر چه باک
گر سپاهانی و خجندی نیست
در بر سیمین دلت گر سخت تر از سنگ نیست
هرگزت رحمی چرا بر عاشق دلتنگ نیست
از خروش دلخراش ما طلب کن سر عشق
زانکه این سر در صدای عود و صوت چنگ نیست
ماند ز اشک ما چو خر در گل رقیب سنگدل
در ره عشق تو ما را غیر ازین خر سنگ نیست
از نوای بلبلان بر گل چه حاصل چون به باغ
جام گلرنگ و حریف عندلیب آهنگ نیست
بی سر سرگشته ای با خاک و خون آغشته ای
در بیابان غمت یک سنگ و یک فرسنگ نیست
چون به نام ما ز تو یک نامه نامد عمرهاست
گر تو را از نام ما و نامه ما ننگ نیست
بی لبش یک دم تهی مپسند جامی جام را
از سرشک لعل پر کن گر می گلرنگ نیست
گر دل از عشق توام چاک بود باکی نیست
نیست یک دل که ز عشق تو در او چاکی نیست
مگسل از من که درین باغ گلی نشکفته ست
که به دامان وی آویخته خاشاکی نیست
شوق فتراک توام کشت ولی رخش تو را
بی سر به ز منی حلقه فتراکی نیست
خوبرویان همه در بردن دل چالاکند
در میان همه لیکن چو تو چالاکی نیست
شد تنم خاک و تو از عار بر آن پا ننهی
خوارتر بر سر کوی تو ز من خاکی نیست
در همه شهر یکی خانه نبینم که در او
سر به زانوی غم از دست تو غمناکی نیست
اهل ادراک همه بسته فتراک تواند
جامی دلشده هم خالی از ادراکی نیست"
jami,jami,jami,"
مؤثر در وجود الا یکی نیست
درین حرف شگرف اصلا شکی نیست
ولی جز زیرکان این را ندانند
دریغا زیر گردون زیرکی نیست
جمال اوست تابان ور نه بردن
دل از مردان حد هر کودکی نیست
ز خم جو فیض و ساغر هم که بی فیض
به میخانه بزرگ و کوچکی نیست
عطای عشق بسیار است دردا
کزان بسیار ما را اندکی نیست
ز ارباب عمامه معنی فقر
مجو کین تاج بر هر تارکی نیست
به کوی نیستی جامی فرو رو
که سالک را ازین به مسلکی نیست
غزالی چون تو در صحرای چین نیست
چه جای چین که در روی زمین نیست
نبینم لاله رخساری درین باغ
که داغ عشقت او را بر جبین نیست
دهانت را وجود خرده بینان
تصور کرده اند اما یقین نیست
بنفشه راست چون زلف کج توست
همین رسته ز طرف یاسمین نیست
نرفت از جان تمنای لب تو
مگس بی آرزوی انگبین نیست
چه سود ای زاهد از دلق ملمع
چو از عشقش علم بر آستین نیست
شدی بر رغم جامی یار اغیار
مکن جانا که شرط یاری این نیست
به خوبی خم ابروی تو مه نو نیست
چو شمع روی تو ماه آفتاب پرتو نیست
هزار زخم کهن بر دلم ز تیغ تو هست
بیا که مرهم آن جز جراحت نو نیست
قلم به نسخ خط مهوشان بکش کامروز
به حسن خط تو ماهی درین قلمرو نیست
دوم به راه غمت کز غبار غیر تهی ست
به جست و جوی تو چون من کسی تهیدو نیست
چه شد که مه زده خرمن تو روی گندمگون
نما که خرمن او در حساب یک جو نیست
چو روی او نتوان با حجاب هستی دید
دلا ببین دهنش وز وجود خود شو نیست
به نکته های حسن جامی این کمالت بس
که ساز نظم تو را جز نوای خسرو نیست
بی تو مرا خانه جز گوشه ویرانه نیست
خانه چه کار آیدم یار چو همخانه نیست
مرغ هوای تو را دانه درد است قوت
حوصله مور را قوت این دانه نیست
گر چه ز شعله کشد خنجر بیداد شمع
روی وفا تافتن عادت پروانه نیست
خرقه پشمین به بر می طلبی سیم و زر
کسوت مردان چه سود کار چو مردانه نیست
حاجی و سنگ سیاه زانکه مرا بوسه گاه
جز لب معشوق مست یا لب پیمانه نیست
عرضه رندان مکن واقعه شیخ شهر
صحبت صاحبدلان مجلس افسانه نیست
چند به دیوانگی طعنه جامی زنی
از غم تو ای پری کیست که دیوانه نیست
صاحبدلی که نرد وفا عاشقانه باخت
نقد دو کون در ره یار یگانه باخت
کوی فنا و فقر عجب کارخانه ای ست
خوش آن که هر چه داشت درین کارخانه باخت
بربود شیخ صومعه را لذت سماع
تسبیح و خرقه در ره چنگ و چغانه باخت
دل ز آرزوی خال تو در دام غصه مرد
بیچاره مرغ جان به تمنای دانه باخت
شد زان عذار ساده منقش رخم به خون
این نقش بین که با من بیدل زمانه باخت
با خاک آستان تو عشاق را سری ست
مسکین کسی که سر نه بر این آستانه باخت
چون بر بساط وصل تو جامی نیافت دست
شطرنج عشق با رخ تو غایبانه باخت
لبت قوت جان از شکرخنده ساخت
به یک خنده صد کشته را زنده ساخت
دل پاره پاره مرا جمع بود
در آن زلف بادش پراکنده ساخت
چه روی خلاصی بود بنده را
که عشق تو صد شاه را بنده ساخت
ز یک تار مویت که تا پا رسید
پی ما توان عمر پاینده ساخت
برازنده نبود قبای بقا
جز آن زنده دل را که با ژنده ساخت
نبودم به یک بوسه شرمنده ات
به خوابم لبت دوش شرمنده ساخت
لبت دید جامی که بخشید جان
بلی مست را باده بخشنده ساخت
بیا که چرخ مشعبد هزار شعبده ساخت
که یار کار جگر خستگان غمزده ساخت
اگر چه قاعده چرخ کارسازی نیست
به رغم اختر من بر خلاف قاعده ساخت
من و امید شهادت به تیغ آن شاهد
که قوت جان شهید خود از مشاهده ساخت
به صبر کوش دلا روز هجر فایده چیست
طبیب شربت تلخ از برای فایده ساخت
به دور آن لب میگون نشاند زاهد شهر
حریم صومعه را تاک و وقف میکده ساخت
به جنگجویی چشمت خوشم که می باید
حریف مردم بدمست را به عربده ساخت
چو نقش خط و رخت بست در غزل جامی
بیاض صفحه خورشید را مسوده ساخت"
jami,jami,jami,"
چشمت ز غمزه تیغ و ز مژگان خدنگ ساخت
با عاشقان غمزده اسباب جنگ ساخت
بر من ز جورت این همه سختی که می رسد
می بایدم تنی چو دل تو ز سنگ ساخت
پی چون به شهر وصل برد بارگی صبر
کش سنگلاخ بادیه هجر لنگ ساخت
عیبم مکن به تنگی دل چون غمت فزود
استاد فطرت از ازل این خانه تنگ ساخت
مجموعه ای ست هر ورق گل ز حسن تو
مرغ چمن چرا به همین بوی و رنگ ساخت
سنگ جفای عشق تو در یکدگر شکست
هر چند عقل شیشه ناموس و ننگ ساخت
جامی گسست رشته تسبیح زهد را
خواهد به بزم دردکشان تار چنگ ساخت
سودای عشقت از دو جهانم یگانه ساخت
واندوه گاه گاه مرا جاودانه ساخت
شمشاد را ز زلف تو کوتاه بود دست
دستش مباد هر که ازان چوب شانه ساخت
از خانه کمان تو هر مرغ تیز پر
کامد درون سینه من آشیانه ساخت
گر ساخت شه ز خشت زر ایوان کاخ عیش
خواهیم ما به خشتی ازین آستانه ساخت
چون سوخت شرح سوز دلم شمع را زبان
از بهر آن زبان دگر از زبانه ساخت
آه چو برقم از عقب آن سوار بس
بهر سمند خویش چرا تازیانه ساخت
جامی شکسته بال حمامی ست کش سپهر
از جام عشق و نقل بلا آب و دانه ساخت
بیا که شاهد بستان ز رخ نقاب انداخت
نسیم در سر زلف بنفشه تاب انداخت
صبا شمیم گل و بوی یار گلرخ داد
مرا و مرغ چمن را در اضطراب انداخت
پی نثار قدوم گل از شکوفه نسیم
به صحن باغ درمهای سیم ناب انداخت
ز شبنم سحری غنچه بامداد پگاه
گشاد پیرهن از هم بر آفتاب انداخت
توان بر ابر خروشنده طعنه زد به جنون
ز سنگ ژاله که بر شیشه حباب انداخت
درون ساغر لاله چراست مشک آلود
اگر نه مشک پی طیب در شراب انداخت
چکید نم ز هوا یا ز نظم تر جامی
به گوش شاهد گل لؤلؤ خوشاب انداخت
پرتو شمع رخت عکس بر افلاک انداخت
قرص خورشید شد و سایه بر این خاک انداخت
برقی از شعشعه طلعت رخشان تو جست
شعله در خرمن مشتی خس و خاشاک انداخت
خوش بران رخش که عشقت فلک سرکش را
طوق در گردن ازان حلقه فتراک انداخت
ذوق مستان صبوحی زده بزم تو دید
صبح در اطلس فیروزه خود چاک انداخت
می خرامیدی و ارواح قدس می گفتند
ای خوش آن پاک که سر در ره این پاک انداخت
طوطی ناطقه را سر خط و عارض تو
زنگ تشویر در آیینه ادراک انداخت
جامی اهلیت اندیشه عشق تو نداشت
همتش رخت درین موج خطرناک انداخت
بر فلک دوش از خروش من دل اختر بسوخت
شعله آهم چو پروانه ملک را پر بسوخت
روشنم شد کز چه رو فرهاد جا در سنگ ساخت
خانه را از آتش آهم چو بام و در بسوخت
زاهد از سوز غمت لب خشک و صوفی دیده تر
آه ازین آتش که چون زد شعله خشک و تر بسوخت
واعظ افسرده سوز عاشقان را منکر است
خواهمش روزی ز برق آه با منبر بسوخت
هر که را دل سوختی تنها نه او را سوختی
بلکه از سوز دلش صد بیدل دیگر بسوخت
خواب چون آید شب هجران چنین کز چشم و دل
شد مرا بالین به خون آغشته و بستر بسوخت
جامی از درد جدایی حسب حالی می نوشت
از قلم آتش علم بیرون زد و دفتر بسوخت
غمت روز مرا رسم شب آموخت
دلم را تاب و جانم را تب آموخت
مکن در گریه هر دم عیب چشمم
که این گوهرفشانی زان لب آموخت
ندیدم هیچ مذهب خوشتر از عشق
خوشا آن راهرو کین مذهب آموخت
فرو شوی ای معلم لوح بیداد
که یار این حرف پیش از مکتب آموخت
ستادن نیست اشکم را ندانم
که این سیر از کدامین کوکب آموخت
دلم دور از رخت تا صبحدم دوش
به ماه و زهره آه و یارب آموخت
نجوید جز شراب لعل جامی
ازان دم کز لبت این مشرب آموخت
لب گشادی تا سخن گویی در سیراب ریخت
طره افشاندی که ریزد گرد مشک ناب ریخت
باد گلبو باده گلگون است یا از رشک تو
بوی گل بر باد رفت و رنگش اندر آب ریخت
گر مرا کشتی چه غم کی باشد امکان دیت
گوسفندی را که خونش خنجر قصاب ریخت
نیست جای سجده عابد را ز بس کز دیده خون
با خیال طاق ابروی تو در محراب ریخت
در تن پاکت دل سخت از سپهر بی وفاست
سیم با پولاد در یک قالب آن قلاب ریخت
وقت من از چاشنی شربت دردت خوش است
وقت آن کس خوش که در کام من این جلاب ریخت
کلک جامی نخل مریم شد که چون جنبش نمود
تازه و تر میوه ها پیراهن احباب ریخت"
