ID,author,text
1,ahamad seif,"

زیادی دارد. ..روشهای غربی تجزیه سوریه مسئله کُردستان و تشکیل کشوری جدید 116 آیا آمریكا به دنبال تجزیه سوریه است؟ پیش از این گفتیم كه آمریكا در تشكیل مجمع ملی كردستان سوریه نقش اساسی داشته است و قطعا در این منطقه خود را در زمره ذینفعان می بیند . به طور كلی تئوریسین های آمریكا معمولا به تجزیه كشورهای خاورمیانه علاقه مند هستند. یكی از مثال های بارز آن تئوری"" گالیور و لیلی پوتی ها"" است كه توسط جیمز بلك ول از تئوریسین های مهم آمریكا در كتاب ""صاعقه در صحرا "" مطرح شده است. به طور خالصه این تئوری با تشبیه استراتژی و جنگ خاورمیانه آمریكا و اسرائیل در منطقه با داستان گالیور به این نتیجه می رسد كه آمریكا باید 6 كشور منطقه را كه یكی از آن كشورها سوریه اس ت را تجزیه كند و آنقدر این كشور ها كوچك بشوند تا اسرائیل بتواند در منطقه عرض اندام كند. در واقع لیلی پوت های كوچك، كشورهای تجزیه شده هستند و در این تئوری اسرائیل قرار است نقش گالیور را بازی كند كه در داستان می توانست به راحتی لی لی پوت های كوچك را در كف دست خود بگیرد. این تئوری همچنین می افزاید كه هدف آمریكا در منطقه بهره برداری از منابع انرژی است. البته خارج از دنیای تئوری، آمریكایی ها همیشه ردپایی از خود برای تجزیه كشورها به جا گذاشته اند. چندی پیش اور شلیم پست گزارش داد كه در مالاقاتهایی كه نمایندگان مجمع ملی كردستان، سفیر آمریكا در سوریه و ..روشهای غربی تجزیه سوریه مسئله کُردستان و تشکیل کشوری جدید 117 همچنین فردریك هوف، هماهنگ كننده ویژه امور سوریه برای آمریكا حضور داشتند، بحث تجزیه سوریه را مورد بررسی قرار داده اند. شركو عباس رئیس مجمع ملی كردستان سوریه در همین خصوص در مصاحبه با رسانه های گروهی اظهار كرده بود كه اعضای این جلسه همچنین دیداری با جفری فلتمن، معاون وزیر امور خارجه آمریكا داشته اند و اعضا در جلسات خود تجزیه سیاسی جمهوری عربی سوریه به مناطق گوناگون مذهبی و نژادی مختلف و تشكیل یك كردستان مستقل را مورد كنكاش قرار داده اند. بسیاری بر این عقیده هستند كه آمریكا به دنبال تشكیل كردستان بزرگ است و در طرح ترسیم دوباره خاورمیانه به دنبال تجزیه كشورها است. البته شاید عدم توفیق تروریست ها در مبارزه با اسد بتواند دلیلی باشد تا آمریكا به سایر راه حلها برای تضعیف اسد توجه بیشتری بكند كه قطعا مهمترین این راهحلها تجزیه سوریه است .اما در تحولات میدانی آمریكا انتظار كردهای سوریه را برآورده نكرده است.آمریكا همچنان از اسلام گرایان تندرو حمایت نظامی و تسلیحاتی می كند. در واقع بیانیه اخیر دولت آمریكا در خصوص استفاده اسد از سلاح شیمیایی و حمایت تسلیحاتی مخالفان در سوریه، سوال های زیادی را به جا گذاشت. یكی از این سوال ها این است كه آمریكا چرا هیچگونه آلترناتیوی برای اسلام گرایان تندرو ندارد و در صورت پیروزی آنها بر بشار اسد ممكن است یك حكومت تندرو از اسلام گرایان وهابی و سلفی بر سر كار بیاید و قیام علیه بشار اسد كه آمریكا كلید زننده آن بود"
10,ahamad seif,"

آوردند. بنابراین در بررسی این مورد نیز باید تصریح کنیم که چنین طرحی می تواند به منظور بررسی و بهبود در این اندیشکده ها مطرح شده باشد و با رفع نقص های این سناریو به تدریج و در بلندمدت یا میان مدت برای سوریه آماده اجرا شود. طرح اندیشکده نزدیک به اسرائیل برای تشکیل دولت علوی در سوریه اندیشکده که طرح تشکیل دولت علوی را مطرح کرده، عموما سیاست های طیف لیبرال جمهوری خواه را مطرح می کند. این اندیشکده اما بیش از آن به اندیشکده ای نزدیک به اسرائیل شناخته شده است. اندیشکده در سال 1985 توسط""مارتین ایندک ""، یکی از مدیران آیپک ( ) بنیان گذارده شده و هدف آن تمرکز بر مطالعه و تحقیق بر روی مسائل خاورمیانه در ارتباط با منافع آمریکا و اس رائیل است. در تحلیل اخیر این اندیشکده که ""مایکل آیزنشتات"" در آن به ""سوریه پس از بشار اسد "" پرداخته است، به صراحت از ایجاد یک ""دولت علوی "" در غرب سوریه سخن گفته شده است. این دولت فرضی در شمال غربی کشور سوریه و در حاشیه سواحل دریای مدیترانه از بندر طرطوس تا بندر الذقیه تشکیل می شود. کشور علوی فرضی از جنوب به لبنان، از شمال به جنوب غربی ترکیه، از شرق به مناطق باقی مانده از سوریه و از غرب به دریای مدیترانه محدود شده است. منطقه ای که ظرفیت های تجاری قابل توجهی دارد و در این طرح واصل بین مناطق داخلی سوریه، عراق و اردن معرفی شده است. با این فرض باید سوریه امروزی را به ..روشهای غربی تجزیه سوریه روشها و نوع تجزیه سوریه توسط غرب 167 2 ،3 و یا4 کشور کوچک تر تقسیم کنیم. کشوری که شمال غربی آن در دست علوی ها باشد، شمال آن در اختیار کردهای سوریه قرار بگیرد و جنوب و شرق نیز به اهل سنت این کشور ارث برسد. البته دروزی ها در جنوب سوریه و در همسایگی شرقی لبنان نیز ممکن است گزینه ای برای ایجاد کشور چهارم باشند. این فرضیه برای بازیگران خارجی و همسایگان سوریه امروزی سود و زیان های متفاوتی دارد. توجه به این نکته ضروری است که بحران امروز سوریه بیش از این که برآمده از خواسته های مردم این کشور باشد، به منازعه ای بین المللی و منطقه ای تبدیل شده است که هریک از بازیگران تالش میکنند منفعت خود را در آینده این کشور تضمین کنند. مطالعات گسترده فرانسوی ها برای تجزیه سوریه این پروژه از سوی مرکز مطالعات اطلاعاتی فرانسه و مرکز بین المللی مطالعات و پژوهش ها در زمینه تروریست و کمک به قربانیان تروریست صورت گرفته است، در این پروژه یک هیئت از کارشناسان بین المللی از 3 تا 10 دسامبر به سوریه رفته اند تا ارزیابی های خود را به صورت مستقل در مورد حواث سوریه بنویسند . این هیئت ارزیابی خود را با دیدارهایی با نمایندگان مختلف معارضان در خارج از سوریه پایان داد، این هیئت در مطالعات خود از گروهی از تحلیلگران و کارشناسان مسایل خاورمیانه در اروپا و بسیاری از شهروندان سوری و کارمندان دیپلمات در کشورهای عربی و اروپایی و روسای سازمان های جاسوسی"
11,ahamad seif,"

جهانی اول بار دیگر می تواند تکرار شود. یک عضو کمنیست در این باره گفته است: « عراق، سوریه و اردن می توانند از بین بروند و فلسطینی ها به ملت های جدیدی که ایجاد می شوند بپیوندند. » این گمانه با ادامه شهرک سازی ها در کرانه باختری رود اردن نیز تایید می شود. به عالوه اینکه هر 2 کشور سوریه و اردن میزبان شمار بسیاری از آوارگان فلسطینی هستند. شمار فلسطینی ها به ویژه در اردن به گونه ای است که تخمین درباره سهم آوارگان فلسطینی در جمعیت اردن از 50% تا90% متغیر است. بنابراین ممکن است اسرائیلی ها چنین استدالل کنند که فلسطینی ها حالا پس از سال ها، دیگر باید این سرزمین ها را کشور جدید خویش در نظر بگیرند. به عبارت دیگر اسرائیل بدون هیچ گونه اجبار یا انگیزه ای برای تن دادن به صلح با فلسطینی ها، در مسیری گام بر می دارد که صورت مسئله فلسطین را به کلی پاک کند. در بررسی این فرضیه البته باید نقش بلوک عربی، آمریکا و روسیه و ایران را نیز در نظر بگیریم. بلوک عربی منافع خود را در سرنگونی بشار اسد تعریف ..روشهای غربی تجزیه سوریه روشها و نوع تجزیه سوریه توسط غرب 173 کرده و با ایجاد دولت یا منطقه سنی نشین در شرق سوریه نیز خرسند خواهد شد. آمریکا نیز هرچند تمایلی برای تجزیه سوریه از خود نشان نمی دهد، اما با تغییر تمرکز خود از خاورمیانه به شرق دور آسیا می تواند منافع خود را در مجموعه متنوعی از سناریوهای پیش رو تضمین کند. به عبارت دیگر اگر جنس تحولات و اقتضای شرایط سوریه به این سمت برود، آمریکایی ها توانایی هماهنگ کردن خود با این سناریو را دارند. به علاوه اینکه همان گونه که ترکیه می تواند خود را سپر دفاع از کردها در برابر گروه های تکفیری مسلح نشان بدهد، کشورهای غربی و به ویژه آمریکا نیز می توانند چنین استدلالی را برای علوی های ساکن سوریه مطرح کنند و مدعی حمایت از آن ها در برابر گروه هایی شوند که به چیزی جز مرگ علوی ها راضی نمی شوند. با این حال توجه اندک به نقش روسیه در این فرضیه از نقاط ضعف آن است. هرچند دولت علوی فرضی قرار است در مناطقی تشکیل شود که پایگاه دریایی روسیه در آن قرار دارد، اما منافع روس ها در موضوع سوریه گسترده تر و عمیق تر از آنی است که به حفظ پایگاه دریایی طرطوس خالصه شود. البته از دیگر نقاط ضعف این سناریو ، اختصاص بهترین نقاط تجاری و استراتژیک سوریه به دولت علوی فرضی است. به نظر نمی رسد بازیگران منطقه ای و بین المللی دلیلی برای این قدر سخاوت در برخورد با علوی های سوریه داشته باشند. به علاوه اینکه دیگر گروه ها به ویژه اهل سنت سور یه نیز پس از ماه ها درگیری خونین به دشواری می پذیرند که راضی به تصاحب فقط بیابان های شرق سوریه شوند. ..روشهای غربی تجزیه سوریه روشها و نوع تجزیه سوریه توسط غرب 174 همسایگان سوریه، نگران تجزیه این کشور کشورهای همسایه سوریه بطور فزاینده ای نگران آنند که"
12,ahamad seif,"

کشور در زمینه اعطای خود مختاری به آنان از سوی کارشناسان مسائل منطقه به عنوان تاکیدی بر طرح اسراییلی تجزیه سوریه و تشکیل دولتی کرد در منطقه که یک سوی آن تا ..روشهای غربی تجزیه سوریه روشها و نوع تجزیه سوریه توسط غرب 177 .سواحل مدیترانه کشیده شده، ارزیابی می شود اسراییل از اوایل دهه هشتاد تاکنون بر روی طرح تجزیه سوریه کار می کند، اما در سوریه بدون سرنگونی اسد جنگ داخلی صورت نخواهد گرفت و چنانچه این امر محقق شود، جنگ داخلی در سوریه اجتناب ناپذیر است و طرح تجزیه سوریه توسط اسراییل آغاز خواهد شد. ..فهرست منابع اینترنتی: ://../ ../ -// - - - - - ../ -// - - - - -- - .. :// -./ .. .. . ./ - .. ://.. .. ://.// ...."
13,ahamad seif,"

روشها و نوع تجزیه سوریه توسط غرب 153 چهار سناریو در ترسیم آینده سوریه شورشیان سوریه در مبارزه علیه دیکتاتوری پیشرفتهایی داشته اند و ناتو به فروپاشی قریب الوقوع رژیم اسد امیدوار است. ولی می پرسیم آیا این فروپاشی به وقوع خواهد پیوست؟ جنگ داخلی به کجا خواهد انجامید؟ آیا رژیم رئیس جمهور بشار اسد در آستانه فروپاشی است؟ طی ماه های اخیر شورشیان بر نفوذ و فتوحات خود افزودهاند و فشار بر رژیم سنگینی می کند، بهطوری که آندرس فوگ راسموسن، دبیرکل پیمان ناتو، فروپاشی رژیم سوریه را قریب الوقوع ارزیابی کرده است . به نظر می آید روسیه نیز خود را برای دوره ی پس از سرنگونی اسد آماده میکند، هرچند که مس کو اظهارات میخائیل بوگدانف، معاون وزیر امورخارجه این کشور را تعدیل کرده است. خبرگزاریهای روسی از قول وی گفته بودند که رژیم اسد کنترل کشور را از داده و شورشیان احتمالا پیروز خواهند شد. حال الکساندر لوکاشویچ، سخنگوی وزارت امور خارجه روسیه می گوید: « موضع روسیه در قبال بشار اسد تغییر نکرده و نخواهد کرد .» معظلات بشار اسد در سوریه از قرار معلوم گاهی ورق به سود شورشیان برمیگردد و بشار اسد حامیان خود را از دست می دهد. حدود ده هزار سرباز ارتش و شبه نظامی در این میان ..روشهای غربی تجزیه سوریه روشها و نوع تجزیه سوریه توسط غرب 154 کشته شده اند. جوانانی که به سن خدمت سربازی رسیده اند از کشور میگریزند؛ و حکومت باید به نیروهای ذخیره از سنین بالاتر از میان اقلیت مذهبی علوی اتکا جوید و آنها را به صحنه ی جنگ فرا بخواند .از زمانی که شورشیان موشکهای پدافندی پایگاه نظامی حلب را تسخیر کرده اند، حریم هوایی برای جنگندههای اسد نیز دیگر نامحدود نیست. در این شرایط بخش عمدهی اقتصاد سوریه در پی تحریم ها و جنگ داخلی فروپاشیده است. برای آیندهی این کشور، چهار سناریو به شرح زیر توسط غرب و اسراییل و هم پیمانانش ترسیم میشود. سناریوی اول: پیروزی شورشیان در این گزینه که احتمال وقوع آن بسیار پایین به نظر میرسد، شورشیان سوریه موفق می شوند مناطق بزرگی از کشور را تحت کنترل خود درآورند. رزمندگان طرفدار رژیم دست به فرار می زنند و مخفی می شوند. نیروهای شورشی پیروزمندانه وارد دمشق شده و بشار اسد را مییابند. حیات رژیم به پایان رسیده و شورشیان به پیروزی رسیده اند. آنها با همکاری 130 کشوری که ائتلاف ملی را به رسمیت شناخته اند، تالش می کنند مرحله ی بعد را سازماندهی کنند . از نظر تحلیل گر اشپیگل، احتمال به وقوع پیوستن این سناریو کمتر وجود دارد، زیرا شورشیان گروهی یکدست در سراسر کشور به حساب نمی آیند. بنابرا ین بیشتر باید بر روی احتمال شکل گیری روند زیرین حساب کرد. ..روشهای غربی تجزیه سوریه روشها و نوع تجزیه سوریه توسط غرب 155 :سناریوی دوم شکلگیری گرو ههای جنگ ساالر سناریوی جنگساالری مدت هاست که شکل گرفته و میتواند، صرف نظر از اینکه بشار اسد آزاد، زنده یا مرده باشد، به همین صورت ادامه یابد. بر ا ین اساس هیچ گروه شبهنظامی نخواهد ت وانست تمام کشور را تحت کنترل خود درآورد. بنابراین قدرت در"
14,ahamad seif,"

خواهد شد. یک قسمت طرفدارن اسد و علوی ها و قسمت بعدی سنی ها و مخالفان اسد و تکفیری ها. در این حالت دو استان طرطوس و الذقیه که علوی نشین و زادگاه علویان و خاندان اسد است به علاوه شیعیان ادلب، از کشور جداشده و توسط علوی ها اداره می گردد. با فرض این گزینه، اسد به حکومتش در این بخش از کشور ادامه خواهد داد. البته در این شرایط احتمال این که کردها نیز خواستا ر خود مختاری باشند بسیار جدی به نظر می رسد. تجزیه سوریه یکی از محتملترین نقشه های پیش رو بوده است. در دو سال گذشته، مخالفین در ابتدای بحران، شروع به اقدامات مسلحانه علیه دولت سوریه کردند. بعد از آن که با واکنش های سخت ارتش مواجه شدند، در کنار عملیات مسلحانه تصمیم به طرح تجزیه این کشور گرفتند. این سناریو در حال حاضر نیز در فهرست برنامه های مخالفان قرار دارد چرا که طی بحران، آنها به خوبی فهمیده اند که از لحاظ نظامی توان شکست ارتش سوریه را ندارند؛ در نتیجه بر این حالت به عنوان یکی از مهم ترین گزینه های پیش رو تاکید می ورزند. اما با توجه به تحولات میدانی سوریه، به نظر می رسد این ..روشهای غربی تجزیه سوریه روشها و نوع تجزیه سوریه توسط غرب 132 وضعیت نیز مانند دیگر برنامه های مخالفان، با ناکامی نسبی مواجه شده است. قبال تروریست ها بر تجزیه سوریه بیش تر تاکید داشتند. زیرا ارتش این کشور، درگیر یک جنگ فرسایشی بود و از لحاظ آمادگی، در وضعیت نامساعدی قرار داشت. با بازسازی ارتش، اکنون این نیرو در سوریه تقویت شده و هر روز شاهد پیشروی ها و موفقیت های جدیدی هستیم. با شکست مخالفان و انقالبیون مستقر در سوریه در نقاط مختلف، اکنون آن ها تمام تمرکز خود را بر استان حمص و اطراف آن گذاشته اند. طبق ارزیابی تحولات میدانی سوریه، شهر القصیر در استان حمص اکنون به شدت از طرف ارتش مورد هجوم قرار می گیرد و به نظر می رسد آخرین پایگاه مهم آنان نیز توسط ارتش پاکسازی شود. با توجه به سرکوب شورشیان، تحقق تجزیه سوریه در فاصله ای نزدیک بعید خواهد بود. چون ارتش سوریه نقطه به نقطه این کشور را یا پاک سازی کرده یا در حال سرکوب شورشیان و مخالفان است. از طرفی دیگر، این امر نیازمند تفرقه بین گروه های مختلف است. در صورتی که در سوریه سنی ها، شیعیان و علوی ها به همراه بخش زیادی از کردها علیه مخالفان می جنگند. تکرار تجربه سودان در سوریه آیا تجربه تلخ سودان و تجزیه یک کشور عربی این بار در سوریه بزرگ تکرار خواهد شد؟ کسی پاسخ دقیقی نمیتواند بدهد؛ اما همه می دانیم که وضعیت بغرنج، سوریه بزرگ را به کشوری که ملتش از آن گریزانند تبدیل کرده است. مشکل این جاست که این جنگ داخلی هم نیست؛ بلکه به جنگی نیابتی ..روشهای غربی تجزیه سوریه روشها و نوع تجزیه سوریه توسط غرب 133 تبدیل شده است. میدانیم امروز ایده اصلی طرفین در نزاع سیاسی، مصوبات ژنو است که آن کنفرانس را دول خارجی بیشتر هدایت کردند. شاید برخی"
15,ahamad seif,"

سوریه در دستور قرار می گرفت. .. :فصل ششم روشها و نوع تجزیه سوریه توسط غرب ..روشهای غربی تجزیه سوریه روشها و نوع تجزیه سوریه توسط غرب 125 ادامه جنگ در سوریه و امکان تجزیه تحولالت روزهای اخیر در سوریه نشان می دهد نظام بشار اسد آن گونه که برخی فکر می کردند به سادگی نمی تواند سرنگون شود. محور اسالم سنی- ناتو که با حضور ترکیه- قطر- اخوان المسلمین و در پشت آنها عربستان شکل گرفته است با جدی تر شدن بحران سوریه و تشدید درگیریها در تنگنا گرفتار شده است. در همین حال به نظر می رسد تناقض های مذهبی و قومی در تعیین آینده سوریه نقش زیادی خواهد داشت به ویژه که باید این واقعیت را مد نظر قرار داد که جنبش حزب اهلل، مورد حمایت سوریه و ایران اکنو ن به شکل مستقیم وارد درگیری ها شده است و از سوی دیگر نیز گفته می شود دولت منطقه ای کردستان عراق در حال آموزش دادن کردهای سوری است تا مانع سیطره گروه های سلفی بر مناطق کردنشین شمال سوریه شود. با توجه به این حقایق، احتمال تقسیم شدن سوریه به سه یا چهار منطقه، وجود دارد و اگر چنین اتفاقی بیافتد، نظام اسد (علویها) مناطقی را از دمشق تا ساحل دریای مدیترانه در کنترل خود خواهند داشت و احتمال تشکیل دولتی سنی و دولتی کُرد و شاید هم دولتی دروزی در سوریه دور از انتظار نیست. در مراحل بعدی به نظر می رسد بشار اسد درصدد انتقام جویی بر خواهد آمد و با توجه به پیچیدگی های مذهبی و قومی در خاورمیانه، موج تجزیه به ترکیه و عربستان و امارات نیز سرایت خواهد کرد. به همین علت ترکیه و قطر و امارات و عربستان بر سرنگونی نظام بشار اسد از طریق ..روشهای غربی تجزیه سوریه روشها و نوع تجزیه سوریه توسط غرب 126 مداخله نظامی اصرار دارند .به نظر می رسد این کشورها در دام افتاده اند . زیرا اگر بشار اسد از این بحران سالم خارج شود ، قدرتمندتر و بانفوذتر خواهد شد و محور مقاومت مستحکم تر خواهد شد. در نتیجه، بشار اسد و محور مقاومت زمینه را برای انتقام گرفتن از این کشورها از طریق دامن زدن به تنش های داخلی فراهم خواهند کرد. بشار اسد در این بازی استاد است . با توجه به آنکه منافع قدرتهای بزرگ با خواسته های کشورهای کوچک همسو نیست و سیاست آمریکا در منطقه خاورمیانه نیز سال هاست در چارچوب حفظ منافع اسرائیل، تامین انرژی، و مبارزه با تروریسم قرار گرفته و روسیه نیز ثابت کرده است به حفظ نظام سوریه پایبند است و در حمایت سیاسی و نظامی از آن تردید نخواهد کرد و حتی از تحویل سامانه موشکهای اس سیصد به دمشق خبر داده است، از این رو نمی توان به طور قطع و یقین از روشن شدن سرنوشت در کو تاه مدت سخن به میان آورد. بنابراین اگر درگیریها ادامه یابد، با توجه به پیچیدگیها و تنوع قومی و مذهبی در خاورمیانه امکان سرایت و گسترش دامه درگیریها به کشورهای همسایه و خطر تجزیه وجود خواهد داشت. آمریکا تالش می کند تا"
16,ahamad seif,"

است توسط این گروه به سرقت برود. این دقیقا همان مسئله ای است كه شركو عباس رئی س مجمع ملی ..روشهای غربی تجزیه سوریه مسئله کُردستان و تشکیل کشوری جدید 118 كردستان سوریه در20 جون 2013 در مصاحبه خود با الجزیره به آن اشاره كرده است.شركو عباس در این مصاحبه گفت كه آمریكا باید به جای حمایت نظامی از رادیكال ها، باید از گروه های دموكراتیك و استقلال خواه حمایت كند. عباس در آن مصاحبه هشدار داد كه حمایت تسلیحاتی اوباما از مخالفان تندرو می تواند خطرساز باشد. به شكلی كه پس از آنكه آنها بر اسد غلبه كردند این سلاحها ممكن است بر علیه خود آمریكا و یا متحدانش در منطقه استفاده شود. رئیس مجمع ملی كردستان سوریه همچنین بیان كرد كه اوباما مدتی است كردهای سوریه را در نظر نمی گیرد و این به معنی چشم پوشی از نقش قوی میانجی گری كردها بین درگیری های فرقه ای سنی و شیعه در سوریه است. عباس همچنین هشدار داد رویه كنونی باعث برگشت اسد به قدرت می شود و جنگی خونین تر شروع خواهد شد و این وضعیت نه تنها به نفع اقلیت های سوریه نیست، بلكه باعث پاكسازی تدریجی آنها می شود. به نظر می رسد كه دولت آمریكا می خواهد طرح ایجاد كردستان سوریه را زمانی به صورت جدی دنبال كند كه حكومت اسد سقوط كرده باشد و تاكنون اقداماتی كه انجام داده در فاز مطالعه و زمینه سازی بوده است. ..روشهای غربی تجزیه سوریه مسئله کُردستان و تشکیل کشوری جدید 119 پنج مانع برای عدم ایجاد حكومت كردستان سوریه نخست؛ تركیه مهمترین عاملی است كه به طور جدی از تجزیه سوریه دچار ضرر می شود و تمام توان خود را برای جلوگیری از این اتفاق به كار خواهد برد. تركیه در یك جبهه در حال مبارزه با ""پكك"" است و بشدت با جاه طلبیهای سیاسی كردهای سوریه كه برخی از آنه ا از هواداران عبدالله اوجاالن رهبر زندانی""پكك"" هستند مخالف است و از هرگونه تالشی برای جلوگیری از ایجاد كرستان سوریه دریغ نكرده است. در واقع عزم تركیه برای جلوگیری از تشكیل یك مینی كردستان دیگر در نزدیكی مرز خود مثال زدنی است و تركیه می داند در صورت تشكیل كردستا ن سوریه، كردهای تركیه تحریك شده اند و تركیه به شدت در خطر تجزیه قرار می گیرد. دوم؛ رهبران اپوزیسیون عرب در سوریه از خواسته كردها ناراحت به نظر می رسند. آنها می گویند تقاضای همه گروهها، سرن گونی اسد بوده و در این میان مجمع ملی كردستان سوریه به دنبال فدرالیزه كردن سوریه است كه آنها این امر را بر نمی تابند. در واقع می توان گفت كه بین گروه های مخالف رژیم سوریه تنها كردها هستند كه اولویت اول خود را سقوط اسد نمی دانند. سوم؛ كردها در سوریه تنها نژادی هستند كه به طور گسترده بحث استقلال را مطرح كرده اند. ارم نیها، ترك ها، چركس های آسیان تبار و یهودیان از ..روشهای غربی تجزیه سوریه مسئله کُردستان و تشکیل کشوری جدید 120 اقلیتهای نژادی این كشور هستند كه تاكنون در این زمینه تالش چشمگیری نداشته اند. این می تواند به دلیل"
17,ahamad seif,"

تجزیه سوریه روشها و نوع تجزیه سوریه توسط غرب 162 8- گروههای انقلابی در چهار ماه گذشته به طور بی سابقه ای در برابر ارتش سوریه عقب نشینی کرده اند و تعداد آنها در میادین درگیری به یک سوم کاهش یافته است و در مناطق تحت محاصره یا مناطق غیرمرتبط با یکدیگر فعالیت می کنند و قدرت حمله به دمشق یا بستن مسیری بین المللی یا محاصره شهری مهم را ندارند . ارتش آزاد و انقلابیون هنگامی که شرایط ب رای دست یافتن به اهدافشان بسیار مناسب تر از اکنون بود، نتوانستند به اهدافشان دست یابند. بنابراین آیا در این شرایط که گروه های وابسته به آنها در سوریه دچار ضعف و نزاع شده اند، می توانند به اهدا ف خود دست یابند؟ عربستان پیش از تصدی مدیریت جنگ سوریه باید به این نکته توجه می کرد و آمریکا مأموریتی را به عربستان واگذار کرد که می دانست اجرای این مأموریت غیرممکن است . پس باید پرسید چرا آمریکا این مأموریت غیرممکن را به عربستان سپرد؟ آمریکا پس از ناکامی ها یی که طی 2 سال گذشته متحمل شده ، مدیریت جنگ سوریه را همزمان با تغییر قدرت در قطر و تحوالت ترکیه به عربستان واگذار کرد؛ حال باید پرسید که آیا آمریکا طرحی مشابه طرح نابودی سوریه را برای عربستان آماده کرده است، تا این طرح را پس از ناکامی عربستان در اجرای طرح ن ابودی سوریه اجرا کند؟ و آیا عربستان می داند که پس از ناکامی در میدان جنگ سوریه خود نیز گرفتار بحرانی مشابه بحران سوریه خواهد شد، و آمریکا طرح از پیش تهیه شده تجزیه منطقه را دنبال خواهد کرد؟ ..روشهای غربی تجزیه سوریه روشها و نوع تجزیه سوریه توسط غرب 163 گزارش ها و اظهارنظرها درباره تجزیه سوریه سرانجام بحران سوریه چه خواهد شد؟ برای این پرسش پاسخ های متعددی مطرح شده است که برخی قوت بیشتر و برخی احتمال کمتری دارند. احتمال تجزیه کشور سوریه به 2 یا3 کشور کوچک تر از جمله فرضیه هایی است که به تازگی مکرر مطرح می شود. از آغاز درگیری های نظامی در سوریه نزدیک به یک سال می گذرد و به اذعان مخالفان و حامیان دولت سوریه، نه مخالفان بضاعت سرنگونی دولت را دارند و نه ارتش سوریه تاکنون توانسته است این درگیری ها را به پایان برساند. میخائیل بوگدانوف، نماینده ویژه رئیس جمهور روسیه در خاورمیانه و معاون وزیر خارجه این کشور مدعی شده است که نیروهای دولتی سوریه، بیش از پیش کنترل خود بر این کشور را از دست می دهند و این احتمال هست که مخالفان بر نظام بشار اسد پیروز شوند. این نخستین بار است که یک مقام روس درباره پیروزی های مخالفان در سوریه سخن می گوید. البته یکی از اندیشکده های آمریکایی که به صورت ویژه به تحولات نظامی در خاورمیانه می پردازد ، نقشه درگیری های دمشق را منتشر کرده است. در نقشه ای که ""موسسه مطالعات جنگ آمریکا "" ( ) منتشر کرده، مدعی شده است که حدود نیمی از محدوده شهر ..روشهای غربی تجزیه سوریه روشها و نوع تجزیه سوریه توسط غرب 164 دمشق (سمت شرقی آن)"
18,ahamad seif,"

درگیری و فضای بیمار درون جامعهی سیاسی خود را دارند .» فهرست این کشورها در گزارش 2012 شورای شامل میشود بر افغانستان، پاکستان، بنگلادش، چاد، نیجر، نیجریه، مالی، کنیا، ..روشهای غربی تجزیه سوریه روشها و نوع تجزیه سوریه توسط غرب 136 بروندی، اتیوپی، روآندا، سومالی، کونگو، ماالوی، هائیتی و یمن. (ص 39 )گزارش در گزارش پیشین شورا در سال 2005 که در دومین دوران ریاست جمهوری بوش پسر منتشر شده بود، این شورا پیشبینی کرده بود که پاکستان تا سال 2015 سقوط خواهد کرد و این سقوط تحت تاثیر جنگ داخلی خواهد بود، تسلط طالبان بر این کشور کامل خواهد شد و طالبان تالش می کند بر سالحهای اتمی پاکستان دست پیدا کند. پاکستان در این گزارش با یوگوسالوی مقایسه شده بود که به هفت دولت محلی تقسیم شد، بعد از یک دهه ""جنگ داخلی "" که هزینههایش را ناتو پرداخت کرده بود . شورای پیشبینی کرده بود که پاکستان «سرنوشتی مشابه یوگوسالوی » پیدا کرد، آن هم در کشوری که « درگیر جنگ داخلی، خون ریزی و شورشهای محلی » شده است. در این گزارش قید شده دولت های شکستخورده، آشیان هایی امن برای «گروههای افراطی سیاسی و مذهبی » خواهند بود (ص143 )، هرچند این گزارش این حقیقت را تایید نمیکند که ایالات متحده و کشورهای همپیمان امریکا از دهه ی 1970 ، در خفا از گروهها و سازمانهای افراطی مذهبی حمایت می کردند تا دولتهای سکولار منطقه را سرنگون کنند. پاکستان و افغانستان هر دو در دهه ی 1970 ، دولت هایی سکولار داشتند . سرنوشتی مشابه یوگوسالوی یا سومالیِ « دولتهای شکستخورده » در نتیجه جداییهای اجتماعی داخلی این کشورها نیست، بلکه این ابزار استراتژیک اِعمال شده بر این کشورها از طریق عملیاتهای پنهانی و دخالتهای نظامی است . ..روشهای غربی تجزیه سوریه روشها و نوع تجزیه سوریه توسط غرب 137 بنیاد صلح مستقر در واشنگتن، هدف ش را ارتقاء « امنیت دست یافتنی از طریق تحقیق » اعالم کرده است و هر سال« نمایه کشورهای شکستخورده » را بر اساس موضوع ریسک منتشر میکند. سی و سه ک شور (بر پایه ریسک شدید یا محدود) در این نمایه شامل شده اند. به گفتهی بنیاد صلح، این دولتها « هدف سازمانهای مرتبط با ال قاعده » قرار میگیرند . هرچند در این گزارش اشاره ای به تاریخ گسترده ی ارتباط القاعده یا سازمان های امنیتی امریکا نمیشود، همچنین به نقش القاعده در تقسیم حقیقی و ناپایدار کردن دولتهای خاورمیانه، آسیای مرکزی و بالای صحرا در افریقا نیز اشاره ای نمیشود. فعالیت های جهادیون القاعده در این بخش جهان ارتباطی مستقیم با برنامههای تبلیغاتی پوششی استعمار جهانی دارد . دولتهای شکست خورده » و« ضعیفتر: » تهدیدی برای امریکا در منطقی منحرف، « دولتهای ضعیفِ شکست خورده» ، به گفتهی کنگره ی امریکا، تهدیدی جدی برای امنیت ایالت متحدهی امریکا هستند. در نامه ای از کنگره عنوان شده است، « تهدیدهای بسیاری از جانب دولتهایی علیه ما موجود است که میتوان آن ها را ضعیف، شکننده، تغییرپذیر، شکستخورده، متزلزل، در حال سقوط، در بحران یا ویران شده خواند.» بعد از آنکه جنگ سرد در اوایل دهه ی 1990"
19,ahamad seif,"

کشور نیز این مرکز را حمایت می کند. بر اساس اظهارات وی نیروهای مخالف دولت سوریه بعد از فرا گرفتن دوره های آموزشی در این مرکز عازم سوریه می شوند تا در عملیات درگیری علیه دولت سوریه وارد شوند. اظهارات چورکین با وجود اهمیتی که دارد، تنها بخشی از نمونه هایی است که نشان می دهد افراد مسلح از تابعیت های مختلف از جمله اروپایی در روند ساقط کردن بشار اسد رئیس جمهور سوریه وارد عمل شده اند. این در حالی است که لیبی در دوره کنونی خود که بین مرحله دیکتاتوری و شورای ملی گم شده، بهترین نقش را می تواند در اجرای طرح های غرب در زمینه سوریه داشته باشد، چرا که هرج و مرج ایجاد شده در این کشور و به راه افتادن قطار تجزیه آن به مقامات شورای ملی این امکان را می دهد که اگر بخواهند ..روشهای غربی تجزیه سوریه روشها و نوع تجزیه سوریه توسط غرب 149 از مسئولیت های هر اقدامی علیه دمشق شانه خالی کنند، این تا زمانی است که دولت جدید لیبی به صورت نهایی روی کار نیامده و تسلط خود را بر تمامی بخش های لیبی ایحاد نکرده است. به این ترتیب برای کشورهایی که می خواهند خط بازگشت به اسد را برای خود محفوظ داشته باشند، بهترین گزینه این است که به لیبی متوسل شوند تا این مأموریت را انجام دهد، البته برخی از کشورها مانند عربستان سعودی و قطر به صورت علنی از ضرورت حمایت از مخالفان دولت سوریه با پول و سالح سخن می گویند، اطلاعاتی نیز در چندین منابع اطلاعاتی وجود دارد که نشان می دهد سلاح های سعودی از طریق اردن و سایر کشورها به سوریه منتقل می شود تا علیه دولت مورد استفاده قرار گیرد. تمامی این حوادث تصویر کاملی نشان می دهد از تمایل زیاد برخی کشورها در بالا بردن روند بحران در سوریه تا بتواند آن را به ادامه درگیری ها و هرج و مرج بکشاند و شکاف بین ساختارهای جامعه سوری را افزایش داده و به این ترتیب جنگ داخلی را در این کشور ایجاد کند، جنگی که دیگر متوقف کردن آن کاری سخت خواهد بود، بویژه زمانی که لباس مذهبی و قومی گرایی بر تن کند و بتواند شکاف ها را عمق داده و اعتماد را میان ساختارهای مختلف جامعه سوریه از بین ببرد. به این ترتیب این زیربنای اساسی هر حرکتی در سوریه به شمار میرود و ایجاد مناطق امن و گذرگاه های انسانی و اردوگاه های آوارگان در کشورهای همسایه نیز به دنبال این است که ایده تقسیم را در آینده مطرح کند، درست مانند اصطلاحاتی که پیشتر در عراق و سودان مورد استفاده قرار گرفته بود. ..روشهای غربی تجزیه سوریه روشها و نوع تجزیه سوریه توسط غرب 150 طرح های آماده شده علیه سوریه به مرور زمان نشان داد که چیزی فراتر از براندازی بشار اسد را هدف قرار گرفته و می خواهد پروژه دولت سوریه را تخریب کند و هرج و مرج و ناامنی و جنگ داخلی را در این کشور ایجاد کند تا زمینه های تجزیه آن را فراهم کند، این نظریه ای است که"
2,ahamad seif,"

می کرد که قطعنامه و مصوبات بی پایان را صادر خواهد کرد. ولی این 133 کشور..روشهای غربی تجزیه سوریه روشها و نوع تجزیه سوریه توسط غرب 160 هم اکنون به کمتر از نصف کشور کاهش یافته است و آمریکا دیگر مثل قبل نمیتواند تهدید کند. 3- ایجاد مناطق امن ، منطقه پرواز ممنوع ، کریدورهای بشردوستانه و غیره قبلا بخشی از جنگ روانی آمریکا بود، ولی آمریکا امروز اعلام می کند که همه این امور قابل اجرا نیست. زیرا به گفته جان کری"" وزیر خارجه آمریکا وضعیت سوریه پیچیده است و مانع اجرای چنین اموری می شود. 4- کمتر از چند ماه پیش کشورهای غربی اعالم کردند که در پی مجهز کردن انقلابیون به سالح های پیشرفته و آموزش دادن به آنها هستند. ولی فرانسه و انگلیس بعداً انصراف دادند و آمریکا نیز اعالم می کند که مسلح کردن و آموزش نظامی انها با مشکلاتی مواجه است ، اما می دانیم که مسلح کردن ارتش آزاد از ابتدای بحران سوریه وجود داشت و در آینده نیز به شکل ها ی مختلف ادامه خواهد داشت و اعلام انصراف از مسلح کردن آنها کم اهمیت تر از مسلح کردن آنها نیست. 5- اخوان المسلمین تصور می کرد که با حمایت های بین المللی می تواند سنگ سوریه را از جلوی پای خود بردارد ، ولی امروز وضعیت کاملا تغییر کرده است و ا خوان المسلمین در موضع دفاعی قرار گرفته اند و در مصر تحت پیگرد هستند و در تونس با مشکل مواجه شده و در اردن امیدی به آینده خود ندارد و در ترکیه نگران وضعیت خود است و سیطره ای بر ائتلاف ..روشهای غربی تجزیه سوریه روشها و نوع تجزیه سوریه توسط غرب 161 ملی سوریه"" که آمریکا برایش تشکیل داده بود ندارد؛ به عبارت دیگر در حالیکه اخوان المسلمین قبال یکی از مجریان طرح های آمریکا به شمار می رفت، امروز دیگر به مشکلی برای آمریکا تبدیل شده است. ۶- گروه های فعال در سوریه تا چند ماه پیش ادعا می کردند که با یکدیگر برای اجرای طرح های اسراییلی آمریکائی همکاری و هماهنگی می کنند، ولی امروز اینگونه نیست . زیرا جبهه النصره (شاخه گروه القاعده در سوریه) گروه ارتش آزاد سوریه را کافر و لازم القتل "" توصیف می کند و النصره و ارتش آزاد سوریه نیز عمالً با یکدیگر وارد درگیری مسلحانه شده اند؛ جنگ ویرانگر این گروه ها با یکدیگر موجب می شود که نتوانند به اهد اف خود دست یابند. 7- لبنان تا دو ماه پیش شاه راهی برای رساندن نیرو و تجهیزات به جنگاوران های فعال در سوریه بود و 40 درصد نیازهای انسانی و تجهیزاتی آن ها از طریق لبنان تأمین می شد. ولی با طرد ارتش آزاد از قصیر و حومه آن و استقرار نیروهای امنیتی سوریه در این مناطق ، لبنان از دست حامیان گروههای مسلح خارج شد و تالش های ناامیدانه طرفهای مرتبط با عربستان از جمله حملات انفجاری و تهدید به منع حزب اهلل از فعالیت سیاسی هیچ فایده ای نخواهد داشت و این طرف ها به این مساله پی برده اند یا باید به آن پی ببرند. ..روشهای غد را"
20,ahamad seif,"

موافق این حرف نباشند که بگوییم جنگ داخلی سوریه، اساساً نه داخلی که کامال خارجی و نیابتی است. اما در دو نکته همه اتفاق نظر دارند: اول این که اشتباه اول را اسد مرتکب شد که اعتراضات مسالمت آمیز را سرکوب کرد تا کار به تعارضات نظامی کشیده شود؛ دوم این که کسی دقیقاً نمیداند تجربه تلخ سودان در سوریه تکرار خواهد شد یا خیر؟ ..روشهای غربی تجزیه سوریه روشها و نوع تجزیه سوریه توسط غرب 134 کلید خوردن پروژه تجزیه پاکستان و سوریه نابودی سوریه و شبیهسازی وضعیت سومالی در آن، تعمدی است. این بخشی از برنامه ی پوششی امنیتی و نظامی امریکا است و هم اکنون این برنامه هدفهای بیشتری را در خاورمیانه، آفریقا و آسیا دنبال می کند تا کشورهای بیشتری را داخل نمایه ی « دولتهای شکست خورده » کند. آخر بازی دیگر « تغییر رژیم » نخواهد بود، بلکه تفکیک و نابودی جغرافیایی سرزمین سوریه خواهد بود . ایاالت متحده ی امریکا، مستقیم یا غیرمستقیم از سال 1945 تاکنون به 44 کشور جهان دست به حمله ی نظامی زده است، به برخی از کشورها بارها یورش برده است. هدف اولیهی چنین دخالت های نظامی، تالش برای ""تغییر رژیم حاکم "" عنوان شده است. ماسک ها و شنل های ""حقوق بشر"" و ""دموکراسی "" مرتب برای توجیه این حمالت استفاده شده است، حمالتی که در حقیقت بدون توجیه واقعی و حقوقی بودند. » برنامهی پنتاگون می گوید چگونه در پنج سال آینده ما هفت کشور را فتح خواهیم کرد، این فرآیند با عراق شروع میشود، به سوریه، لیبی، سومالی، سودان و درنهایت به ایران ختم میشود. من پرسیدم: ""این موضوع محرمانه است؟"" جواب دا د: ""بلی، آقا. "" گفتم: ""خب، پس آن را نشان من ندهید "". (ویزلی کالرک، وبسایت دموکراسی االن، 2 مارچ 2007) ..روشهای غربی تجزیه سوریه روشها و نوع تجزیه سوریه توسط غرب 135 امریکا مدتهاست در « تجارت پاکسازی کشورها از روی نقشه » .فعال است حال، چه کسی کشورها را از روی نقشه محو می کند؟ امریکا یا ایران؟ در طول دورانی که به سخره « عصر پس از جنگ » خوانده میشد – دورهی زمانی شامل از سال 1945 تاکنون– امریکا مستقیم یا غیرمستقیم به بیش از 40 کشور جهان یورش برده است. در زمانیکه سردمداران سیاست خارجی امریکا پیشبینی « گسترش دموکراسی » را دارند، دخالتهای ایالات متحده – به وسیلهی ابزارهای نظامی یا عملیاتهای پوششی کودتا – در عمل نتیجهای به جز ویرانی تمدن ها و تقسیم ملل دیگر، نداشته است . نابودی کشور ها، بخشی از برنامهی امپریالیستی امریکا است، فرآیندی که با هدف تسلط بر سرتاسر جهان دنبال میشود. عالوه بر این، به گفته منابع منتهی به مقامات مسئول دولتی، امریکا در کشورهای خارجی در مجموع 737 پایگاه نظامی دارد. (برپایهی اطالعات من تشر شده در سال 2005 ).میالدی موضوع « دولتهای شکست خورده» شورای اطالعات و امنیت ملی () در واشنگتن، در گزارش رویدادها و گرایشهای جهانی خود (دسامبر 2012« ) پیشبینی »میکند که 15 کشور در افریقا، آسیا و خاورمیانه تا سال 2030 ،« دولتهای شکستخورده » خواهند بود، چون « پتانسیل کافی برای"
21,ahamad seif,"

و می توان گفت كه تشكیل یك مینی كردستان در سوریه حداقل در كوتاه مدت بعید به نظر می رسد. ..روشهای غربی تجزیه سوریه مسئله کُردستان و تشکیل کشوری جدید 122 تالش حزب اتحاد دموكراتیك كردستان سوریه برای تجزیه تركیه گام بزرگ و شجاعانه كردها در سوریه برای رهائی كردستان خشم احمد اوغلو وزیر خارجه تركیه را برانگیخت. وی به حزب "" اتحاد دموكراتیك كردستان"" وابسته به حزب كارگران كردستان ""پ ك ك"" در سوریه هشدار داد تا از تالش برای ""تجزیه "" دست بردارد. تالش این حزب برای تجزیه از سوریه به گسترش درگیری ها و بحرانی شدن بیشتر اوضاع سوریه منجر خواهد شد . داوود اوغلو این اظهارات را پس از آن اعالم كرد كه "" اتحاد دموكراتیك كردستان"" شهر كردنشین ""راس العین "" در مرز با تركیه را به كنترل خود درآورد. گفته می شود كه كردهای سوریه پس از كنترل بسیاری از شهرهای این منطقه در شمال شرق این كشور توسط حزب "" اتحاد دموكراتیك كردستان"" قصد دارند یك دولت خو دمختار در مناطق تحت كنترل خود شبیه به كردستان عراق تشكیل دهند. مرز جغرافیایی دولت خودمختاری كه كردهای سوریه در صدد اعلام آن هستند، مناطق شمال شرق این كشور هم مرز با كردهای عراق و تركیه و نیز استان المالكیه و استان الحسكه در شرق و بخش هایی از استان حلب را شامل می شود. شهر ""القامشلی "" از سوی كردهای سوریه به عنوان پایتخت این اقلیم در نظر گرفته شده است . این در حالی ..روشهای غربی تجزیه سوریه مسئله کُردستان و تشکیل کشوری جدید 123 است كه برخی فعاالن كرد سوریه از جمله هیئت هماهنگی ملی كردستان سوریه اعالم كردند كه صالح المسلم دبیر كل حزب ""اتحاد دموكراتیك كردستان سور یه"" این خبرها را رد كرده است . برخی از تحلیلگران كُرد سوریه می گویند كه این طرح بویژه در وضعیت كنونی عملی نخواهد بود. تالش برای تجزیه مناطق كردنشین تركیه سنان اوغان"" از اعضای ""حزب حركت ملی گرای تركیه "" و عضو پارلمان و كمیسیون امور خارجه مجلس تركیه كه از مخالفان دولت حاكم تركیه است ، در صحن علنی مجلس با ارزیابی تحوالت اخیر در منطقه و بخصوص سوریه، تشكیل دولت كرد در سوریه و بخشی از تركیه را قریب الوقوع دانست. سنان اوغان بعد از این سخنرانی آماج انواع بی مهری ها و توهین ها به خاطر این سخنرانی قرار گرفت؛ اما گذشت ز مان و حوادث پیش آمده در سوریه حقانیت سخنان وی و پیش گویی اش را اثبات می كند. پرده اول سناریوی تشكیل دولتی كُرد، در عراق و بعد از سقوط صدام برداشته شد، و پرده دوم در سوریه و همزمان با اغتشاشات سوریه آغاز شد و باید منتظر بمانیم تا پرده سوم این سناریوی شوم در تركیه اجرا شود . تركیه متحد آمریكا در حمله به عراق، اكنون نقش ژاندارم منطقه را در اغتشاشات سوریه بازی میكند. احزاب مخالف دولت، سیاست های غلط دولت حاكم تركیه را باعث اصلی این واقعه شوم می دانند. به نظر میرسد اگر ترس از واكنش تركیه و عراق در قبال كردها نبود، به سرعت در اولین مرحله، تجزیه مناطق كردنشین"
22,ahamad seif,"

در این کشور رخ می دهد. برنامه ای در جریان است تا میان مردم و ارتش، جنگ و درگیری رخ دهد و نیروهای مسلح که همراه مردم در انقلاب مردم مصر بودند، تضعیف شوند. هدف نهایی تجزیه مصر است. تالش می شود تا کشورهای عربی تجزیه شوند؛ همانگونه که در سودان رخ داده است و در عراق هم در این زمینه تالش های شده و در لیبی هم این هدف دنبال می شود. به طور کلی طرح آمریکا و اسراییل این است که جهان عرب را به بخش های طایفه ای ، قومی و ..روشهای غربی تجزیه سوریه روشها و نوع تجزیه سوریه توسط غرب 144 فرقه ای تقسیم شود و در این راستا ایالات متحده آمریکا گروه فعالی از جوانان را در جهان عرب به کار گرفته که در خدمت این طرح آمریکا هستند . پرفسور مارک لوین استاد تاریخ دانشگاه کالیفرنیا گفته بود: محافظه کا ران جدید در دولت جورج بوش بر این باورند که تخریب و هرج و مرج سازنده به نظم جهانی مورد نظر آنها منجر خواهد شد. بازنگری در نقشه خاورمیانه و تجزیه این منطقه از سواحل دریای مدیترانه در لبنان، سوریه و آناتولی در آسیای مرکزی شروع می شود و عربستان، مصر، سودان و دیگر کشورهای شمال آفریقا را هم در برخواهد گرفت. همچنن کشورهای غربی برای اختلاف افکنی در ایران و سوریه تالش می کنن د. برنارد لویس مورخ مشهور آمریکایی با هزینه وزارت دفاع آمریکا در سال 1983 طرح مشهور تجزیه کشورهای عربی و اسالمی را وضع کرد. کشورهای عراق، سوریه، لبنان، مصر، سودان، ایران، ترکیه، افغانستان، پاکستان، عربستان سعودی، کشورهای حاشیه خلیج فارس و شمال آفریقا در طرح این مورخ گنجانده شدند. در این طرح بنا شده است تا هریک از کشورهای مذکور بر اساس دینی، مذهبی، نژادی و قومی تجزیه شوند. این طرح وی با تعدادی از نقشه ها همراه بود و او با موافقت پنتاگون بر آن نقشه ها نظارت می کرد. طرح تجزیه گرانه لویس با منافع آمریکا و اسراییل متناسب بود و در سال 1983 گنگره آمریکا در یک جلسه سری این طرح را با اجماع به تصویب رساند .پس از آن قانونی برای این طرح و اجرای آن تصویب شد و در سال های بعد در پرونده های سیاسی و راهبردی آمریکا گنجانده شد. در طرح لویس کشورها به صورت زیر تجزیه می شوند: ..روشهای غربی تجزیه سوریه روشها و نوع تجزیه سوریه توسط غرب 145 - مصر به4 دولت تجریه می شود - سودان نیز در این طرح به چهار کشور کوچک تجزیه می شود 1- یکی کشور نوبه است که با دولت نوبه در اراضی مصر با مرکزیت اسوا ن کامل می شود و در اراضی سودان به این کشور ملحق می شود . 2- کشور اسالمی در شمال سودان 3- کشور مسیحی در جنوب سودان 4- کشور دارفور در طرح لویس کشورهای شمال آفریقا نیز هدف تجزیه قرار گرفته اند : تجزیه لیبی، الجزایر و مغرب با هدف تشکیل : 1- کشور بربر که در امتداد کشور نوبه مصر و سودان خواهد بود . 2- کشور پولیساریو 3- بقیه اراضی برجای مانده،"
23,ahamad seif,"

همان کشورهای کوچک شده مغرب، الجزایر، تونس و لیبی را در برخواهد گرفت . همچنین این طرح قصد دارد عمان، یمن و امارات متحده عربی را از نقشه محو کند به طوری که شبه جزیره عربستان و خلیج فارس تنها سه کشور را دربرگیرد . 1- کشور شیعی احساء که شامل کویت، قطر ، امارات، عمان و بحرین باشد . 2- دولت سنی مذهبی در نجد 3- کشور سنی مذهب دیگر در حجاز اما درباره عراق، لویس بر این نظر است که باید این کشور بر اساس مذهبی و نژادی تجزیه گردد و سه دولت در این کشور تشکیل گردد. ..روشهای غربی تجزیه سوریه روشها و نوع تجزیه سوریه توسط غرب 146 1- کشور شیعه در جنوب و اطراف بصره 2- کشور سنی مذهبی در مرکز عراق در اطراف بغداد 3- کشور کردستان در شمال و شمال شرقی این کشور در اطراف موصل و کردستان شکل می گیرد و بخش هایی از خاک ایران، عراق، ترکیه، اتحاد جماهیر شوروی سابق و سوریه را در بر خواهد گرفت . درباره سوریه این طرح تالش دارد تا این کشور را به مناطقی از نظر مذهبی، قومی و نژادی به چهار بخش تجزیه کند . 1- کشور علوی شیعه در امتداد سواحل 2- دولت سنی در منطقه حلب 3- کشور دروزی ها در جوالن و لبنان( این کشور از سرزمین های جنوب سوریه ، شرق اردن و اراضی لبنان تشکیل می شود.) درباره لبنان، طرح لویس بر این نظر است که باید آن را به هشت بخش بر اساس مذهبی و قومی تجزیه کرد . 1- کشور سنی مذهب در شمال با مرکزیت طرابلس 2- کشور مارونی در شمال با مرکزیت جونیه 3- کشور علوی دشت بقاع با مرکزیت بلعبک 4- کشور بین المللی بیروت 5- کشور فلسطینی در اطراف صیدا تا رود لیتانی که توسط دولت خودگردان فلسطین کنترل می شود . ۶- بخش کتائبی ها در جنوب لبنان که در آن مسیحیان با نیم میلیون شیعه زندگی کنند . ..روشهای غربی تجزیه سوریه روشها و نوع تجزیه سوریه توسط غرب 147 7- کشور دروزی در بخش هایی از خاک لبنان حاص بیا، سوریه و فلسطین اشغالی تشکیل خواهد شد . 8- بخش مسیحی در جنوب تحت سیطره رژیم اسراییل درباره ترکیه هم در این طرح پیشنهاد شده است که بخشی از آن به دولت کردستان که قرار است در شمال عراق شکل گیرد، ملحق شود . اردن هم قرار است تجزیه و به فلسطین ملحق شود .یمن نیز به دولتی که د ر حجاز شکل می گیرد، ملحق می شود . ..روشهای غربی تجزیه سوریه روشها و نوع تجزیه سوریه توسط غرب 148 سوریه، از توطئه غیر مستقیم تا دخالتهای نظامی مستقیم چندی پیش ""ویتالی چورکین "" نماینده روسیه در سازمان ملل متحد از اخباری سخن گفت که نشان می داد عناصر مسلح مخالف دولت سوریه آموزش هایی را در خاک لیبی بعد از انقالب این کشور می بینند. چورکین همچنین گفت که خبرهایی به مسکو رسیده مبنی بر اینکه یک مرکز ویژه آموزش برای کسانی که نام انقلابی سوری بر خود گذاشته اند در لیبی تاسیس شده و مقامات این"
24,ahamad seif,"

حد امکان از بروز هرج و مرج و جنگ در منطقه جلوگیری کند؛ نه به این خاطر که از نظام سوریه خوشش می آید، بلکه به این سبب که می داند اگر اوضاع به مرحله انفجار برسد، اسرائیل و منافع حیاتی آمریکا در منطقه به خطر خواهد افتاد و این روند موجب قدرت گرفتن گروه های جهادی خواهد شد که نمی توان واکنش آنها را در میان مدت و درازمدت پیش بینی کرد. ..روشهای غربی تجزیه سوریه روشها و نوع تجزیه سوریه توسط غرب 127 اما و اگرهای شکل گیری مثلث تجزیه بحران سوریه به بن بست پیچیده ای رسیده است که دیگر قدرت های درگیر در منطقه و فضای بین الملی هم راه حلی را برای گریز از آن نمی یابند. یکی از نگرانی های عمده همسایه های کشور سوریه، تاثیر این بحران در داخل مرزهای خود است که آنها را وادار به دخالت در مسائل این کشور کرده است. ترکیه یکی از کشورهای همسایه سوریه است که بیشتر از آنکه دغدغه مردم سوریه را داشته باشد نگران تاثیر این درگ یری ها بر مساله کردهای این کشور است. یکی از سن اریوهای قابل دسترس برای سوریه، کوچک شدن این کشور در چارچوب قومی و قبیله ای است. از منظر قومی می توانیم اشاره ای داشته باشیم به خانواده بشار اسد رئیس جمهوری سوریه که در غرب کشور به سر می برند و علویون و شیعیان را در بر می گیرند و در شرق اهل تسنن و در خط شمالی اکراد حضور دارند. بنابراین از چارچوب قومی و قبیله ای می توان چارچوب جغرافیایی مشخصی را در ارتباط با اقوام گوناگون موجود در سوری ه مورد توجه قرار داد. 1- در شمال کردها 2- در غرب علویون و بخشی از شیعیان 3- در شرق اهل تسنن ..روشهای غربی تجزیه سوریه روشها و نوع تجزیه سوریه توسط غرب 128 با توجه به وجود در گیری های داخلی که در سوریه وجود دارد و تقسیم بندی هایی که می توان در این زمنیه مد نظر قرار داد، به همان نسبت هم می توان منتظر فضای تجزیه گونه ای در سوریه باشیم که این کشور را به سه بخش مجزا تبدیل کند و ادامه این درگیری ها د ر سوریه به شکل جنگ داخلی می تواند پیامد حداقلی را به دنبال داشته باشد . بی تردید تجزیه سوریه به مناطق فوق الذکر می تواند زمینه پرور ایجاد فضای مناسب برای همگرایی میان این مناطق با مناطق هم پوشش از منظر جغرافیایی و قومی باشد و زمینه های تسری چنین حرکتی را در مناطق جغرافیایی تعریف شده در مرزهای ملی کشورهای دارای این قومیت ها نیز فراهم کند. تشکیل یک دولت کردی می تواند بر کردستان عراق و یا ایران تاثیرگذار باشد و همچنین تحرکاتی که در این کشور در ایجاد منطقه سنی نشین وجود دارد ، همین گونه بر رویکرد اقوام و گرایش های سنی نشین در مناطق جغرافیایی کشورهای همسایه تاثیرات بسزایی را داشته باشد. بنابراین می توان گفت چنین رویکردی در سوریه می تواند پیامدهای منطقه ای هم در بر داشته باشد. این موضوع در دو جنبه باید مورد توجه قرار"
25,ahamad seif,"

اند تا بتوان یک چشم انداز واضح، دقیق و فراگیری درباره آینده منطقه مشخص کرد. همه آشوب هایی که در کشورهای عربی رخ می دهد، بیانگر این مساله ..روشهای غربی تجزیه سوریه روشها و نوع تجزیه سوریه توسط غرب 142 است که بی تردید کشورهای منطقه دچار یک هرج و مرج سازنده می شوند، این شعاری بود که کاندلیزا رایس وزیر امور خارجه سابق آمریکا نیز در سال 2003 بعد از حمله آمریکا به عراق آن را ب ر زبان آورد. این ناآرامی ها در چارچوب طرح خاورمیانه جدید انجام می شود و کشورهای عربی به کشورهای کوچکی تقسیم می شوند تا رژیم اسراییل قدرتی یکه تاز در منطقه باشد . طرح موضوع خاورمیانه جدید چیز پنهان و جدیدی نیست و حتی رسانه های اسراییلی از آن به عنوان یک ضرورت یاد می کنند . مجله اسراییلی کیفونیم در فوریه سال 1982 از طرح آمریکا و اسرائیل برای تجزیه مصر به چهار کشور پرده برداشت .در این طرح مصر به چهار کشور کوچک تقسیم می شود : 1- سینا و شرقدلتا تحت نفوذ و کنترل یهودیها تا رویای از نیل تا فرات آن ها تحقق پیدا کند. 2 – مصر اسالمی با مرکزیت قاهره که شامل بخش های باقی مانده از مصر است و تالش می شود تا تحت نفوذ رژیم اسراییل باشد . 3- کشور مسیحی با مرکزیت اسکندریه: این کشور که از جنوب بنی سویف تا جنوب اسیوط گسترده شده و از غرب هم تا فیوم گسترش می یابد و حتی ممکن است خود فیوم را هم در برگیرد. این کشور در امتداد خط بیابانی با گذر از دشت نطرون ادامه مییابد تا این منطقه را به اسکندریه مرتبط کند . 4- کشور نوبه: با الحاق اراضی شمال سودان به آن با مرکزیت اسوان تشکیل می شود. این کشور از نوبه صعید مصر تا شمال سودان را دربرگرفته تا کشور ..روشهای غربی تجزیه سوریه روشها و نوع تجزیه سوریه توسط غرب 143 نوبه در منطقه صحرای بزرگ را تشکیل دهد و با کشور بربرها که از جنوب مغرب تا دریای سرخ تشکیل خواهد شد، هم مزر شود . بنا به نوشته روزنامه االهرام، موضوع تشکیل این چهار دولت بعد از قیام مردم مصر به معادالت برگشت. شورای نظامی به طور ناگهانی از توطئه ای که وحدت جغرافیایی کشور را هدف قرار داده پرده برداشت و نسبت به خطرهای آینده هشدار داد. این اقدام در یکی از دیدارهای فرماندهان نیروهای مسلح با نمایندگان ائتلاف شورای رهبری انقلاب مصر فاش شد .در این دیدار اسنادی که بیانگر وجود توطئه خارجی و داخلی بود، فاش شد که به موجب آن مصر به سه دولت نوبه، قبطی و اسلامی تجزیه می شود . این اسناد از هدف جنگ بین مردم و پلیس پرده بر می دارد تا کشور وارد فضایی از هرج و مرج شود و بر اوضاع اقتصادی و اجتماعی تاثیرگذار باشد. همچنین در این اسناد از درگیری قبطی ها و مسلمان سخن به میان آمده که هدف از آن بر هم زدن ثبات مصر است تا چهره ناخوشایندی از مصر در جهان ارائه و اینگونه وانمود شود که درگیری مذهبی"
26,ahamad seif,"

نیز میتوان امکانپذیر دانست؛ مان ند مذاکرات نمایندگان بلندپایه حکومت برای مذاکره بشار اسد با معارضان و مخالفان داخلی و رسیدن به یک توافق نامه. » ..روشهای غربی تجزیه سوریه روشها و نوع تجزیه سوریه توسط غرب 158 مشکالت در راه تجزیه سوریه اسراییل و آمریکا چند ماه پیش که حمالت همه جانبه به سوریه را به اوج رسانده بودند از تحقق اهداف خود مطمئن بودند؛ زیرا 133 کشور را با ترغیب و ارعاب کنار خود جمع کرده و بیش از 150 هزار فرد مسلح را از مناطق مختلف جهان به سوریه فرستاده بودند؛ آنها از هر روشی مانند جنگ روانی ، حمالت رسانه ای، تحریم اقتصادی و انزوای سیاسی سوریه و متحدانش بهره گرفتند. آمریکا در طول 30 ماه از دست یابی به اهداف خود در سوریه ناکام مانده است و همین امر باعث شده که در چند ماه اخیر بر سر دو راهی گیر کند. به عبارت دیگر یا باید با قبول واقعیت ها راه حلی را بپذیرد که با آبرو از باتالق سوریه خارج شود، یا اینکه دست به ماجراجوئی جدیدی بزند. آمریکا روش دوم را انتخاب کرد. زیرا داوطلبی را برای اجرای روش دوم خود پیدا کرده است و نام این روش را ایجاد مجدد توازن قدرت قبل از هر راه حلی "" گذاشته است و مرحله ای که ما آن را "" ورود عربستان به میدان جنگ سوریه"" می نامیم ، آغاز کرده است. هم اکنون که عربستان شروع به اجرای طرح ماجراجویانه آمریکا برای تخریب سوریه و تضعیف مقاومت کرده است ، آمریکا با این سؤال ها مواجه است: آیا عربستان قادر به اجرای موفقیت آمیز ای ن طرح خواهد بود، در حالی ..روشهای غربی تجزیه سوریه روشها و نوع تجزیه سوریه توسط غرب 159 که دیگران در شرایطی بهتر نتوانستند این طرح را اجرا کنند؟ آیا عربستان می داند که چه بهایی را در قبال ورود به میدان جنگ سوریه باید بپردازد؟ این در حالی است که عربستان باید بداند تغییرات در توازن قدرت به راحتی نیست .. هنگامی که دشمنان سوریه آن همه امکانات و توانمندی های خود را به کار گرفته بودند ، نتوانستند به اهداف پیشرونده خود دست یابند، آیا عاقلانه است که پس از این همه شکست و ناکامی بتوانند به اهداف خود دست یابند؟ 1- آمریکا در ابتدا تهدید می کرد که برای حل مسأله سوریه به شورای امنیت مراجعه می کند؛ و برای اینکه خواسته خود را در این شورا عملی کند ، به گروه های مسلح دستور می داد حوادثی را در سوریه مرتکب شوند . ولی جهان امروز تغییر کرده است و کسی از ""شورای امنیت آمریکا "" حرف نمی زند. زیرا وتوی روسیه و چین این شورا را ناکارآمد کرده است و این اتفاق در اتحادیه عرب نیز افتاد . زیرا وزیر خارجه قطر که ریاست این اتحادیه را به عهده داشت و حمله به سوریه را مدیریت می کرد ، از مسند قدرت کنار گذاشته شد. 2- آمریکا در مجمع عمومی سازمان ملل و کنفرانس به اصطلاح"" دوستان سوریه "" 133 کشور را با خود همراه کرده بود و با این پشتوانه تهدید"
27,ahamad seif,"

پایان گرفت، تحلیلگران به فضایی شکو فا در نظام امنیت جهان آگاه شدند، در این فضا دولتهای ضعیف تر و شکننده تبدیل به ابزاری برای جنایت های گسترده و سازمان یافته شده بودند، راه برای دستیابی این سازمان ها به سالحهای اتمی را باز کرده بودند و نقاط شدیداً ..روشهای غربی تجزیه سوریه روشها و نوع تجزیه سوریه توسط غرب 138 درگیر جنگهای داخلی و اورژانسی برای زندگی انسان، شکل گرفته بودند. نظام امنیتی امریکا رودررو با تهدید دولتهای ضعیف و شکست خورده بود که از 11 سپتامبر توانسته بودند ارتباط خود با القاعده را نشان بدهند، به خاک امریکا حمله کنند و اسامه بن الدن را در پناهگاه امن افغانستان حفظ کنند. رویدادهای 11 سپتامبر به رئیس جمهور بوش اجازه داد تا در سال 2002 :استراتژی امنیت ملی امریکا را همراه با این عبارت عنوان کند« دولتهایی ضعیف مانند افغانستان، می توانند خطری گسترده برای عالیق امنیتی ما، دولتهای قوی باشند .» . دولتهای ضعیف و در حال سقوط: امنیت، تهدید و سیاستهای امروز امریکا، گزارش برای کنگره ی امریکا، واشنگتن، 2008 میالدی. البته در گزارش قید نشده است که« نقاط شدیداً درگیر جنایتهای سازمان یافته این سازمان ها و جنگ های داخلی » در نتیجه ی دخالتهای مستقیم سازمان های اطالعاتی امریکا، خلق شده اند. سوریه در مدخل دولتهای شکست خورده اتفاقات و فجایع صورت گرفته علیه مردم سوریه توسط ارتش آزاد سوریه () که هزینه هایش را ناتو / امریکا پرداخت کرده ، شرایط کافی برای سودبردن فرقه های این کشور برای نابودی این سرزمین را آماده ساخته است. افراطیون فرقهای متمایل به درهم پاشیدن سوریه به عنوان یک دولت یکپارچه هستند و همچنین میخواهند دولت دمشق را نابود کنند. سیاست خارجی واشنگتن میخواهد سوریه را به چیزی تبدیل کند که شورای ..روشهای غربی تجزیه سوریه روشها و نوع تجزیه سوریه توسط غرب 139 دولت شکستخورده »مینامد. تغییر رژیم در این نقطه به معنای حفظ دولتی مرکزی خواهد بود. هرچه الیههای پنهان بحران سوریه بازتر بشود، آخر بازی دیگر « تغییر رژیم » نخواهد بود، بلکه تفکیک و نابودی جغرافیایی سرزمین سوریه خواهد بود. استراتژی ناتو / امریکا / اسرائیل می خواهد کشور را به سه دولت ضعیفتر تقسیم کند. گزارشهای اخیر رسانه ها می گوید اگر بشار اسد « ازکنارهگیری خودداری کند» ،« راه برای تبدیل سوریه به دولتی شکستخورده مانند سومالی را باز میکند.» یک« سناریوی احتمالی فروپاشی » توسط رسانههای اسرائیلی به این شکل گزارش شده است که دولتهای جداگانه و « مستقل » سنی، شیعه، کرد و دَروز در منطقهی سوریه شکل بگیرد . به گفته ی ژنرال ارشد اسرائیل یائیر گوالن: « سوریه درگیر جنگ داخلی است، در حالیکه به سمت دولتی شکستخورده پیش میرود و تروریسم در خاک این دولت شکست خورده ریشه میدواند. » نیروهای دفاعی اسرائیل هم اکنون مشغول تحلیل این هستند که سوریه چگونه درهم فرو خواهد پاشید. » چندی پیش نمایندهی حافظ صلح سازمان ملل، اخذر ابراهیمی تلویحاً گفت سوریه تبدیل به « ...یک سومالی جدید »میشود و نسبت به « سنارویوئی هشدار میدهم که در آن اربابان جنگ و مقامات ارتش در دولتی ساقط شده، حکومتهای محلی خود"
28,ahamad seif,"

طرفهای درگیر در جنگ داخلی سوریه، خود را برای تجزیه آن کشور آماده می کنند. از سوی دیگر ترکیه که جمعیت کثیری از کردها را دارد نیز نگران است که مبادا کردهای سوریه در حال پایه گذاری « دولت » خود هستند، و البته چنین اقدامی میتواند تشویقی باشد برای کردهای تندرو ترکیه که جدایی طلب هم هستند و خالصه تالشهای دولت ترکیه بمنظور ایجاد یک صلح جامع در کردستان ترکیه، نقش آب بشود . اما ترکیه تنها کشوری نیست که نگران تجزیه سوریه است . بلکه بسیاری از دولتمردان غربی تشکیل سه دولت کوچک را در سوریه پیش بینی می کنند. ..روشهای غربی تجزیه سوریه روشها و نوع تجزیه سوریه توسط غرب 175 آینده تجزیه سوریه شکست در برگزاری کنفرانس ژنو دو یعنی از سرگیری بحثها در خصوص تجزیه سوریه بر این مبنا که هیچ کس قادر به یکسره کردن نبرد به سود خود نیست، خواهد بود. سناریوی تجزیه سوریه، در عین حال هم ساده است هم پیچیده. اگر نظام سوریه برای صرف نظر کردن از شمال به نفع دولت اسلامی(که مخالفان جبهه النصره ادعای تشکیل آن را دارند) که همپیمان ارتش آزاد است، آماده باشد، تا کنون مخالف هر گونه خدشه وارد شدن به دمشق است. اگر تشکیل دولت علوی از طریق ائتلاف با مسیحیان در ساحل سوریه ممکن باشد، دروزیها در سرنوشت حکومت آنها در مناطقشان یک معضل به شمار می روند و اگر سرنوشت کردها تقریبا از طریق استقلال کامل یا محدود آنها از طریق خودمختاری قطعی باشد، تجار دمشق و حلب به دو دسته مخالف و موافق نظام و مخالفانش تقسیم می شوند. اگر تشکیل دولت جدایی طلب در شمال امکان داشته باشد، این دولت صحنه درگیری و نزاع میان گروههای اسالمی (منظور جبهه تروریستی النصره) و گروه موسوم به ارتش آزاد باقی خواهد ماند. ..روشهای غربی تجزیه سوریه روشها و نوع تجزیه سوریه توسط غرب 176 طرح اسراییل برای تجزیه سوریه اسراییل در نظر دارد سوریه را به 7 منطقه تجزیه کرده و بخش کردنشین این کشور را به منطقه کردنشین شمال عراق الحاق کرده و بدین ترتیب راه را برای دستیابی کردهای منطقه به سواحل دریای مدیترانه باز کند. همچنین با الحاق منطقه کردنشین سوریه به منطقه کردنشین شمال عراق دولتی جدید متشکل از کردهای این دو کشور تشکیل داده و راه را برای دسترسی این دولت به آب های آزاد از طریق سواحل دریای مدیترانه باز کند. بر این اساس اسراییل قصد دارد با استفاده از ناآرامی های پیش آمده در سوریه توسط گروه های معارض سوری که از سوی غرب و برخی کشورهای متحد غرب در منطقه حمایت می شوند، سوریه را به هفت منطقه تجزیه کند. در صورت تحقق این طرح، ترکمن های عراق نیز مجبور به درگیری با کردهای شمال عراق می شوند، اما در این درگیری طرف ضعیف ترکمن های عراق خواهند بود، چونکه کردهای عراقی سال های متمادی است که خود را سازماندهی کرده و مسلح شده اند. این در حالی است دیدار اخیر بارزانی رهبر کردهای شمال عراق با برخی رهبران کردهای سوریه در شهر اربیل و نیز قول مساعد معارضان سوری به کردهای این"
29,ahamad seif,"

گیرد: 1- حرکت از درون به بیرون 2- ازبرون به درون سوریه اگر جنگ داخلی در سوریه ادامه پیدا کند و این جنگ داخلی موجب ایجاد فضای جغرافیایی همگون بر اساس نگرش های قومی و قبیله ای شود، تسری آن به بیرون از داخل سوریه و مناطق پیرامونی خواهد بود. در حقیقت این تحرک چندان قابل کنترل برای کشورهای پیرامو نی نخواهد بود. چراکه با ..روشهای غربی تجزیه سوریه روشها و نوع تجزیه سوریه توسط غرب 129 شکل گیری چنین کُلنی هایی تاثیرات بسزایی در اطراف خواهد گذاشت. بنابراین باید گفت از یک سو چنین رویکردی از جهت ممانعت از آن خارج می شود، اما از سوی دیگر اگر کشورهای پیرامونی بتوانند بحران سوریه را به سمت و سوی مناسب جهت انتقال قدرت از بشار اسد به فرد دیگری هدایت کرده و یا بتوانند نخبگان سیاسی حاکم در دولت بشار اسد را با او جابجا نمایند، با این ترتیب مدیریت بحران سوریه به سمت همگرایی ملی در این کشور پیش می رود و در نهایت میتوان گفت از بیرون تحرکات درونی سوریه را کنترل و با ایجاد یک دولت مل ی که در آن با وحدت تمامی قبایل و اقوام و همچنین فرقه های دینی مورد نظر قرار گرفته و به وحدت ملی پرپهنا تبدیل کند، ما شاهد کنترل چنین تحرکی از بیرون به درون سوریه خواهیم بود . هم اکنون مهم ترین بحث برای کشورهای منطقه این است که نگران چنین رویکردی از طریق تجزیه سوریه از منطقه جغرافیای بحران زده این کشور به سمت کشورها و مناطق جغرافیایی مد نظر خود هستند، بنابراین باید مرحله نخست با مدیریت بحران سوریه از طریق ایجاد یک فضای مناسب و مسالمت آمیز انتقال قدرت به جانشینان بعدی کنترل شده ، به گونه ای که بتواند وحدت ملی سوریه حفظ و بدین طریق از تسری چنین رویکردی به مرزهای دیگر کشورها جلوگیری به عمل آید. سوریه کوچک شده به رهبری خاندان اسد از یک سوریه بزرگ دارای جایگاه تعریف شده در مسیر مقاومت خطر کمتری خواهد داشت. اگر بپذیریم که سوریه کنونی با رهبری اسد از قدرتی در برخ ورد با اسرائیل برخوردار بوده، رژیم حاکم بر تالویو همواره نگران ..روشهای غربی تجزیه سوریه روشها و نوع تجزیه سوریه توسط غرب 130 تحرکات بشار اسد در یک سوریه بزرگ با استعداد و توانمندی های بیشتری قرار می گرفته است. اما هم اکنون با ایجاد منطقه علوی با مرکزیت خاندان اسد در این منطقه جغرافیایی باید بگوییم با توجه به ابعاد کوچک شده قدرت خاندان اسد در یک جغرافیای محدود با توجه به پیشینه تضعیف خاندان اسد ناشی از بحران اخیر، خطرات موجود این منطقه برای اسرائیل بسیار کمتر از سوریه قدرتمند و دارای توانمندی های قبلی و متشکل از وحدت ملی تعریف شده در آینده خواهد بود. ..روشهای غربی تجزیه سوریه روشها و نوع تجزیه سوریه توسط غرب 131 تجزیه سوریه،سناریویی ناتمام یکی دیگر از سناریو های پیش روی ""بشار اسد "" و کشور سوریه، تجزیه این کشور به دو بخش علوی و سنی نشین است. این گزینه مطروحه به این شکل است که کشور سوریه حداقل به دو قسمت تقسیم"
3,ahamad seif,"

را برپا کرده اند. » وی در ادامه می گوید: « ...من بیشتر از وضعیتی بدتر از الان وحشت دارم سقوط دولت و اینکه سوریه تبدیل به یک سومالی جدید بشود... من باور ..روشهای غربی تجزیه سوریه روشها و نوع تجزیه سوریه توسط غرب 140 دارم که این موضوع را هماکنون نمی توان بحث کرد، خطر سومالی سازی وجود دارد و احتمال ضعیفی هم نیست: سقوط دارد و سپس ظهور گروههای حاکم شکل گرفته از اربابان جنگ، گروههای رزمنده و ارتشی. » البته نماینده ی سازمان ملل نمی گوید که نابودی سوریه و شبیهسازی وضعیت سومالی در آن، تعمدی است. این بخشی از برنامه ی پوششی امنیتی و نظامی امریکا است و هماکنون این برنامه هدف های بیشتری را در خاورمیانه، آفریقا و آسیا دنبال می کند تا کشورهای بیشتری را داخل نمایه ی « دولتهای شکستخورده »کند. سوال اساسی هم اکنون این خواهد بود: چه کسی دولتهای شکست خورده را ساقط میکند؟ چه کسی آنها را « کنار میزند»؟ برنامهی نابودی سوریه بخشی از سیاست یورشی است که شامل بر لبنان و پاکستان نیز خواهد شد. بهگفته « پیشبینی» های شورای امنیت ملی، تفکیک پاکستان در سه سال آینده نهایی خواهد شد . هرج و مرج، بهترین بستر برای اجرای طرح های تجزیه طلبانه یک روند  تجزیه طلبانه در منطقه وجود دارد که با دقت زیادی تهیه شده و در حال حاضر ابزارهای اجرای آن از طریق ایجاد هرج و مرج در مرحله بعد از انقلاب های مردمی در این کشورها در دست آماده سازی است. به این ترتیب این مرحله از خطرناک ترین مراحل تاریخ هر انقلاب و هر کشور است، بویژه اینکه کسانی هستند که همواره به دنبال استفاده از فرصتها برای مهار کردن این تغییرات و اجرای پروژه های خود هستند . ..روشهای غربی تجزیه سوریه روشها و نوع تجزیه سوریه توسط غرب 141 ورود به طرح تجزیه خاورمیانه از دروازه درگیری های مذهبی اساس تغییر در جهان بعد از جنگ جهانی اول شروع شد. پس از فروپاشی اتحاد جماهیر شوروی همه چیز در جهان تغییر کرد، نظام تک قطبی شکل گرفت و افراط گرایی و تروریسم آغاز شد. حادثه 11 سپتامبر در آمریکا رخ داد و جهان نظم دیگری به خود گرفت، به جهان اسالم به عنوان نخستین دشمن نگریسته شد و نظریه اسلام هراسی به وجود آمد. بعد از این اقدام، اندیشه برخورد تمدن ها در جهان رشد کرد و این پدیده سر آغاز دوره استعماری جدیدی بود که با استعمار قدیم متفاوت است، زیرا پدیده جهانی شدن در سراسر جهان گسترش یافت. محافظه کاران جدید شروع به مطرح کردن تمدن جدید خود و معرفی اسالم به عنوان دشمن شماره یک خود کردند. کشورهای اسالمی هم منشا تروریسم معرفی شدند. پس از آن ایاالت متحده آمریکا دست به اشغال افغانستان و عراق زد و نیروهایش به طور گسترده در خاورمیانه حضور پیدا کردند .با این اوصاف، فعالیت های تکفیری و دمیدن در آتش اختلافات مذهبی در منطقه، خواسته یا ناخواسته به اهداف غرب و اسرائیل برای تحقق خاورمیانه جدید کمک خواهد کرد. با گذشت بیش از چند سال از بهار عربی هنوز هم امور ثبات نیافته"
30,ahamad seif,"

شمار كم آن نژادها در سوریه باشد كه نمی توانند ادعای استقلال كنند. البته كردها معتقدند كه طرح سوریه فدرالیزه نباید تنها بر اساس نژاد عمل كند و بر اساس دین هم باید آنها را تقسیم بندی كرد. آنها حتی به اسد پیشنهاد دادند كه حكومت علوی خود را در غرب سوریه برقرار كند و قدرت را تحویل دهد. در واقع می توان گفت كه كردها در بین اقلیتهای سوریه دچار تك صدایی شدند و این نمی تو اند اراده دست جمعی و محكمی را پدیدآورد. چهارم؛ كردها در شمال سوریه دارای یك وحدت كامل نیستند و این می تواند برای دستیابی به اهدافشان مشكل ایجاد كند. خیلی ها حزب اتحاد دموكراتیك كردهای سوریه () را وابسته به اسد می دانند. از آن سمت بسیاری مجمع ملی كردستان را وابسته به غرب و آمریكا معرفی كرده و بازار اتهام زنی و عدم اطمینان در شمال سوریه همچنان داغ است. این اوضاع تا جایی پیش رفته است كه حتی برخی از چهره های مخالف ادعا می كنند كه كنترل بخشهای خاصی از شمال شرقی سوریه از سمت ارتش سوریه به حزب اتحاد دموكراتیك كردهای سوریه () كه گفته می شود به حزب كارگران كردستان سوریه هم وابستگی دارد تحویل داده شده و این امر منجر به اختلافات و درگیری بین این حزب، مجمع ملی كردستان ( ) و شورای ملی سوریه شده است. گفته می شود كه حزب كارگران كردستان سوریه در لیست سازمانهای تروریستی تركیه، آمریكا، اتحادیه اروپا و ناتو قرار دارد و ..روشهای غربی تجزیه سوریه مسئله کُردستان و تشکیل کشوری جدید 121 همین امر نیز این گمانه زنی ها را تقویت می كند. البته صالح به عنوان رئیس حزب دموكراتیك كردهای سوریه در مصاحبه های خود اعلام می كند كه ما خواستار سقوط اسد هستیم، اما از هرگونه خشونتی دوری می كنیم. اخیرا این حزب با پیوستن به شورای ملی مخالفان نقش مهمتری را بازی می كند. پنجم، مشكل پنجم كردها برای رسیدن به استقلال این است كه غرب و آمریكا همچنان گروه های اسلام گرای تندرو را حمایت می كنند و كرده ا معتقدند كه قدرت گرفتن این گروه های عرب تندرو، استقلال آنها را با خطرات جدی مواجه می كند . به نظر می رسد كه كردهای سوریه مدت ها است وارد یك بازی تمام پیچیده سیاسی شده اند و مشكلات زیادی را برای ایجاد خود مختاری در مقابل خود می بینند. آنها فرصت های زیادی را برای امتیازگیری در مقابل دارند. اما در مقابل تهدیدهای زیادی هم آنها را نشانه گرفته است. به نظر نمی رسد كه با وضعیت موجود آنها بتوانند حداقل به زودی به خواسته اصلی خود برسند. آنچه كه همه به آن اذعان دارند این مسئله است كه تجزیه سوریه خطری بزرگ است و این خطر بر تمام منطقه تاثیر گسترده ای می گذارد و تنها محدود به مرزهای سوریه نخواهد بود. این اتفاق ابتدا بر تركیه ای تاثیر می گذارد كه برای سقوط اسد تلاش بسیار زیادی كرده است و از متحدان آمریكا به شمار می آید. شرایط كنونی در سوریه برای كردها روز به روز پیچیده تر میشود"
4,ahamad seif,"

آن به کشورهای کوچکی که هریک به نوعی باید خود را وامدار ترکیه در سرنگون کردن بشار اسد بدانند، نفوذ ترک ها را در مناطق جنوبی شان را افزایش می دهد. قدرت گرفتن کردهای سوریه در جنوب ترکیه نیز هرچند مطلوب ترک ها نیست، اما آنها می توانند سناریوی روابط حسنه با کردستان عراق را در این منطقه نیز پیاده کنند. یک تحلیل که در سایت منتشر شده است با دفاع از این فرضیه، استدالل می کند که ترکیه می تواند با وعده حمایت از کردهای سوریه در برابر خشونت اسلامگراهای عربی، توجه آن ها را هم به خود جلب کند. برخالف ترکیه، به نظر نمی رسد این فرضیه به سود دیگر همسایگان سوریه باشد. عراق قربانی احتمالی این تجزیه خواهد بود. باید یادآوری کنیم که منشاء بخش قابل توجهی از درگیری های نظامی امروز سوریه، القاعده عراق است. گروه هایی که حاکمیت ملی عراق را بر نمی تابند و دور از ذهن نیست ..روشهای غربی تجزیه سوریه روشها و نوع تجزیه سوریه توسط غرب 171 اگر ترجیح دهند با اهل سنت سوریه کشوری جدید را تاسیس کنند و یا حداقل تبدیل به تهدیدی دائمی برای این کشور بشوند. اردن، همسایه جنوبی سوریه نیز از این بحران در امان نخواهد بود. کشوری که هرچند مانند عراق و ترکیه درگیر مشکالت قومیتی نیست، اما به دلایلی که ذکر خواهد شد، استعداد این را دارد که سومین هدف تجزیه قومیتی در منطقه باشد. براساس فرضیه ای که در وینپ مطرح شده است مسیر تجزیه سوریه، راهی خونین و صحنه درگیری های طوالنی مدت قومیتی و مذهبی خواهد بود. در برابر این روند، لبنان آسیب پذیرترین همسایه سو ریه به نظر می رسد. کشوری کوچک که یکی از انبارهای سالح خاورمیانه است و با آغاز بحران سوریه نیز در آتش درگیری های فرقه ای و مذهبی این کشور سوخته است. منافع اسرائیل؛ بازیگر پنهان نزاع سوریه اما در مقایسه با 4 همسایه سوریه، ساکنان سرزمینهای اشغالی در جنوب غربی این کشور ممکن است افق متفاوتی را ترسیم کرده باشند. به نظر می رسد اسراییلی ها تالش می کنند تهدید حاصل از بیداری اسالمی را به فرصتی برای خودشان تبدیل کنند. آنها پیش از آغاز این تحوالت در موازنه قدرت منطقه، ثباتی نسبی به دست آورده بودند. اما با تغییر معادالت سیا سی که از شمال آفریقا آغاز شد، این موازنه هم از بین رفت. هنری کسینجر، استراتژیست و وزیر خارجه اسبق آمریکا در توصیف موازنه سابق منطقه گفته است: ..روشهای غربی تجزیه سوریه روشها و نوع تجزیه سوریه توسط غرب 172 « برای اسرائیل، هیچ جنگی بدون مشارکت مصر رخ نمی دهد و هیچ صلحی نیز بدون همراهی سوریه به دست نخواهد آمد. »تحولات مصر پس از مبارک و به ویژه نقش این کشور در جنگ 8 روزه غزه اثبات کرد که تل آویو برای همیشه قاهره را از دست داده است. بنابراین برای برقراری موازنه سابق، این سوریه است که باید تغییر کند. شورای روابط خارجی اروپا گزارشی را منتشر کرد که نشان می دهد اسراییلی ها در پارلمان این کشور بر این باورند که فرآیند دولت سازی ها پس از جنگ"
5,ahamad seif,"

تحرکات غربی و عربی علیه این کشور نیز آن را تایید می کند. نشانه ها و مستندات زیادی در مورد تمایل غرب به تجزیه سوریه وجود دارد، برخی از سیاستمداران نیز به صورت علنی از این مطلب سخن به میان آورده اند، یکی از این افراد ""ولید حنبالط "" است که بر اساس نوشته روزنامه االخبار لبنان که در 7 مارس گذشته و پیش از سفر به لندن منتشر شد، در جمع عناصر حزب خود گفت که موضعش در قبال حوادث سوریه مبتنی بر این است که بشار اسد دیگر در قدرت باقی نخواهد ماند، سوریه نیز به دو دول ت تقسیم خواهد شد که یکی سنی و دیگری علوی است، دروزی های سوریه نیز در کنار اهل تسنن باقی خواهند ماند. ..روشهای غربی تجزیه سوریه روشها و نوع تجزیه سوریه توسط غرب 151 عملیاتی شدن طرح خاورمیانه جدید با تجزیه سوریه آمریکا و اسراییل طبق این برنامه در پی ""والکانیزه نمودن "" سوریه هستند تا از طریق دامن زدن به اختالف قومیتی ""جنگی داخلی "" را همچون یوگسالوی سابق در سوریه بوجود آوردند. ماه گذشته اخباری منتشر شد مبنی بر آنکه تروریستهای سوری به کوزوو اعزام شده اند تا در آنجا تحت حمایت نیروهای آمریکایی و شبه نظامیان آن منطقه روش های مبا رزه مسلحانه به شیوه جنگهای داخلی یوگسال وی را فراگیرند. شرخون عباس "" رئیس پایگاه آمریکائی مجمع ملی کردستان سوریه، اسراییل را به حمایت از تجزیه سوریه بر اساس قومیتهای مختلف موجود در آن کشور فراخوانده است. وی اظهار داشته که ما به این اقدام نیاز داریم و قومیتها و مذاهب مختلف از جمله سنی، شیعیان و علویان، کردها و دروزیها بایستی هر یک مناطق ""مستقل "" خود را در اختیار داشته باشند. گروهی از مقامات رده باالی وزارت امور خارجه آمریکا در ماههای گذشته با جمعی از اعضای اپوزیسیون کُرد سوریه مالقات داشته اند. از جمله افرا د حاضر در این نشست ""رابرت استفن فورد "" سفیر پیشین آمریکا در سوریه (که نقشی کلیدی در حمایت از مخالفین سوری ایفا نموده است)، ""فدریک سی. هوف "" یکی از بازرگانان پیشین باسابقه و ""ریچارد آرمیتاژ "" بعنوان هماهنگ کننده ویژه امور سوریه بودهاند. ..روشهای غربی تجزیه سوریه روشها و نوع تجزیه سوریه توسط غرب 152 گفتنی است که""جفری فلتمن"" معاون وزیر امور خارجه آمریکا و مشاور در زمینه خاور نزدیک نیز در این جلسه حضور داشته است. در این دیدار رهبر گروه موسوم به مجمع ملی کردستان سوریه رسما از دولت آمریکا خواسته تا آنان را در تشکیل کشور مستقل کردستان یاری کند و اظهار داشته که ""مارک تونر "" سخنگوی وزارت امور خارجه آمریکا نیز از کمک آمریکا به اپوزیسیون کرد سوریه برای مبارزه علیه دولت سوریه خبر داده است. وی از دولت آمریکا خواسته تا آنان را برای جدایی از سوریه و پیوستن به اقلی م کردستان عراق به منظور تشکیل یک کشور کُرد مستقل یاری دهد. پیش از این نیز سرهنگ ""رالف پیترز "" نقشهای را منتشر کرده بود که در آن دولت امریکا را تشویق به تجزیه بخشهای مختلف خاورمیانه تحت عنوان برنامه ""خاورمیانه جدید "" نموده بود. ..روشهای غربی تجزیه سوریه"
6,ahamad seif,"

و اطراف آن که به""ریف دمشق "" معروف است به دست مخالفان افتاده است. در این شرایط گمانه زنی ها از فقط 2 حالت سرنگونی دولت سوریه یا پیروزی این دولت بر مخالفان فراتر رفته است و فرضیه هایی که پیش از این دور از ذهن به نظر می رسید، قوت بیشتری گرفته اند. احتمال ایجاد الگوی فدرالی یکی از این گمانه ها سیر شرایط سوریه به سمت الگوی فدرالی است. الگویی که به طوایف قومی و مذهبی مختلف سوریه اجازه بدهد که هریک در بخشی از این کشور یک حکومت ایالتی تشکیل بدهند. با این حال این الگو به دلایلی که به صورت مختصر ذکر میشود، احتمال زیادی ندارد. اول اینکه در سابقه رفتار قومی-مذهبی و فرهنگ سیاسی خاورمیانه تاکنون نمونه موفقی از حکومت فدرالی دیده نشده است. نزدیک ترین نمونه ها به این الگو، شرایط کنونی در عراق و لبنان هستند. در سوریه به دلیل شدت منازعات قومی و مذهبی که به درگیری های خونین نیز کشیده شده، احتمال دستیابی به الگوی تقسیم قوا بین اقلیت ها مانند آن چه در لبنان وجود دارد، ضعیف به نظر میرسد. در عراق نیز که سعی شده ترکیبی از الگوی لبنان و الگوی فدرالی مستقر شود، در عمل شاهد هستیم که اقلیم کردستان قدرت حکومت فدرال را بر نمی تابد. با این همه بدون اصرار بر عدم امکان دستیابی به الگوی فدرالی در سوریه، باید این واقعیت را نیز در نظر گرفت که بخش ..روشهای غربی تجزیه سوریه روشها و نوع تجزیه سوریه توسط غرب 165 قابل توجهی از تحلیل ها درباره سوریه پا را فراتر نهاده اند و از تجزیه سوریه به کشورهای ""کوچک "" و ""ضعیف "" سخن گفته اند. گمانه زنی های مهم درباره تجزیه سوریه از این جمله اندیشکده آمریکایی ""وینپ "" است که به تازگی در بررسی ""سناریوهای متعدد برای سوریه پس از بشار اسد ""، گمانه تشکیل ""دولت علوی"" در شرق سوریه را مطرح کرده است. عالوه بر وینپ، اندیشکده هم با بررسی آینده سوریه به موضوع تجزیه این کشور برای ایجاد یک دولت علوی پرداخته است. با این حال ممکن است این پرسش مطرح شود که آیا صرف طرح چنین گمانه هایی به معنای وقوع حتمی آن هاست؟ در پاسخ باید گفت که گمانه زنی های این چنینی در اندیشکده های غربی لزوما به معنای آغاز عملیات این کشورها برای اجرای این سناریوها نیست، اما تجربه نشان داده است که برخی از مهمترین رویدادهای منطقه ریشه در چنین طرح هایی دارند که در همین اندیشکده ها مطرح و بررسی شده است. بهترین نمونه برای چنین طرح هایی که در بلند مدت ممکن است عملی شون د، ""طرح نئومحافظه کاران آمریکایی در سال 1998 برای حمله به عراق"" است. دونالد رامسفلد، جان بولتون، پل ولفوویز، زلمای خلیل زاد و 14 نفر دیگر از جمله ""فرانسیس فوکویاما "" کسانی بودند که 2۶ ژانویه 1998 در دولت دموکرات کلینتون این طرح را پیشنهاد دادند. اما حدود 5 سال بعد در20 مارس 2003 و در دولت جمهوری خواه جورج بوش فرصت عملی کردن آن را..روشهای غربی تجزیه سوریه روشها و نوع تجزیه سوریه توسط غرب 166 به دست"
7,ahamad seif,"

می تواند در میان برندگان باشد. حتی اگر كردها به هدف اصلی خود كه همان خود مختاری است نرسند، وضعیت آنها نسبت به قبل بسیار متفاوت خواهد بود و امتیازات بیشتری را كسب می كنند و هرگز به شرایط اسفناك گذشته برنمی گردند. در واقع آنها امروز در صحنه سیاسی سوریه یك وزنه به شمار می آیند كه می توانند با حركت خود به سمت هر یك از طرفین، اوضاع را دگرگون سازند. در نهایت باید دید كه ..روشهای غربی تجزیه سوریه مسئله کُردستان و تشکیل کشوری جدید 114 جاذبه آهن ربای كدام یك از طرفین قوی تر است تا كردها به طور كامل به سمت آنها بروند. كردهای سوریه خواستگاه دائم ندارند، ولی منافع دائم دارند اگر بخواهیم این موضوع را بررسی كنیم كه كردهای سوریه در نهایت به كدام سمت جذب می شوند ، باید در نظر بگیریم كه آنها تاكنون رفتار متغیری داشته اند و از این به بعد هم به احتمال زیاد این رفتار ادامه می یابد. پیش از این گفتیم كه 5 ضلع برای جذب كردها تالش می كنند. كردهای سوریه در واقع به دنبال منافع خود هستند و به آن سمتی خواهند رفت كه منافع آنها را تامین كند. خواست كردها در مرحله اول ایجاد استقلال و خودمختاری است. هرگونه كه مسائل را از ابتدای شروع بحران سوریه تحلیل كنیم به این نتیجه می رسیم كه كردهای سوریه خواستگاه قطعی و دائمی ندارند و شاید پیروزی هر یك از طرفین خیلی برای آنها مهم نباشد. آنها به دنبال تامین خواسته های خود هستند. به غیر از تشكیل حكومت خود مختار، آنها به دنبال اهداف دیگری هم هستند. بخشی از اختالف نظرهای كردهای سوریه با شورای ملی اپوزیسیون كه در تركیه مستقر می باشد هم به همین موضوع بر می گردد. میثاق ملی كه این شورا آماده كرده است تمام خواسته های كردها را برآورده نكرده و در همین زمینه، رشید سخنگوی گروه جوانان كرد گفته است كه ما فقط خواستار گنجاندن رسمیت زبان كردی در میثاق ملی نیستیم، بلكه ما سوریه فدرالیزه ..روشهای غربی تجزیه سوریه مسئله کُردستان و تشکیل کشوری جدید 115 .و حكومت مستقل خود را می خواهیم كه البته اعراب با آن موافق نیستند حذف عبارت جمهوری عربی هم از دیگر خواسته های كردهای سوری می باشد كه تاكنون به آن اهمیتی داده نشده است. همچنین گروه جوانان كرد سوریه اعلام كرده است كه طرح تجزیه سوریه باید بر روی میز كنفرانس آینده ژنو قرار بگیرد. خواسته دیگر كردها تامین امنیت مناطق كردنشین است. آنها مدتی است كه شروع به ایجاد یك ارتش مستقل كرده اند و شركو عباس به عنوان رئیس مجمع ملی كردستان سوریه، ایجاد این ارتش را پیگیری كرده و گفته است كه هدف اصلی ما از ایجاد ارتش، حفاظت از خاك كردستان سوریه برای جلوگیری از هر گونه مداخله مسلحانه اعم از نیروهای اسد و یا گروه های شبه نظامی اسلامگرا است. گفتنی است كه آمریكا و اروپا در تجهیز این ارتش نقش داشته و به پشتوانه آنها این ارتش شكل گرفته است. ولی این ارتش تا زمانی كه بخواهد به قدرت كامل برسد، فاصله"
8,ahamad seif,"

و اعضای سازمان های بشر ..روشهای غربی تجزیه سوریه روشها و نوع تجزیه سوریه توسط غرب 168 دوستانه و روزنامه نگاران از روزنامه های بین المللی نیز تحقیقاتی انجام داده بودند. این مطالعه تاکید کرد که خطر ایجاد درگیری های طایفه ای و مذهبی فراگیر در سوریه و لبنانی کردن اتفاقات سوریه و ایجاد جنگ داخلی فراگیر در این کشور کامال قطعی نیست، اما کارشناسان خطرات اتفاقات سوریه را در سه چیز خالصه و تاکید کردند که گروه های مسلح سالح های خود را زمین نخواهند گذاشت، چرا که آنها روی دخالت جامعه جهانی در حوادث سوریه حساب باز کرده اند. سه احتمالی که این پژوهش به آن اشاره کرده است، به صورت زیر است. 1- تجزیه و پاکسازی نژادی و مذهبی (مانند توافق دایتون و اتفاقی که در یوگسالوی سابق روی داد) 2- حل بحران از طریق نمونه لیبی از طریق کوچ دادن اقلیت ها و طوایف دیگر به لبنان 3- تالش برای تاسیس نظام لیبرالیستی طایفه ای در مقایسه با توافق طائف در سال 1989 در لبنان این پژوهش در ارزیابی خود از اوضاع سوریه به نکته جالبی اشاره کرده است: هدف اصلی از این استراتژی ها چه د ر بعد محلی و چه منطقه ای و بین المللی سرنگونی دولت سوریه نیست، چرا که این دولت می تواند با اصلاحاتی نقش معتدلی را در منطقه ایفا کند، بلکه هدف مخفی کردن و از بین بردن نمونه جامعه سوریه است. این جمله تفسیری از تمام تالش های منطقه ای و بین المللی است که علیه بشار اسد در جریان است، این تالش ها از حد ..روشهای غربی تجزیه سوریه روشها و نوع تجزیه سوریه توسط غرب 169 براندازی بشار اسد عبور کرده و می خواهد تا تغییرات ریشه ای در هویت دولت سوریه به وجود آورد و این کشور را از قدرت خود جدا کند، قدرتی که همچنان با وجود ایجاد جنگ فراگیر علیه این کشور عنصر اساسی و تعیین کننده در مقابله بین نیروهای مقاومت و اسرائیل به شمار می رود. این مطالعه از سختی های اجرای این طرح ها در سوریه نیز خبر می دهد و تاکید می کند که تونس، مصر، لیبی، یمن و سوریه همگی در مراحلی از این تحول ها قرار دارند که زمان زیادی طول خواهد کشید، با وجود شباهت هایی که در این زمینه میان این کشورها وجود دارد، اما اوضاع متفاوت هر کدام از این کشورها برنامه های خاصی را می طلبد و با توجه به تاریخ سوریه و نمونه های اجتماعی و دینی و محیط پیرامونی این کشور مقاوم، تالش های بیشتری را نیاز دارد. ..روشهای غربی تجزیه سوریه روشها و نوع تجزیه سوریه توسط غرب 170 منافع تجزیه سوریه برای دیگر کشورها سود و زیان تشکیل دولت علوی برای همسایگان سوریه ترکیه از جمله مهم ترین بازیگران منازعه خونین سوریه است که در فرضیه تجزیه سوریه می تواند منافع قابل توجهی داشته باشد. پیشینه روابط ترکیه با سوریه سرشار از اختالف ها بر سر منابع آبی و حدود مرزی و همچنین مسئله کردها است. در اولین قدم، از بین رفتن یک همسایه قد رتمند و تبدیل شدن"
9,ahamad seif,"

میان گرو ههای مختلف، بسته به هر منطقه ای، تقسیم خواهد شد. مرزبندی شبه نظامیان بر اساس تمایالت مذهبی و قومی شکل خواهد گرفت، مثال گروههای جهادگرا، اسلام گرایان معتدل، گروه های مختلف کرد، مسیحی، دروزی، علوی و شیعی. اسد و هودارانش میتواند یکی از این گروها باشد. میان این سازمان ها نیز هر بار مناقشهای درمی گیرد. این سناریو میتواند محتمل باشد. آیا سقوط رژیم بشار اسد به درگیری درازمدت میان گروههای جنگ  خواهد انجامید؟ سناریوی سوم: مذاکرات برخی محافل کانونی قدرت حول اسد به این نتیجه میرسند که دیگر قادر به تغییری به سود خود نیستند. بنابراین با شورشیانی وارد مذاکره میشوند که به آنها تضمین دهند در آینده سوریه جایی خواهند داشت. بشار اسد برکنار میشود و یا به زندان افتاده و یا به تبعید فرستاده می شود. این سناریو نیز محتمل است، زیرا بسیاری شهروندان سوری میخواهند روی صلح را ببینند. ولی این سناریو پیش شرطهایی دارد: روسیه باید با چنین گزینه های موافق باشد و در این رابطه با آمریکا به توافق برسد. در میان محافل کانونی قدرت حول اسد باید شخصیت هایی وجود داشته باشند که بتوانند ..روشهای غربی تجزیه سوریه روشها و نوع تجزیه سوریه توسط غرب 156 علیه اسد دست به کودتا بزنند. اینکه چنین چیزی امکان پذیر باشد، هنوز مشخص نیست. از قرار معلوم تاکنون امکانپذیر نبوده است . سناریوی چهارم: دخالت خارجی دخالت نیروهای نظامی از خارج میتواند بر رژیم بشار اسد مهر پایان را بزن د. ولی این احتمال که غرب و متحدانش به سوریه لشکرکشی کنند، وجود ندارد. ایالت متحده آمریکا بارها اعالم کرده که لشکرکشی فقط زمانی صورت خواهد گرفت که اسد از سالحهای شیمیایی خود استفاده کند . سناریوی پنجم: پیروزی بشار اسد و غلبه بر دشمنان داخلی و خارجی این سناریو همانگونه که از نامش پیداست، پیروزی غرور آفرین بشار اسد و نیروی نظامی و ارتش خود در مقابله با گروههای معارض، تروریستها و غلبه بر دسیسه های لجستیکی و نظامی دشمنان سوریه باالخص امریکا، اسراییل و معارضان عرب است. اگر چنین اتفاقی در زمان آینده رخ دهد، محور مقاومت اسالمی ایران -سوریه-حزب اهلل -عراق به شدت تقویت شده و موجبات اضمحلال اسراییل را در اینده ای نزدیک رقم خواهد زد. بر اساس ترسیم پنج سناریوی بالا، آیندهی سوریه را بسیار مشروط می توان پیشبینی کرد. رژیم سوریه توانسته ضرباتی را دوام آورد که هر حکومت ..روشهای غربی تجزیه سوریه روشها و نوع تجزیه سوریه توسط غرب 157 دیگری اگر می بود، کمرش زیر آن می شکست؛ از جمله فرار ده ها ژنرال بلندپایه و یا مرگ گروهی از مشاوران امنیتی در ژوئیه 2012 . از نظر تحلیلگر اشپیگل، « رژیم سوریه هنوز میتواند بر روی حامیان خود در منطقه حساب کند: ایران، حزب اهلل لبنان و روسیه. ولی این تصور را باید به کل فراموش کرد که بشار اسد و رژیم وی بتواند بار دیگر بر سراسر سوریه حکومت کند.» تحلیلگر اشپیگل در پایان می افزاید که « با توجه به وضعیت کنونی ، محتملترین سناریو جنگ داخلی درازمدت، با اسد یا بدون اسد، است. چرخشهای غیرمنتظره ای که قادر به تغییر همه معادالت باشد را"
