,Unnamed: 0.1,Unnamed: 0,author,b_name,p_num,text
0,0,37,bahar,robaeebk,20,اقسام سخن همه‌جا فخر مدیح نسیب هجا فخر نسیب مدح بردی سود وقت هجا نشانمت بجا خصم کشیدن وفا جور جفا برهان نزاکت دستور صفا کشور اصل نزاکت واویلا وامصیبتا وا اسفا آزادی ماست اصل آبادی نتیجه خدادادی آزاد بزی نگر نشود آزادی رهزن آزادی مخلوق جهان گرگ درست قادر عاجزند عاجز چست سستند گیرودار باشی سخت سختند کارزار باشی سست دامن کوه لاله ناگه برجست گلگون‌رخی تیشه سبزی دست فرق سر دریده گویی فرهاد خاک برون سنگ دامن دشت بنگر نرگس مست چشمی ره سبزه عصایی دست گویی مجنون انتظار لیلی گور برون سبزه ستار غیور ارجمندیت بجاست قانون‌طلبی حق‌پسندیت بجاست صدمت پا منال کوتاهی گام خوشبخت نشین سربلندیت بجاست پرهیز پرهیز اینجاست وز کس مطلب اینجاست راز خدا می‌گردی راز دل جو خدا اینجاست بخل حسادت جهان راهبر آزاده ذلیل راستگو خون مدرسا هدر گشت بلی خونی شبی گذشت هدر هان‌ای وکلا فضل خدا یار شماست آسایش حس بیدار شماست کار بکوشید خدا کامروز چشم دل گوش خلق کار شماست امروز کس ز عشق آگه چو کز شکر عشقم شیرین سخن مژه ره خسرو عشق نیروی هزار تیشه کوهکن آیین جهان طبل جفا کوفتن خایسک بلا سر کوفتن کشتن کشته مردان راست کانجا زنست رقص پا کوفتن برگ گلم باغ شبستان وآن بلبل خوش‌لهجه غزلخوان نوباوه شب شبنمش می‌خوانند صبح نیم بوسه مهمان خوش باش گیتی توست وین کار برون ز ماجرای توست خلقت عالم مقصودی قصدی ورای توست ادوارد براون فاضل ایران‌دوست کش نکو ، قول نکو ، فعل نکوست مردم انگلیس مردم پارس گر مرحمتی اوست ارباب صنعت وجاهت فن اوست خون فقرا گردن اوست طاوس بهشت صورت لیکن ابلیس نهفته پیراهن اوست برخاست خروس صبح برخیز ای دوست ز انگور بگیر خون ده رگ پوست عشق قصه مشت درفش جور دل صحبت سنگ سبوست ماتمت ای ملک ، ملک خون بگریست وز سوز افق فلک خون بگریست خاک‌نشین شدی تو‌ای گنج کمال زین غصه سماک سمک خون بگریست قلب محزون‌تر وین چشم خون‌تر دانی ز شکسته وین خونین زان حسن افزون‌تر افسوس صاحب نفسی فریاد ، فریادرسی بس لابه نمودیم کس آواز نداد پیداست خانه
1,1,24,samet,ghataat-va-nasayeh,20,شنیدم ز مغروری مستی ز دستی زیردستی نکرد اندیشه دهر رنگی بزد فرق بیچاره سنگی روان گردید خون سنگش ین مرد درنگش سنگ محزون زمانه منزل روانه قضا گشت اندر درگه شاه ظالم ز مغضوبان درگاه اورنگ جاهش نشمین زندان چاهش چو اندر کنج زندانش مقر مظلوم باخبر زندان روان دل‌تنگ بزد قهر فرقش سنگ بنالید بزارید فغان خروش بی‌کسی دل برآورد که‌ای بی‌رحم فرصت بودی داغ دلم داغی فزودی بگفتا کسم کز زیردستی سرم سنگ بی‌باکی شکستی روزی سر سنگ خوردم نمودم صبر بی‌تابی نکردم چو دامن فرصت دستم سرم بشکستی فرقت شکستم ز نخل سرکش میوه خوردی سزای کرده‌های بردی غرض‌گر خواجه حکمرانی مده آزار کس می‌توانی گرفتم نارد کس دست خدای دادخواهی هست مگر‌ای بی‌خبر کین شعاری خبر آه مظلومان نداری که‌گر مظلوم بهر خواهی_شبی آهی کشد صبحگاهی خدا برق غیرت برفروزد کجا خواهد_بسوزد بلی ( صامت ) سزای جنگ جنگ کلوخ‌انداز پاداش سنگ بیچاره‌ای محنت رسیده دوران کور محروم دیده نهان پرده عصمت زنی چو شیطان دزد رهزنی افسون حیل دایم شب روز زدی قلب شوهر تیر دلدوز دمادم عشوه‌ای بنیاد کردی افسانه‌اش دلشاد کردی صد حیف حسن یگانه شدی محروم زمانه دریغا‌گر چشمی سر رخسار جمال ره رویم دیده_بودی گل گلزار حسنم چیده_بودی ز شوق طلعتم بس نیکوست نگنجیدی بسان مغز پوست بدیدی‌گر سیب غبغبم چشمه نوش لبم شدی یکباره سرت هوش نمودی چشمه حیوان فراموش سواد زلف جعد مشک بویم بیاض طلعت نکویم چشم حور غلمان سرمه رضوان روزن جنت گشاده همخوابه نیکویی طاق ندیده_است نبیند چشم آفاق بدان مکاره پرحیله فن بگفتا مرد کور قلب روشن گر نظاره چشمم ناامید عقل مطلب بعید رخ زیبا داری بدین سرو قد رعنا داری کجا منی همراز بودی کوری مرا دمساز بودی گرفتم کز حقیقت کور رسم وفا می‌بود گرد آباد کشور بسی رندان قلندر سر رندی تاج گیرند ز ماه آسمانی باج گیرند دیدندی جمال دل‌فریبت گوهر کف مفلس غریبت ساعت دست غارت می‌گشودند دامن می‌ربودند غرض سخن بی‌قیل قالست عشوه دنیا مثال اندر جهان کی مرد عاقل نیرنگ عجوز دهر مایل زال زمانه باوفا زمانی یار مردان خدا نبودش‌گر طریق بی‌وفایی خوبان جدایی ز وصل نباشد شاد مسرور مگر چشمی فی‌الواقع کور مگو ( صامت ) پند برو برون بنما بند شهریاران زمانه نام نشانه سقراط دانا سر خوابش دید گذر بدان دانا حکیم ، فتنه‌انگیز سر پایی بزد کز برخیز خواب خردمند هشیوار ز گستاخی سلطان گشت بیدار بدان جاه جلال پادشاهی ننمود بی‌اعتنایی شه نادان پرخاش کی بیخودی دم باش مرا محکم اساسی ندانی کیستم می‌شناسی جوابش سقراط خردمند کزین گفتار باطل لب فروبند ین کبر منی ندانم حیوانی لگد زن وگرنه ستایی چو حیوان لگد افکن چرایی گر انسانی چرا‌ای مرد گمراه زنی خوابیده خواب ناگاه ز گفتار ، مار ارقم غضب آلوده_شد پیچید بدو گفتا ز کبر نخوت سلطان کی گویند رعیت مکش افزون ز خویشتن پا بنده‌ای مولی تبسمکرد سقراط سلطان فرمود کای سلطان نادان بخار سر کن ز ناپسند حذر کن شیادی گردون شید صیادی چو بسی صید طبل نقاره کوس ز اسفندیار نوذر طوس تاج نگین افسر تخت ز ضحاک سیه بخت سنج بوق علم طهمورث جمشید
2,2,25,samet,monajat-ba-ghaziyolhajat,20,ای پرده‌پوش معصیت عاصیان درگه دیده امید عام کار عفو بخشش انعام روز شب شغل فضل رحمت اکرام صبح شام معصیت نکرده خواهم_ز بهشت ای خاک سر آرزوی خام ساترالعیوب غافرالذنوب خالق‌العباد باعث‌الانام انشاتنی فضلک منشی‌النفوس احییتنی بصنعک محبی‌العظام راضی مشو شعله نیران شوم مقیم آتش سوزان مقام ترحم درافکنی ختم مساعد کارم کام رب بهار عمر جوانی خورشید عمر ساخته منزل کنج بام عمریست کشاکش نفس فکنده_است مرغ اطاعت گمگشته دام جرم خطا سر نمی‌زند گیرم سازد دوام انعام عام مگر آخر بدل جرم طاعت ننگ نام ورنه خجالت اعمال باغ بهشت ملک جهان حرام ار حجاب ز افعال زشت دست انتقام کس پرده‌پوش گناهان کجاست عذاب بخشد امان رب حق جمله خاصان درگهت رب حق رتبه پیغمبر امام لوح ( صامت ) بکش قلم وانگه نمای منزل وادی السلام ای خالقی صانع ارض سما تویی معبود کائنات ز شاه گدا تویی چشم امید ممکنات کس بقا تویی ورطه مهالک آلام صعب سخت یاری دهنده کجا تویی روز حشر وقت حساب دم صراط دیان دین حاکم یوم‌الجزا تویی عاصیان بی‌سروپا طریق لطف توبه جانب رهنما تویی جرم گه ز عطا کرم ز بیگانگی ز آشنا تویی بی‌کسان مضطر درمانده ضعیف گوش زبان چشم دل دست پا تویی مجرمیم مذنب مردود تیره‌بخت بخشنده معاصی جرم عطا تویی شخص گناه ثوابست بی‌نیاز محتاج کی فعل بد نیک تویی کبر ریا خرج هرگز نمی‌رود بساط کبر ریا کبریا تویی خیر محضی بدنام شر محض سیاه‌تر ز مس کیمیا تویی دنیای گره زده کار آخرت بگشا گره ز کار مشکل‌گشا تویی طبعم مریض کشمکش روزگار رب دردهای نهانی دوا تویی تو‌گر خدای دگر می‌بردمی پناه ولیکن خدا تویی ترسم هستم امیدوار مقصود نتیجه خوف رجا تویی مبین خواب غفلتیم ببین رافع ابتلا تویی پناه آل عبا نموده‌ایم بگذر ز حامی آل عبا تویی امید دوستی دوستان دوستان قرین صدق صفا تویی واخجلتا ز معصیت ( صامت ) ای خدا رسوا مکن مرا قدیم‌العطا تویی رب مرا چنگ بلا مبتلا مکن دست مرا ز دامن لطفت جدا مکن گذشته گرچه گناه خطای چشم گنه بپوش خطا مکن افعال وفق رضای تو‌گر ز لطف ، سد طریق رضا مکن درخور عذاب شایسته کرم کرم سلوک احوال مکن گرچه گناه پرده دریده_است کار رحمت پرده وا مکن ستاریست شیوه کون رسوا مرا ز جرم به‌روز جزا مکن معصیت حبس دعای ماست نادیده ز بخشش رد دعا مکن امیدوار لطف عطای بوده‌ایم قطع امیدواری ما‌ای خدا مکن جرم خطا پیشه‌ای رها ماجرا مکن ذات عبادت خلق بی‌نیاز ای بی‌نیاز شیوه رها مکن « ادعونی استجب لکم » اندر کلام جرم ز وعده قرآن ابا مکن کون دست گنهکار جدا دامن مودت آل عبا مکن آفتاب گرم قیامت مرا برون سایه لوای شه لافتی مکن خدمت ائمه اثنی عشر حشر جدا حق شه کربلا مکن تعجیل کن ظهور امام عصر زین غیبت مقتدا مکن اسلام منهدم زین دگر منع ظهور مهدی صاحب لوا مکن ( صامت ) سگ سلطان اولیا ز جابجا مکن رب ز پرده وا کنی خجلت ابدی مبتلا کنی ابلیس‌وار جامه طغیان گر یک‌نفس رها کنی کس جان جفا ز ترحم وفا کنی روزی دهی
3,3,36,bahar,4parebk,5,کره پست حقیر قبه مینای بلند خرسند کس خرد کبیر بیهده باشم خرسند شده‌ام اشیا باریک رفته سرحد اسرار چیست هستی ؟ افقی بس تاریک وندر نقطه شکی مشهود بجز نقطه نورانی شک افق تیره فروغ عشق بستم حقایق یک‌یک راست گویم وهم دروغ وهمیم نیاید به‌نظر غم شادی خوش ناخوش بد نکندکوکبه صبح دگر برم جلوه ، تشییع غروب عصیان زده مستاصل محو گرداب روح عظیم کشتی بشکسته دکل امواج حوادث تسلیم خلق طبیعت ز ازل بدو قانون پلید ارزانی سر تأثیر وراثت ، رمز تاثیر تعلم ، ثانی روح من‌گر ز نیاکان ای خدا بدبخت که‌ام و‌گر روح خرد زان بسته بند وراثت ز چه‌ام نیا عابد عارف مشرب نیا لشگری دیوانی پدرم شاعر زین نسب شاعر لشکری روحانی جد تاجر زین پدر آهنگ تجارت فرمود تربیتش گشت هدر لیک روح آسیب زاهد محاسب ظریف تاجر سپاهی ندیم باب حریف حریف کار علیم علیم سخت سنگ سپهر غماز دمم جگر افکنده خدنگ گونی بهر نشان ، تیرانداز هدفی سرخ نشانیده سنگ بیایید‌ای کبوترهای دلخواه سحرگاهان مرغ طلایی بپرید فراز بام ناگاه ببینمتان قصد خودنمایی بدن کافورگون پاها چو شنگرف فشاند ز برج خاور گرد فرود آیید برف کشیده سر ز شیشه فرو خوانده سرود گناهی کشیده عاشقانه زمین دم گوشم ، نسیم صبحگاهی نوید عشق آید زان ترنم سحرگه سرکنید آرام آرام نواهای لطیف آسمانی عشاق بفرستید پیغام دمادم زبان بی‌زبانی مهیا‌ای عروسان نو آیین بگشایم آشیان خروش بال‌هاتان اندر حین رود خانه کوی برزن گوبی خلد برین چو رویتان بگشایم اندر افرشته‌وش یکباره پرواز گردون دوخته ، افرشتگان چرخ نازل زعم مردمان باستانی افرشتگان سطح منزل بگیرید اوج گردید آسمانی نیاید وگر مانید بس بی‌آب دانه فریادی قیلی قالی بجز دلکش سرود عاشقانه فرود آیید ای یاران بام کف‌اندر‌کف‌زنان رقص‌رقصان نشینید سطح آرام انسان بیایید‌ای رفیقان وفادار بهرتان افشانم ارزن دیدار بهر زار دیدن مردان برزن سیصد شصت ربعی روز سال هست مدام ماه روز دگر بد پایان سال ، پنجی نام گشت پنجی فزوده آخر سال آداب سنت دیرین جشن « اندرگاه » اسفند ماه فروردین گشتی ز ربع روز ، مهی جشن « وهیزک » اندر « بهترک » ضبط گشته فرهنگ جشن روزه سخت عزیز گذشتی ز سال‌ها صد بیست ماه آبان لیک نامش « وهیزک » اندر ایران مذهب زردشت موبدان مغان زیج رصد داشتندی حساب سال درست نگردد سنت ملی جشن‌ها منحرف ز روز ز ساسانیان قرن گذشت فرامش دویست سال دگر « پنجی » « وهیزک » نداد خبر اسلام ماه بد قمری روز یاد لاجرم نوروز گه آبان مرداد کار قسط خراج کشت درو واپس افتاد وضع دشوار معتضد خلیفه فرمود زیج‌ها نو ملکشاه جهان‌آرای بودش لقب جلال‌الدین رصدی تازه بست زیجی عدد روز ماه گشت تقویم‌ها راست جلالی نام تاریخش ازینگونه مبدأ تقویم بگفتم تاریخش روزی شرح گفتیم گشت قسمت چندین ماه ماه‌ها گشت بلند دگرکوتاه « لا » « لب » چارم پنجم ششم « لا » « للکط » « کطلل » بونصر نصاب املا* ربع روزی گفته_شد زین چار سال گرد آید چار سال اسفند روزی ربع‌ها بیفزاید ز نو سال ماه قمری هجوم مغول سال
4,4,34,bahar,tarjeebk,8,شاهی شاهی ز صد شکر صد حیف تیری کمان قصد دل خصم هم‌گر خطا ناگه تیری ز کمان سلطان جوان شاد خوش پیروز وان انده دیرین ز دل پیر جوان ملکی راد آمدن عیش ، نوید رنج ، نشان آمدن شه رفتن شاه بیتی زبان کاول زبان المنه لله جهان جوان وین شاه فلک مرتبه سلطان جهان جم رتبه محمدعلی شاه جوان‌بخت کز فر ملک کهن گشته ، جوان شاهی عهدش جهان فتنه دیده فتان بتان نهان بسترد کفش خاک غم جهان لیک خاک غم سر گنجینه کان بگزید چو مسند اورنگ پدر ملک فلک ورد زبان امروز شادی کار دگری کز دوحه اندوه انده ثمری زین دل‌خوش کن زان رفته مخور غم کز رفته گیتی خبری ای ترک بدین مژده بده باده امروز ره وصلت گذری تیر صید اهل نظری صید نظری لیکن ز حدیث امروز دهر نکته حدیث دگری روز دست دگری تاج نگین هست ملکی کش غم ملک غم دین بگذشت شهی کش غم ملک غم دین شاه ایوان شهی صدرنشین گشت وآن شاه ایوان شهی صدرنشین برتخت شهی شه منصور ، مکین باد چونان مظفر شه مغفور ، مکین زین قصه وز غصه سخن پایان سخن چو بدیدی جشنی امروز بدین مژده بباید نیکوتر زیباتر جشن نشاید جشنی صدر اندر بنشسته امیری کز خوی نکو زنگ غم دل بزداید فخرالامرا آصف دولت ز جودش حاتم تحیر سر انگشت بخاید فرمانده خاور ز عدل سخط تیهو بچه صید ازکف شاهین برباید آراسته امروز بزم دم سخن نادره آید هست جهان ، خسرو شاه جهان باد فر جهانداری بخت جوان باد دیروز ملک‌زاده امروز ملک گشت قرن دوصد قرن چنان باد عیش تن وآسایش جان باد عیش تن اسایش جان باد سایه آصف دولت خراسان ایمن ز غم محنت آسیب زمان باد وین بنده بهارش جهان مدح سراباد وین ز سخن خلق روان باد ده دوران جانکاه آسوده_شد ملک ، الملک‌لله شاه نو اقبال همراه کوس شهی کوفت رغم بدخواه غم رهنمون جان یار غم گشت ، دل غرق خون مام وطن رخ نیلگون امروز دشمن خوار زبون چندی ز بیداد فرسوده گشتیم خاک خون آلوده گشتیم خصم پیموده گشتیم امروز آسوده گشتیم کشتند بستند قلب وطن کینه خستند کج نهادی پیمان شکستند چنگ ملت آخر نجستند جور منسوب گشتند پیکر ملک میکروب گشتند آخر ملت مغضوب گشتند ساحت ملک جاروب گشتند کدخدا دید جور شبان برانگیخت ستارخان سد ستم ساخت مرزبان رنگین تیغ سنان مستبدین لختی جهیدند گفتند لختی ، لختی شنیدند ناگه ز سو شیران رسیدند روبهان دم درکشیدند یک‌سو سپهدار فتنه سد یک‌سو یورش برد سردار اسعد ضرغام دل ، ز کف گرفتند تیغ مهند اقبال یار بختیاری گیلانیان حق یاری جیش عدو یکسر فراری کنج غم گشت دشمن حصاری بد خواه دین سدی متین لیکن مر غم کمین خاکش سر پاداشش دشمن عیش دایم قرین بخت سپهدار فرخنده بادا سردار اسعد پاینده بادا صمصام ایران برنده بادا ضرغام دین دل زنده بادا ستارخان بادا ظفر یار تبریزیان یزدان نگهدار سالارشان نیکو کار احرار دل باد بیدار چندگویی مانده ویران هند افغان خوارزم ایران چندگویی جسته مأوا خرس پتیاره شیران چندگویی روز حاجت مانده ازکار
5,5,39,ghaani,ghazalgh,20,صدشکر گو‌یم زمان چنگ جام کاین بردند ننگ نام دلتنگم فرزانگی دارم سر دیوانگی کز دهم بیگانگی عام خواهم_جنونی صف‌شکن آشوب جان مرد زن آرد شورش تن تن پخته خام مرغ پرد قفس نیندیشد ز کس بیند مدام دانه دام قاآنی ار همت کنی دل عالم برکنی یکباره درهم بشکنی شیشه جام زین کار ناید رطل سبو مرا ساقی خم می‌بنشان گلو مرا لخت جگر کباب خون دل شراب کاین بد غرض ز کلوا اشربوا مرا باده‌نوش نور جان نهی بهر تجربه لاتسرفوا مرا می‌مده مرا ز سبو دهی راهی ز خم می‌بگشا سبو مرا خمی بساز گل صلصال آب فیض وانگوروار سر ببر مرا چندی بپوش سر خم بگسلد یکباره حلاوت تن آرزو مرا حلاوت تلخی آشکار تلخیی هست حلاوت مرا لتها زند چوب بلا عشق سرم خیزد نفس مشکبو مرا جان هزار ره آید نموده کف شادی کنان تن ناپاک کو مرا خون چشم ببینم کف ناید لب کف طرب‌های هو مرا عشق غیور کف خشم گویدش تنم خواندی عدو مرا کشتم مصلحتی عقل نشناسدم ز بس نگرد مرا کشم نگویی هیچ‌کس سر مهر حکمت راز مگو مرا مستت ز باده می‌را حرام بوی باده پرده کشد مرا هشتاد تازیانه زنم وقت هوش مستی ار عقل شوی رازگو مرا کاین عقل جزوی نظم معاش هست محتاط شحنه‌ای سر چارسو مرا ساقی کنون قدر می‌شناختی حوضی ز می‌بساز کن فرو مرا تلخ آیدم کام باده هست کز عهد مهد دایه می‌داده خو مرا آلایش کونم هست باک آب رحمتست سشت شو مرا عمر نماز شهادت مرا بس دم علی خون وضو مرا موی شیر زرد نزارم مبین هست صد شیر شرزه بسته تار مو مرا بیم عشق لالم ترسم برجهد دل سر زبان دل گفتگو مرا آسوده هست جانم آلوده پیکرم زشت زشت بیند نیکو نکو مرا سر بسته جوی آبم پای هرگز نجوییم چو بینی بجو مرا گر عکس آینه وهم تست زشت وهم قیاس مکن‌ای عمو مرا ناژوی راست قامت آب جویبار عکسش نماید نگون هین بگو مرا نشنیدی کنیز خاتون گغت کشتت فلان خر چو ندیدی کدو مرا پنهان چو جام خنده زنم‌گر آشکار شیشه خون دل دود اندر گلو مرا گم شدم ز عضوم شدست روح گم شو ز خویش‌ای کنی جستجو مرا قول دوست وصف ار مرنج کاین شور و‌های هو از‌های هو مرا عشق زبان صفت وصف ملامت بیهوده گو مرا طبال پرده قواره پوست خروش دمدمه روبرو مرا تعویذ روح حرز تنم مهر مصطفاست چاکهای دل رفو مرا رحمه‌الله همی روز شب نهان خواند گوش آیت لاتقنطوا مرا اشک‌های بی‌خبر چشم دل مگر قا آنیا آبرو مرا کنون برگ نوا باغ بستان بساز برگ نوای دی زمستان گلوی بلبله راح ارغوانی گیر بدل گل سحر بلبل خوش‌الحان چو آفتاب می‌و صبح ساقی هست چراغ شمع حاجت شبستان فروخته گوهر نور جمال دلیل شب تیره پور عمران قرین شکر عود شراب شمع طیور بابزن بره‌های بریان چو اسباب عیش موی موی حلقه آر سر زلفکی پریشان شو آستین بتی درکش ز زلف رخش بنفشه گل کن دامان عبیر عود آتش منه بگیر بده باد طره مشکین عنبرافشان ار نماند درختان بوستان درخت قامت
6,6,4,moulavi,shams daftar2,20,-
7,7,12,ferdousi,shahname hushang,3,جهاندار هوشنگ رای نیا تاج سر نهاد بگشت برش چرخ سالی چهل هوش مغز رای دل چو بنشست جایگاه مهی تخت شاهنشهی هفت کشور منم پادشا جهاندار پیروز فرمانروا فرمان یزدان پیروزگر دهش تنگ بستم کمر زان جهان یک‌سر آباد گیتی گوهر چنگ آتش ز آهن جدا سنگ سر مایه آهن آبگون کز سنگ خارا کشیدش برون روز شاه جهان کوه گذر کس هم‌گروه پدید دراز سیه رنگ تیره تن تیز تاز چشم سر چو چشمه خون ز دود دهانش جهان تیره‌گون نگه هوشنگ باهوش سنگ گرفتش سنگ تیز چنگ زور کیانی رهانید دست جهان‌سوز مار جهان‌جوی جست سنگ گران‌سنگ خرد سنگ بشکست گرد فروغی پدید سنگ دل سنگ گشت فروغ آذرنگ نشد مار کشته ولیکن ز راز طبع سنگ آتش فراز جهاندار جهان‌آفرین نیایش همی خواند آفرین فروغی هدیه آتش آنگاه قبله نهاد بگفتا فروغی ایزدی پرستید بخردی شب افروخت آتش چو کوه شاه گرد گروه جشن شب باده خورد سده نام جشن فرخنده ز هوشنگ ماند سده یادگار بسی باد دگر شهریار کز آباد جهان شاد جهانی نیکی یاد چو بشناخت آهنگری پیشه آهنگری اره تیشه چو کرده_شد چاره آب ساخت ز دریای‌ها رودها بتاخت جوی رود آب‌ها فرخندگی رنج کوتاه چراگاه مردم بدان برفزود پراگند تخم کشت درود برنجید نان بورزید بشناخت سامان بدان ایزدی جاه فر کیان ز نخچیر گور گوزن ژیان جدا گاو خر گوسفند ورز آورید آن‌چه بد سودمند ز پویندگان مویش نکوست بکشت سرشان برآهیخت پوست چو روباه قاقم چو سنجاب نرم سمور کش موی گرم این‌گونه چرم پویندگان بپوشید بالای گویندگان برنجید گسترد خورد سپرد برفت نام نیکی نبرد بسی رنج برد اندر روزگار افسون اندیشه بی‌شمار چو آمدش روزگار بهی مردری ماند تخت مهی زمانه ندادش زمانی درنگ هوش هوشنگ فر سنگ نپیوست خواهد_جهان مهر آشکارا نمایدت چهر
8,8,8,moulavi,shams daftar6,20,-
9,9,3,moulavi,shams daftar1,20,-
10,10,6,moulavi,shams daftar4,20,-
11,11,27,samet,hajeb-boroojerdi,13,زینب دید خسرو دین مانده بی‌معین دست طفلان نازنین گل گلزار چشم اشکبار نزد امام دین گفتا خواهم_ای شه خوبان ز جان هدیه نثار قدومت زمین ای حشمت‌الله ره احسان نما قبول ران ملخ ز مور دل‌افسرده غمین عون محمد خواهم_کنم ز جان فدای اکبر قربان اصغر فرمود شه مرا نور دیده‌اند سازم چسان روان بدم تیغ مشرکین مرگ برادر غم یاران مرا بس منما فزون داغ زار بهر زینب عون محمدش سودند جبهه قبله یقین بس شه اذن جنگ آل طفل غمزده نورس حزین بوسید کودک بوئیدشان ز مهر چو شاخ نرگس چو یاسمین زینب ستمزده پوشید کفن زد شانه سنبل گیسوی عنبرین تیغ سپر ببست روان همچو ماه ز آسمان دیده سرشگش آستین تیر کمان فکند مرکب نشاندشان گفتی مهر ماه عیان ز برج زین رفتند رزم برآن دست تیغشان برخاست قضا قدر صورت آفرین همچو رعد غلغله جهت فکند وین زد چو برق شعله قلب سپاه کین شرار نار عدو ز پا فکند وین دست سر چوب برگ خزان ریخت زمین اسنان ز جسم عدو جوی خون گشود بست ره فرار ز سو مشرکین صدای الحذر ازکوفیان بلند الامان رساند گردون هفتمین فوج فوج سقر دادشان مقر فرقه فرقه درک کردشان مکین گفتا ز حمزه مگر نشان دگر جعفر طیار ماند آخر ز جنگ شیران گریختند روباه وار حمله نمودند کمین تیر اجل ز ابر بلا ریخت مطر جسم ناز پرورشان گشت دلنشین می‌فکند نیزه پیکانش یسار می‌زدی خنجر برانش یمین آخر پیکر پاک شریف نیزه پاره‌پاره ز جور مخالفین گشتند طفل فکندند الم آتش قلب زینب غمدیده حزین سرداد شاه تشنه ماتم کشید دیده سیل اشک ز دل آه آتشین ( حاجب ) ز داغ برادر سرشک ریخت شافع یوم واپسین توانی‌ای دل وضع جهان بنما کاین عجوز دهر دم فتنه آرد بکار عروسان ر جلوه می‌دارد کینه جوزالی مکار زشت نابکار گمان داری شهد نوشی روز شب نی شهد شکر سم فار تابکی جان عزیز هدف تیر مکروهات بارد کمان روزگار وزو شب خوابی حب دنیا گشته مست دمی بیدار باش لحظه شو هوشیار مال اولاد عیالت یکسر فتنه‌اند بخوان مصداق قول کلام کردگار چشم بینایی گشا کن عاقبت زیندار آندر گذار قبرستان دم سر عبرت نگر چسان شاهان خاک خفته خوار زار تازه دامادان عروس مرگ بگرفتند تنگ نوعروسان گیسو زیب گردن مار پا خاکی عجب تکبر می‌نهی سروقدانند سمین پیکر نسرین عذار توانی خلایق نرد نیکویی کز ماندر جهان نام نکویی یادگار خلق فرموده خلاق وجه حسن باش نیکو خلق نیکو خصلت نیکوشعار ای برادر رضای حق مکن کاردگر زانکه کاری رضای حق ناید بکار کاری رضای حق نکردم هستم سوء عمل یزدان شرمسار می‌زنم دست توسل ولای شهی کاو بدادی جان سر رضای کردگار سبط حجت شه دنیا دین خامس آل عبا عرش حق گوشوار مظهر یکتا صاحب‌منصب ثارالهی دین حق آئین احمد وجودش پایدار کدامین ماتمش گویم تاب زبان گوید ز سوزش جگر افتد شرار یاد زمان کان کودک ششماهه نزد بردند تاب قلب فکار گفتنش ای شاه طفل رضیع مستمند رفته_است تشنگی ز دل صبر قرار نی شیر آبی تسکینش دهیم عطش صبر قرار جان فرار دیده شاه تشنه‌لب کانطفل
12,12,31,bahar,masnavibk,20,سردار جزاه الله بشنود بنده بی‌اکراه فسانه دل بندد همی گرید همی خندد قصه شنیدنش سهل علم جهل بدانی می‎گذرد فلان بینوا می‎گذرد افلاس شخص چاره کنی مفلسی کناره کنی مفلسی مردن کاست هرکه مفلس جهان برخاست « بوهریره » همی نماید نقل حدیث نبی مطابق عقل کان زمانی عهد نورانی جاکشی پریشانی جاکشی همچو پنبه ظاهر کلفت لنبه لیک گردنت افتاد سبک نرم یابی‌اش باد لیک مفلسی چو کابوس که‌ش سر شاخ دم محسوس چسبید سخت بیخ خرت مادرت درآرد پدرت مفلسی عرض عرضی کاندر بسی مرض عرض‌گر فتد جوهر جزء اشیا طرد کسر اوقات کشت سخنان ادبیات گشت سخنان کزین بی‌نیاز شوم سر شرح قصه شوم روس‌ها مشهد رضوی قصد زیاده‌روی بنده بی‌گناه تشر طرد حشر زان مردمان فهمیده دزدیده نهادم ز خراسان گز نمودم طریق تهران ره دزدهای شیرازی لخت کردندمان طنازی ندهم شرح بردند کز ، هرچه بد بردند دارم سپاس یزدان نبردند گوهر جان دزدان ماندم رباعی یادشان خواندم : دزدان بیابانی قهری نبدند خودکامه لامذهب دهری نبدند آن‌همه طبع سرقت بی‌رحمی بالله چو سارقین شهری نبدند الغرض بنده زن بیوه تای پا چارق ، دگر گیوه دررسیدم ری ره خسته ولوت آسمان‌جل عور نمدی سرم ، معاذالله مباد کلاه تنم جبه‌پاره‌ای کهنه پالان خر زدی طعنه موی ریش سویی تنم رنج گشته مویی رخم رنج اضطراب قلق مه بدر ، گل‌گل ابلق بنده دوستان بدند بسی خجالت نگفتم مر مرا دوستی موافق درمی قرض قوله نمود هیکلم بداد تبدیلی حاضر عبا مندیلی هرکسم دید ، : محتشم شیخ‌ابوالفضل خواجه بوالحکم بی‌خبر کاین حریف ز ریا کهنه رندی رفته عبا الغرض ماهی این‌چنین ماندم راز نیفشاندم کیسه درم خالی وجودم قرین بدحالی خواستم زبن بلا کناره سفر ، درد چاره پور سردار ، آجودان‌باشی باشی لرستان فال فرخنده ابواب بنده بیا بدان دیار شویم صدق ، یار شویم نگویم بخور می‌خورم بخور بدم آگاه دیده_بودم بلای ماه کنایات کردمش جیبم درم خالی تدبیر حالت آسانست شهر تهران خراسانست گفتم نکو زین امید الغرض زین خبر چو بی‌خبران خواستم عذر ره ز همسفران رفیقان واماندم رفتند بنده ماندم تومان زحمت بی‌مر قرض امیدی کار آسان مسقط‌الرحل لرستان قصه کوته ، بدین تمنی خام بنده ماندم ، ماه ز اتفاقات سفر موقوف دلش جانب دگر معطوف کنون بیا چالاک بشتابیم جانب املاک روزی ز مردم موذی باشیم فیروزی گفتم قصه سخت بی‌ثمر بروجرد رفتن دگر سخن پرگره چو موی درازی چو آرزوی کجا ، جویبار ساوه کجا مرد جنگی کجا ، کجاوه کجا الغرض دست دادم گفتم سلامت بمان رفتم روزی درنگ بگویم بنده « أمن یجیب » خواندم روز ، هفته‌ای ماندم بدیدم قصه گشت دراز برگ سفر نمودم دوصد آه زینهار امان قرض چهل عدد تومان مبلغی قرض دادم مابقی کیسه بنهادم بلیطی گاری مشهد روم چاپاری ناگهان نامه‌ای ز کلکته حبل‌المتین ره کن خالی جانم قرین بدحالی گر بیایی به‌سوی یارا شاد خرم کنی دل سردار قصه گفتم ذره‌ای زین حدیث ننهفتم صد ، هزار به‌به ره کن قصه کوته گفتم ره زان مجازی‌هاست درازی‌هاست بهر انجام ره پول می‌باید ندارم پول مبلغی مابقی مهیا چو گربه مرنو افتادم مدتی تک افتادم شصت تومان
13,13,19,samet,eftetah,3,کس زبان نهاد اندر دهنم چو عندلیب اندر چمنم مأمور نموده_است صبح ازل شام ابد مدحت تنم حمدا لک رب تبارک تعالی ای نفش نگارنده اسفل اعلی ای ذات خلقت ترکیب معرا خواندن وصفت ، متحیر دل دانا کس طریقی ره تحقیق پویا دیدار طالب اسرار جویا مرغان ملایک عرش معلی روزان شبانند ز الطاف گویا ای قبلهی حاجات ابیض اسود شرمنده احسان تو‌گر و‌گر بد وصف برونست ز اندازه ذات ز اجسام صور پاک مجرد ارواح مقدس جمعند مفرد بندگیت درج صد عزت سرمد نقش قلم صنع طاق زبرجد مبنی ز صبح ازل شام مؤبد نرگس چمن بیهشی جام بلبل گلستان زبان نام طایر جان سر دام زنده دلی گوش پیغام گرسنهای دیده اطعام چشم طمع مرحمت عام پادشهی خواهش انعام هوایی دل خودکام هرچند دیده دیدار نهانی هرچند ظاهر کون مکانی هرچند اوصاف بیانی هرچند زمین زمانی بالله ذره هویدا عیانی چشم نوری جسم چو جانی نزدیکتر هرچه گویند آنی ای کنز خفی کی نهان جهانی احدی احدی مثالت واقف هیچ‌کس کمالت دستی نرسیده_است دامان جلالت نی نی باشدو نی هست همالت عالم همگی ریزهخور خان نوالت سلطنت پادشهی زوالت جود کرم بخشش عفو خصالت نهانست ز انظار جمالت ای ملک لمن‌الملک امیری بی‌مشورت شاهی تدبیر وزیری بی‌منشی مستوفی بی‌کلک دبیری یاوری یاری مشار مشیری عون پناهی معینی ظهیری ای ز نیش پشهی خرد حقیری دادگری ز نمرود بگیری القصه بی‌شبه عدیلی نظیری ای دوست بجز درگه لطف دری نفع ضرر رد قبول دگری فضل عصیان خطری اندر عدل ز طاعت اثری امید فردوسی خوف سقری هرچند نخل اطاعت ثمری نومید ز درگاه هنری مهر تیر حوادث سپری
14,14,17,ferdousi,shahname nozar,13,چو سوگ پدر شاه نوذر بداشت ز کیوان کلاه کیی برفراشت تخت منوچهر بخواند انجمن دینار برین برنیامد بسی روزگار بیدادگر سر شهریار : ز گیتی برآمد غو جهان کهن سر شاه نو چو رسمهای پدر درنوشت ابا موبدان ردان تیز گشت ؛ همی مردمی نزد خوار دلش برده گنج دینار کدیور یکایک سپاهی دلیران سزاوار شاهی چو کشور برآمد خروش جهانی برآمد جوش بترسید بیدادگر شهریار فرستاد کس نزد سام سوار سگسار مازندران سام فرستاد نوذر پیام « خداوند کیوان بهرام هور هست آفریننده پیل ماهی مور دشواری برترمنش آسانی اندک اندر بوش توانایی یکیست هست و‌گر اندکیست کنون خداوند خورشید ماه ثنا روان منوچهر شاه ابر سام یل باد چندان درود آید همی ز ابر باران فرود مران پهلوان جهاندیده سرافراز گرد پسندیده دل هوشش آباد باد روانش ز درد آزاد باد شناسد مگر پهلوان جهان سخنها آشکار نهان شاه مژگان برنهاد ز سام نریمان بسی یاد همیدون مرا پشت‌گرمی بدوست پهلوانست شاه دوست نگهبان کشور شاه ازویست رخشنده فرخ کلاه کنون پادشاهی پرآشوب گشت سخنها اندازه اندر گذشت برنگیرد گرز کین ازین تخت پردخته ماند زمین » چو نامه‌بر سام نیرم باد سرد جگر برکشید شبگیر بانگ خروس برآمد خروشیدن بوق کوس لشکری راند گرگسار دریای سبز اندرو گشت خوار چو ایران سپاه پذیره شدندش بزرگان پیاده سام دلیر برفتند گفتند دیر ز بیدادی نوذر تاجور خیره گم پدر جهان گشت ویران ز کردار اوی غنوده_شد بخت بیدار اوی بگردد همی ره بخردی ازو فره ایزدی سام یل پهلوان نشیند برین تخت روشن‌روان جهان آباد برویست ایران بنیاد بنده باشیم فرمان روانها مهرش گروگان بدیشان سام سوار کی پسندد ز کردگار نوذری نژاد کیان تخت کیی کمر شاهی مرا تاج بسود محالست کس نیارد شنود یارد کس اندر جهان ! زهره کس اندر نهان ؟ دختری منوچهر شاه بران تخت زرین شدی کلاه نبودی خاک بالین بدو شاد بودی جهانبین دلش‌گر ز پدر گشت برین‌بر نیامد زمانی دراز آهنی زنگار خورد رخشنده دشوار شایدش ایزدی فره آورم جهان مهرش آورم گذشته پشیمان شوید نوی ز سر پیمان شوید گر آمرزش کردگار سپهر نیابید نوذر شاه مهر بدین گیتی اندر خشم شاه برگشتن آتش جایگاه بزرگان ز پشیمان یکایک ز سر پیمان چو درگاه سام سوار پذیره شدش نوذر شهریار فرخ نامور پهلوان جهان سر سر نوی جوان پوزش مهان نوذر جان دل کهتر برافروخت نوذر ز تخت مهی اندر آرام فرهی جهان‌پهلوان نوذر پای پرستنده رهنمای نوذر پندها گشاد سخنهای نیکو بسی یاد ز گرد فریدون هوشنگ شاه منوچهر زیبای گیتی بداد دهش بیداد چشم نگماشتند دل ز کژی آورید چنان نوذر رای دید دل مهتران بدو نرم بنیاد آزرم چو گفته_شد گفتنیها گردنکشان شاه رمه برون‌رفت خلعت نوذری تخت تاج انگشتری غلامان اسپان زرین ستام گوهر سرخ زرین جام برین بگذشت چندی سپهر نوذر آرام بودش مهر آنگه ز مرگ منوچهر شاه بشد آگهی توران سپاه ز نارفتن کار نوذر یکایک بگفتند بدگمان چو بشنید سالار ترکان پشنگ چنان خواست کاید ایران جنگ یاد نیا زادشم تور زد تیز دم ز کار منوچهر لشکرش ز گردان سالار کشورش نامداران کشورش بخواند بزرگان لشکرش چو ارجسپ گرسیوز
15,15,13,ferdousi,shahname jamshid,4,گرانمایه جمشید فرزند کمر بست یک‌دل پند برآمد تخت فرخ پدر رسم کیان سرش تاج زر کمر بست فر شاهنشهی جهان گشت سرتاسر رهی زمانه آسود داوری فرمان دیو مرغ پری جهان فزوده بدو آبروی فروزان تخت شاهی بدوی منم فره ایزدی همم شهریاری همم موبدی بدان ز بد دست کوته روان روشنی ره آلت جنگ دست برد نام جستن گردان سپرد فر کیی نرم آهنا چو زره جوشنا چو خفتان تیغ چو برگستوان روشن‌روان بدین اندرون سال پنجاه رنج ببرد بنهاد گنج دگر پنجه اندیشه جامه پوشند ننگ نبرد ز کتان ابریشم موی قز قصب مایه دیبا خز بیاموختشان رشتن تافتن تار اندرون پود بافتن چو بافته شستن دوختن گرفتند یک‌سر آموختن چو کرده_شد نهاد زمانه بدو شاد شاد ز انجمن پیشه‌ور گرد بدین اندرون پنجاه خورد کاتوزیان خوانی‌اش رسم پرستندگان دانی‌اش جدا کردشان گروه پرستنده جایگه کوه بدان پرستش کارشان نوان روشن جهاندارشان صفی دگر دست بنشاندند همی نام نیساریان خواندند کجا شیر مردان جنگ آورند فروزنده لشکر کشورند کز تخت شاهی ز نام مردی پای بسودی گره شناس کجا کس سپاس بکارند ورزند بدروند خورش سرزنش نشنوند ز فرمان تن‌آزاده ژنده‌پوش ز آواز پیغاره آسوده گوش تن آزاد آباد گیتی اوی آسوده داور گفتگوی سخن‌گوی آزاده مرد آزاده کاهلی بنده خوانند اهتو خوشی دست‌ورزان ابا سرکشی کجا کارشان همگنان پیشه روانشان اندیشه بدین اندرون سال پنجاه بخورد بورزید بخشید پایگاه سزاوار بگزید بنمود کس اندازه ببیند بداند بفرمود دیو ناپاک آب اندر آمیختن خاک آنچ گل چو بشناختند سبک خشت کالبد ساختند سنگ گچ دیو دیوار برش هندسی کار چو گرمابه کاخ‌های بلند چو ایوان پناه گزند ز خارا گهر جست روزگار همی روشنی خواستار چنگ آمدش گهر چو یاقوت بیجاده سیم زر ز خارا افسون برون آورید آراسته بندها کلید دگر بوی‌های خوش مردم بویش چو بان چو کافور مشک ناب چو عود چو عنبر چو روشن گلاب پزشکی درمان دردمند تندرستی گزند رازها آشکار جهان نیامد خواستار گذر کشتی آب ز کشور کشور گرفتی شتاب سال پنجه برنجید ندید هنر خرد بسته کردنی‌ها چو ز مهی برتر پای فر کیانی تخت ساخت مایه بدو گوهر اندر نشاخت خواستی دیو برداشتی ز هامون گردون برافراشتی چو خورشید تابان هوا نشسته شاه فرمانروا جهان انجمن تخت شگفتی فرومانده بخت جمشید گوهر افشاندند مر روز روز نو خواندند سر سال نو هرمز فرودین آسوده رنج زمین بزرگان شادی بیاراستند جام رامشگران خواستند جشن فرخ روزگار ماند خسروان یادگار سال سیصد همی کار ندیدند مرگ اندر روزگار ز رنج ز بدشان نبد آگهی بسته دیوان سان رهی فرمان مردم نهاده گوش ز رامش جهان ز آوای نوش روزگار ندیدند کردگار جهان سربه‌سر گشت رهی نشسته جهاندار فرهی یکایک تخت مهی بنگرید گیتی خویشتن ندید منی شاه یزدان‌شناس ز یزدان بپیچید ناسپاس گرانمایگان ز لشگر بخواند مایه سخن براند سالخورده مهان خویشتن ندانم جهان هنر جهان پدید چو نامور تخت شاهی ندید جهان آراستم چنان گیتی کجا خواستم خور خواب آرامتان کوشش کامتان بزرگی دیهیم شاهی مراست گوید پادشاست موبدان سرفگنده نگون کس نیارست گفتن چو گفته_شد فر یزدان بگشت جهان گفت‌وگوی منی بپیوست کردگار شکست اندر برگشت کار سخن‌گوی
16,16,40,ghaani,mosammatgh,6,بنفشه رسته زمین جویبارها گسسته حور ز زلف تارها ز سنگ ندیده‌ای چسان جهد شرارها برگ‌های لاله لاله‌زارها ندانما ز کودکی شکوفه پیر نخورده شیر عارضش رنگ شیر گمان برم همچو دام غم اسیر ز پا فکنده دلبرش دستگیر درین بهار هرکسی هوای راغ داردا یاد باغ طلعتی خیال باغ داردا تیره شب ز جام می‌به کف چراغ داردا دل منست بس درد داغ داردا بهار چو ز بهار کناره جهان چو خوشا خرم دمی یار یار زلف مشکبار چشم اشکبار غزال مشک‌موی ز خطا دیده‌ای همچو آهوان چین خطا رمیده‌ای بنفشه‌بوی حجره آرمیده‌ای نشاط سینه برده‌ای بساط کینه چیده‌ای صلح درکنارم آ ، ز دشمنی کناره کن دلت ره ار نمی‌دهد ز دوست استشاره کن یاچو سبحه رشته‌ای ز زلف پاره کن ببند صدگره وزان استخاره کن دلبری رخش یاد نظرکنم محرمی حدیث عشق سر همدمی دمش ز خبر باده محبتی کزو دماغ‌تر نپرسدم خبر کیستم چکاره‌ام مفتیم محتسب رند باده خواره‌ام خادم مساجدم مؤذن مناره‌ام کدخدای جوشقان عامل زواره‌ام بهشت بتا بهشت تویی بهار باغ تویی ریاض کشت تویی بکن می‌کنی سرنوشت تویی بدل غایبی ز سرشت تویی دمن ز خنده لبت عقیق‌زا ، یمن یمن ز سبزه خطت خرمی چمن چمن ز جلوه رخت گل سمن سمن چو بنگرد رخت جان دل شمن شکرین لبت دم زند طبرزدا لبت طبرزدا حنظلی نیرزدا خیال عشق زمین بورزدا ز اضطراب عشق چو آسمان بلرزدا بت هفت سال مرا می‌دو ده ز چشم می‌فشان ز لعل پیاله ده نگار لاله چهر می‌ی رنگ لاله ده ز بهر نقل بوسه‌ای مرا لب حواله ده بهل کتاب بهم مرد درس نیستم نهال ز اهل غرس نیستم شرابم آشکار ده مرد ترس نیستم به‌حفظ کشت عمرخود مترس نیستم ار شراب می‌خورم بانگ کوس می‌خورم بارگاه تهمتن بزم طوس می‌خورم پیاله‌های ده منی علی رؤوس می‌خورم شراب گبر می‌چشم می‌مجوس می‌خورم الا سال‌ها می‌و ندیم داشتم چو سال تازه می‌شدی می‌قدیم داشتم پیاله‌ها جام‌ها ز زر سیم داشتم دل جواد هنر کف کریم داشتم کنون ار مفلسم ز دل نفس نمی‌کشم منتی ز هیچ‌کس نمی‌کشم فغان ز جور نیستی دادرس نمی‌کشم کشیدم ار ازین ازین نمی‌کشم کریمه‌ای کرم سحاب زرفشان صفیه‌ای صفا بهشت جاودان عفاف اوست کز ازل حجاب جسم جان فرشته زمین ستاره زمان سپهر عصمت حیا شاه اوست ماه شهی هست روز شب زمانه پناه سپهر قبای ستاره کلاه الا نزاده مادری شهی قرین شاه یگانه‌ای شرف عالمند چاکرش ز کاینات منتخب روح چار گوهرش حس جهت نثار هفت اخترش هشت خلد فلک فکنده سایه معجرش بدر چهر بسی مباینه بدر ببیندش معاینه ولیک بدر چهر گمان برم آینه عکس نیفکند چو نقش جان آینه حکم شرع احمدی رواست اجتناب وگرنه بهر ستر رخ احتجاب حیای حجاب عفاف نقاب وگرنه شرم بدی حجاب آفتاب زهی فلک بندگی ستاده بهشت عدن آیتی ز خلق مشکبوی عقل عالمی ندیده نهان ز چشم گفت‌وگوی خصایل جمیل دهر هرکه بنگرد کاینات دگر نشمرد چو ذره آفتاب چشم درنیاورد نعمت ز هست بگذرد ز بهر نفس ترا جان ثنا عمر خویشتن دعا حیات جاودانه تمنی خدا ترا جان دل ثنا عمرها منتم ز مردمان اصل مردمی تویی
17,17,15,ferdousi,shahname fereydoon,20,فریدون چو جهان کامگار ندانست خویشتن شهریار رسم کیان تاج تخت مهی بیاراست کاخ شاهنشهی به‌روز خجسته سر مهرماه سر نهاد کیانی کلاه زمانه بی‌اندوه گشت بدی گرفتند کس ره ایزدی دل داوریها بپرداختند آیین جشن نو ساختند نشستند فرزانگان شادکام گرفتند ز یاقوت جام روشن چهره شاه نو جهان نو ز سر ماه نو بفرمود آتش افروختند عنبر زعفران سوختند پرستیدن مهرگان دین اوست تن آسانی خوردن آیین اوست یادگارست ازو ماه مهر بکوش رنج ایچ منمای چهر ورا بد جهان سالیان پانصد نیفکند روز بنیاد بد جهان برو نماند ای پسر آز مپرست انده مخور نماند دان جهان برکسی درو شادکامی نیابی بسی فرانک آگاه بد زین نهان فرزند شاه جهان ز ضحاک تخت شاهی تهی سرآمد برو روزگار مهی آگاهی ز فرخ پسر مادر فرزند تاجور نیایش کنان سر تن بشست جهانداور نهاد سرش پست خاک همی خواند نفرین ضحاک همی آفرین خواند کردگار برآن شادمان گردش روزگار وزان بودش همی روز بد راز نهانش نوا کس نگفت راز اندر نهفت هفته زین بخشید چنان درویش نشناخت دگر هفته مر بزم مهانی گردن‌فراز بیاراست بوستان خان مهان مهمان وزان گنج آراسته فراز آوریده نهان خواسته گنجها راگشادن نهاده رای گشادن گنج دید درم خوار پسر شاه دید جامه گوهر شاهوار اسپ تازی زرین عذار جوشن زوپین تیغ کلاه کمر نبودش دریغ خواسته شتر دل‌پاک جهاندار فرستاد فرزند زبانی آفرین چو خواسته دید شاه زمین بپذرفت مام آفرین بزرگان لشگر چو بشناختند شهریار جهان تاختند که‌ای شاه پیروز یزدانشناس ستایش مر زویت سپاس روز روزت فزون باد بخت بد اندیشگان نگون باد بخت ترا باد پیروزی آسمان مبادا نیکی گمان وزان جهاندیدگان شاه ز گوشه‌ای برگرفتند زر گوهر برآمیختند تاج سپهبد فرو ریختند مهتران کشورش بدان خرمی صف زده درش ز یزدان همی خواستند آفرین بران تاج تخت کلاه نگین دست برداشته آسمان همی خواندندش نیکی گمان جاوید بادا شهریار برومند بادا روزگار وزان فریدون گرد جهان بگردید دید آشکار نهان هران کز بیداد دید بوم کان آباد دید نیکی ببست دست بد چنانک ره هوشیاران سزد بیاراست گیتی بسان بهشت گیا سرو گلبن بکشت آمل گذر تمیشه اندر نامور بیشه کجا کز جهان گوش خوانی همی نامش ندانی همی ز سالش چو پنجه اندر کشید فرزندش گرامی پدید بخت جهاندار پسر خسرو نژاد تاج زر چو سرو رخ بهار ماننده شهریار پاکیزه شهرناز کهتر خوب‌چهر ارنواز پدر نوز ناکرده ناز نام همی پیلان نهادند گام فریدون نامداران گرانمایه‌تر خواند کجا نام جندل پرهنر کار دلسوز شاه بدو برگرد گرد جهان دختر گزین نژاد مهان خواهر ز مادر پدر پری چهره پاک خسرو گهر سزای فرزند چنان بشاید پیوند دیدار ندانند ازان اندکی چو بشنید جندل ز خسرو سخن رای پاکیزه افگند بن بیدار دل پاکیزه مغز زبان چرب شایسته کار نغز ز سپهبد برون ابا تن مر ورا نیکخواه یکایک ز ایران سراندر کشید پژوهید هرگونه شنید کشوری کز جهان مهتری پرده دختری نهفته بجستی رازشان شنیدی نام آوازشان ز دهقان مایه کس ندید پیوسته آفریدون سزید خردمند روشن‌دل پاک‌تن بیامد سرو شاه یمن نشان جندل مر اورا درست دختر چنان فریدون بجست خرامان بیامد سرو چنان
18,18,9,moulavi,shams fhmfh,20,-
19,19,16,ferdousi,shahname manoochehr,28,منوچهر هفته درد چشمش آب رخش زرد هشتم بیامد منوچهر شاه سر نهاد کیانی کلاه پهلوانان زمین یکسره خواندند آفرین چو دیهیم شاهی سر نهاد جهان مژده آیین مردانگی نیکی پاکی فرزانگی منم تخت گردان سپهر همم خشم جنگ مهر زمین بنده چرخ یار سر تاجداران شکار همم دین فره ایزدیست همم بخت نیکی بخردیست شب تار جوینده کین منم آتش تیز برزین منم خداوند شمشیر زرینه کفش فرازنده کاویانی درفش فروزنده میغ برنده تیغ جنگ اندرون جان ندارم دریغ گه بزم دریا دست دم آتش بدان ز بد دست کوته زمین کین رنگ دیبه گراینده گرز نماینده تاج فروزنده ملک تخت عاج ابا هنرها بنده‌ام جهان‌آفرین پرستنده‌ام دست گریان زنیم داستان‌ها ز یزدان زنیم کز تاج تخت ز اویم سپاه اویم سپاس بدویم پناه فریدون فرخ رویم نیامان کهن بود‌گر نویم کس هفت کشور زمین بگردد ز بتابد ز دین نماینده رنج درویش زبون مردم برافراختن سر بیشی گنج رنجور مردم نماینده رنج نزد سر سر کافرند ز آهرمن بدکنش بدترند کس دین ز یزدان منش نفرین زان شمشیر یازیم دست سر سر کشور مرز پست پهلوانان زمین منوچهر خواندند آفرین فرخ نیای تو‌ای نیک‌خواه شاهی تخت کلاه باد جاوید تخت ردان تاج فره موبدان دل یکایک فرمان جان پیمان جهان‌پهلوان سام پای خاست کای خسرو راست ز شاهان مرا دیده دیدن ز پسندیدن پدر پدر شاه ایران تویی گزین سواران شیران تویی پاک یزدان نگه‌دار باد دلت شادمان بخت بیدار باد باستان یادگار منی تخت کئی بهار منی رزم اندرون شیر پاینده‌ای بزم اندرون شید تابنده‌ای زمین زمان خاک پای باد تخت پیروزه باد شستی شمشیر هندی زمین آرام بنشین رامش گزین نوبت ماست رزم تخت شادی بزم شوم گرد گیتی برآیم ز دشمن بند آورم اندکی مرا پهلوانی نیای دلم خرد مهر رای آفرین بس شهریار بسی دادش گوهر شاهوار چو تختش گرازید سام پسش پهلوانان نهادند گام خرامید آرامگاه همی گیتی آیین کنون پرشگفتی داستان بپیوندم باستان نگه کن مر سام روزگار بازی نمود‌ای پسر گوش ایچ فرزند مر سام دلش جوینده کام نگاری بد اندر شبستان اوی ز گلبرگ رخ ز مشک موی ماهش امید فرزند خورشید چهر برومند ز سام نریمان ز گران تنش آزار ز مادر جدا روز نگاری چو خورشید گیتی فروز چهره چنان تابنده شید ولیکن موی بودش سپید پسر ز مادر زاد نکردند هفته سام یاد شبستان نامور پهلوان خرد کودک نوان سام یل نیارست فرزند پیر جفت دایه بودش کردار شیر پهلوان اندر دلیر سام یل روز فرخنده باد دل بدسگالان کنده باد پرده در‌ای نامجوی پور پاک ماه تنش نقره سیم رخ بهشت نبینی اندام زشت آهو کش سپید موی تو‌ای نامجوی فرود تخت سام سوار پرده درآمد نو بهار چو فرزند دید مویش سپید ببود جهان سر سر ناامید آسمان سر برآورد راست ز دادآور آنگاه فریاد خواست که‌ای برتر کژی کاستی بهی زان فزاید خواستی گناهی گران کرده‌ام و‌گر کیش آهرمن آورده‌ام پوزش مگر کردگار جهان ببخشاید اندر نهان بپیچد همی تیره جانم ز شرم بجوشد همی دلم خون گرم چو آیند پرسند گردنکشان گویم بچه بدنشان ؟ گویم بچه دیو چیست ؟ پلنگ رنگ و‌گر
20,20,30,bahar,ghetebk,20,هرکرا دوست شدم دشمن جان گشت مرا بخت دشمن عیان گشت مرا باشدکه پای سفله گنجی فرو رود زان گنج ، قیمتی نفزاید لئیم بی‌قیمت گرچه زر برکشی لئیم ارزنده بفروشی کریم هرگز بهای خر نفزاید نزد عقل گر برنهی خر زر سیم سکته مرد ایرج میرزا قلب افسرد ایرج میرزا می‌صاف طهور خالی درد ایرج میرزا سعدی‌ای نو سعدی دهر شعر نو ایرج میرزا دل یاران اشعار لطیف زنگ غم بسترد ایرج میرزا دائما شادی یاران پای می‌افشرد ایرج میرزا برخلاف آخر ز مرگ خویشتن خلق آزرد ایرج میرزا ای دریغا کانچه آورده_بود برد ایرج میرزا گورکن فضل ادب گل گل بسپرد ایرج میرزا سکته پنجاه لحظه‌ای نشمرد ایرج میرزا مرد آسان لیک مشکل کردکار خرد ایرج میرزا بهر سال تاریخش بهار : وه راحت مرد ایرج میرزا دربغ درد کید فتنه گردون بشد صبوری ازما چوشد صبوری دریغ دل‌آگاه خاطر دانا بردرند ز غم جامه صبوری صبوری ملک شاعران طوس برفت خانقاه غم دل سروری تنم بسوخت ز اندوه هجر دوری ساخت ندانم هجر دوری چو نور باصره امد ز چشم پنهان فغان ناله کوری بهار دل غمگین می‌گفت مصرعی تاریخ ضروری سری ز جان برآورد این‌چنین به‌سرود بشد صبوری چو صبوری هشت تن هشت معنی شهره‌اند اندر ادب چار شاعر عجم چار شاعر عرب درگه رامش « ظهیر » « نابغه » خوف کین « اعشی قیس » « عنتره » غضب ور ز اشعار عجم خواهی_و استادان ز شعر چار تن کن چار معنی منتخب وصف « طوسی » اندرز « پارسی » عشق‌را « سجزی » هجو « ابیوردی » طلب اولی وصفی حقیقی ، دومی پندی دقیق سومی عشقی طبیعی ، چارمی هجوی عجب مادر باباشمل جهان هفته‌ای باباشمل بربست لب مرگ مادر خاطرش افسرده گشت خاموش تنور ملتهب لیک سوگواری‌های سخت ماتم مادر نباشد بلعجب غم کشور ، غم مادرکجاست ؟ ‌ ! مرگ فرامش گشت تب کشوری ویران دزدان گرم کار خراسان لب شط العرب داغ میهن داغ مادر ز دل بسترد ، کان واجبست مستحب ایها البابا برفت ار مادرت جهد کن آمرزش مادر طلب تاریخ فوت مام دوستان جستند بیتی منتخب گوشه‌گیری ادب برداشت سر : مرگ مادر ذوق ادب گو ، ز باد سحرگه صفاهانی زشت کیی رخ بسته‌ای حیله نقاب غیرت جنس برخیزد برخیزد سنبل شوره ، می‌از سرکه ماهی ز سراب تیر چشم چونان چشم مژه تیز ریش چونان ریش گلاب پنجه‌ات باد قلم دست قلم پیت باد بلا کتاب کشور جنس کثیف چو جنس کثیف وطن خراب چو خراب خبث ، پنهان ضمیر چو آتش حجر فحش ، ز کلام چو باران ز سحاب ناهید پدر سوخته عود سلیم نر ماده بهم افتاده چو کوی کلاب نامه ببرت ببر مرده کفن خامه کفش کف قحبه خضاب هجا گویی ناهید ز نقل نیک بنگر ماند عمل جناب خر بره پشگلکی اندازد جعل نقل پشگل شتاب چو بوجهلی وناهید چو حمال حطب ای سر گردنتان درخور شمشیر طناب ای سیه نامه ناهید طرفدار … آلت آلت بدخواه وطن باب ورق سرخ سیاه کهنه حیض رخ فاحشه‌ی پیرکه مالد سرخاب شغل کناسی قصابی نسزد ای اجانب راکناس وطن قصاب
21,21,26,samet,nowhe,20,رفتی بردی ز دل تاب توانم علی داغ فراق زد شعله جانم علی امید قطع زندگی فراقت باد نام نشانم علی رفتی رفتنت باب دلگیر مادرت ای نوجوان غم پیر دوری سیر ز جانم علی تازه جوانم علی سرو روانم علی مانده دل آرزو وادیت پا مهر حجله‌گه شادیت دم نداد دهر امانم علی تازه جوانم علی سرو روانم علی ای گل باغ حسین اکبر نسرین عذار دیده زینب بهر انتظار بی‌تو رود فلک آه فغانم علی تازه جوانم علی سرو روانم علی سیر نگشته دلم رخ زیبای باب میل تماشای آتش قلب کباب بنشانم علی تازه جوانم علی سرو روانم علی خانه صبر مرا ساخته زبر را‌ای پسر تیغ ستم زد سر تازه جوانم علی سرو روانم علی تنگ چو ( صامت ) دل ز جهانم علی ای عمو سر قاسم ز وفا کن گذری دم آخر نظری لطف حق یتیمان داری ز زار نگیری خبری زانو بگذاری سرم مهر دمی بری دلم‌ای عیسی جان‌بخش غمی پای نهم دیدار سری جان عمو جان شیرین گلو جانم تن خلد شتابی لب خشکم هوس قطره آبی پیشتر ز زند طایر جان بال پری جان عمو جان شیرین گلو مانده‌ام جان عمو دشمن صد پاره ز شمشیر تنم سر پا غم والاگهری جان عمو جان شیرین گلو ای عمو اجل خرمن عمرم باد نوعروسم چو نماید ز غمگین باد گشت قاسم گلشن جنت سفری جان عمو جان شیرین گلو ای عمو خیمه زده ابر بلا سر توتیا ز سم اسب ستم پیکر همچو صامت بنما غم نوحه‌گری جان عمو جان شیرین گلو جان بابا تشنگی زد شعله جان العطش ای پدر جان العطش تشنه‌کامی حالم پریشان العطش ای پدر جان العطش شاه خوبان العطش مسلمان آبی رساند لبم اندرین تاب تبم زمین کوفه گویا کافرستان العطش ای پدرجان العطش شاه خوبان العطش گر گلوی خشک را‌تر ز آب دهان جدال کوفیان مردی دهم تیغ بران العطش ای پدر جان العطش شاه خوبان العطش مگر اندر دیار کوفه مهمان نیستیم مسلمان نیستیم الامان زین کوفیان سست‌پیمان العطش ای پدر جان العطش شاه خوبان العطش کار آل پیغمر ز سو تنگ ای سپاه دل چو سنگ آب کی بسته مهان العطش ای پدر جان العطش شاه خوبان العطش تشنگی دست دلم را‌گر نیندازد ز کار علی ذوالفقار سازم اندر جنگ کاخ کفر ویران العطش ای پدر جان العطش شاه خوبان العطش حرم سکینه چشم اندر آب ای شه عالیجناب خواهر بی‌تاب گریان العطش ای پدر جان العطش شاه خوبان العطش ای پدر گو لیلای ستمکش مادرم مادر غم پرورم ذبیحت منی لب‌تشنه قربان العطش ای پدرجان العطش شاه خوبان العطش چشمه چشمه جوی خون چشمه‌های جوشنم گشته تنم دم شمشیر تیر تیغ پیکان العطش ای پدر جان العطش اه خوبان العطش ای خلیل کربلا آتش ظلم یزید ای شهنشاه شهید سوخت دلت گبر مسلمان العطش ای پدر جان العطش شاه خوبان العطش ( صامت ) عزاداری برایت روز شب ای امام تشنه‌لب شفیع شوی نزد یزدان العطش ای پدر جان العطش شاه خوبان العطش ای صبا برگو خاتون جنان اندر جنان غم آه فغان کی جنت سرور سر خیل خیرات حسان جفای آسمان شاه
22,22,0,moulavi,shams ghazalsh,20,ای رستخیز ناگهان رحمت بی‌منتها ای آتشی افروخته ، بیشه اندیشه‌ها امروز خندان آمدی ، مفتاح زندان آمدی مستمندان آمدی ، بخشش فضل خدا خورشید حاجب توی ، اومید واجب توی مطلب توی طالب توی ، منتها مبتدا سینه‌ها برخاسته ، اندیشه آراسته حاجت خواسته ، خویشتن روا ای روح‌بخش بی‌بدل ، لذت علم عمل باقی بهانه‌ست دغل ، کاین وان دوا زان دغل کژبین ، بی‌گنه کین گه مست حورالعین ، گه مست نان شوربا سکر هل عقل ، وین نقل هل نقل کز بهر نان بقل ، چندین نشاید ماجرا تدبیر صدرنگ افکنی ، روم زنگ افکنی اندر جنگ افکنی ، « فی اصطناع لا یری » می‌مال پنهان گوش جان ، می‌نه بهانه کسان جان « رب خلصنی » زنان ، والله لاغ است‌ای کیا خامش بس مستعجلم ، رفتم پای علم کاغذ بنه بشکن قلم ، ساقی درآمد الصلا ای طایران قدس ، عشقت فزوده بال‌ها ، حلقه سودای ، روحانیان حال‌ها ، « لا احب الآفلین » ، پاکی ز صورت‌ها ، یقین ؛ دیده‌های غیب‌بین ، دم ز تمثال‌ها افلاک سرنگون ، خاک دریای خون ؛ ماهت نخوانم ، ای فزون ماه‌ها سال‌ها کوه غمت بشکافته ، وان غم دل درتافته ؛ قطره خونی فضلت افضال‌ها ای سروران سند ، بشمار زان عدد دانی سران اندر تبع دنبال‌ها ز خاکی سیدی ، فرشته حاسدی ، نقد جان کاسدی ؛ پامال گشته مال‌ها کاو باشی بال ؛ ای رفعت اجلال ، کاو ، خال‌ها گیرم خارم خار بد ، خار گل می‌زهد ؛ صراف زر می‌نهد ، جو ، سر مثقال‌ها فکری بده‌ست افعال‌ها ، خاکی بده‌ست مال‌ها ؛ قالی بده‌ست حال‌ها ، بده‌ست قال‌ها آغاز عالم غلغله ، پایان عالم زلزله ؛ عشقی شکری گله ، آرام زلزال‌ها توقیع شمس شفق ، طغرای دولت ، عشق حق فال وصال آرد سبق ، کان عشق زد فال‌ها « رحمة للعالمین » اقبال درویشان ببین ؛ مه منور ، خرقه‌ها ، گل معطر ، شال‌ها عشق ، رقعه‌ای ، قلزم جرعه‌ای صد دلیل آورده استدلال‌ها عشق ، گردون مؤتلف ، بی‌عشق ، اختر منخسف ؛ عشق گشته دال الف ، بی‌عشق الف دال‌ها آب حیات سخن ، کاید ز علم لدن جان خالی مکن ، بردهد اعمال‌ها اهل معنی سخن ، اجمال‌ها تفصیل‌ها اهل صورت سخن ، تفصیل‌ها اجمال‌ها گر شعرها گفتند ، دریا ز کز ذوق شعر آخر شتر خوش می‌کشد ترحال‌ها ای دل اندیشیده‌ای عذر تقصیرها ؟ زان چندان وفا زین چندین جفا زان چندان کرم زین سو خلاف زان چندان نعم زین چندین خطا زین چندین حسد چندین خیال ظن بد زان چندان کشش چندان چشش چندان عطا چندین چشش بهر ؟ جان تلخت خوش چندین کشش بهر ؟ دررسی اولیا بد پشیمان می‌شوی الله گویان می‌شوی دم می‌کشد وارهاند مر جرم ترسان می‌شوی وز چاره پرسان می‌شوی لحظه ترساننده نمی‌بینی ؟ گر چشم بربست مهره‌ای دست گاهی بغلطاند گاهی ببازد هوا گاهی نهد طبع سودای سیم زر زن گاهی نهد جان نور خیال مصطفی این‌سو کشان خوشان وان سو کشان ناخوشان بگذرد بشکند کشتی گرداب‌ها چندان دعا کن نهان چندان بنال اندر
23,23,29,bahar,ghazalbk,20,دل گشت عشق نیکوان فرمان‌روا اشک سرخ دلیل رنگ زرد گوا نیستی رنگم نیستی اشکم چنان گر دل نیستی عشق بتان فرمانروا شدم مهر نامهربان دلبر ، قرین شدم عشق ناپارسا یار آشنا مهربان بودم ، جان شدم نامهربان پارسا بودم ، کار دین شدم ناپارسا دژم جان نیرنگ چشم دژم دوتا افسون زلف دوتا دل عاشق عشق اندر درختی بردمد کش برآید جاودان برگ رنج عنا تن اسیر عشق اگرکردم غمی گشتم غمی دل دست یار دادم خطا خطا چاره‌ی ندانم به‌عشق اندرکنون بنده‌ی مسکین داند پادشا بلای عشق ماندم نیندیشم همی کافرین شهریار بگرداند بلا همی نالم دردا ، همی گریم زارا ماندم مهجور ، یار دیارا الا‌ای باد شبگیر ، ازین شخص زمین‌گیر ببر نام خبر گیر ، ز یار نامدارا چو رفتم خراسان ، دل گشتم هراسان شدم دگرسان ، خروشان نزارا ری نام راندم ، حقایق برفشاندم ولیکن دیر ماندم ، زین‌روی خوارا نجستم نام ازین شهر ، فزودم وام شهر نبردم کام ازین شهر ، عیش مرارا بدا محکوم قهرا ، درآکنده زهرا پلیدا شوم شهرا ، ضعیفا شهریارا گهی دزد افتد کار گاهی عسس نشد کاین آسمان راحت گذارد یک‌نفس عسس دزد دمساز بیگانه شب دزد وحشت روز عسس گرفتار جفای ناکسان گشتیم عالم دریغا زندگانی نشناخت کس ز بس ماندیم کنج قفس ، گر باغبان روزی رها ، ره کنج قفس نشان کاروان عافیت نشد لیکن کوه دشت آواره آوای جرس ز دست دل گریبان پاره کردیم غمت دل چاک گریبان دسترس تاریکی حیرت ، دل عشق برقی زد مگر وادی ایمن کشاند قبس بریدیم شهنشاهان طمع درویشی خوبان نباشد نگاهی ملتمس خواهی_که صاحبدلان طرح وفا کنون درنه قدم ، نبینی زین خداوندی سلطانی یاران باد ارزانی درین بیداد ظلمانی فروغ عشق بس هوس بستیم ترک هوس گوییم عالم بهار آخر می‌رساند هوس دوست می‌دارم نوروز فرخ‌فال تاکنم نو جبین خوبرویان سال خواهی_ار فال میمون بگذرد روز خوش برگشا صبحدم دفترگل فال عاشقا ز آه سحر غافل مشو کاین ابر فیض آبیاری می‌نمایدگلشن آمال خواهی_ار کس درآمیزی رنگ درآی چسان همرنگ گل پروانه بال عاشق خوبان وفا مهر خواهد_، ورنه هست آب رنگ حسن صوری ، پرده تمثال سر زلف سیه چیدی دامان دست کوته ساختی مشتی پریشان‌حال دولتی کافغان جور خرد خلایق اعلان استقلال سفله فرط دنائت ایمن حادثات مؤمن خون نریزد اشتر جلال رقیب خرد‌ای دل جهان غافل مباش موش ویران می‌نماید دکه بقال گرچه‌آزادی زبون لیک شکر هست کاین بشکست بازار هو جنجال وطن مگری نزدکرام‌الکاتبین بهر قومی کتابی هست مر آجال شدگذشته‌هیچ‌و امروز است‌هم‌در حکم‌هیچ ماضی رفته دان حاضر شو استقبال خامشی جستم حاسد مرده پندارد مرا وز سر رشگ حسدکمتر بیازارد مرا زنده درگور سکوتم ، مگر زین روزگار مرده‌پرور خوار نشمارد مرا مردمان چشم بد ترسند چشم حق ز چشم مهرویان نگهدارد مرا مرک‌شاعر زندگی‌بخش خیال اوست کاش خموشی مردگان آرد مرا سینه‌ام زآه پیاپی چاک ، کو طبیب کز تشفی مرهمی سینه بگذارد مرا مگر تأثیر بخشد ناله‌های زار آرزوی مرگ بسته‌لب مرا امید جهت مقطوع نومیدی بو نومیدی دست مرگ بسپارد مرا سیل خون‌آلود اشکم بی‌خبر خون مردم ، آخر‌ای بیدادگر ، ای شکرلب
24,24,41,ghaani,tarkibgh,14,امروز‌ای غلام عیش کار برگیر زین ز رخش روز شکار می‌نگویی خداوند کاهلست کان کاهلی نز کارست عار انده مدار نشدیم ای پسر سوار کانکس پیاده می‌سوار ها صید تویی گرایم صید صیدی حضرتست مرغزار گور گوزن کبک غزالم تویی نقد چهاری گر گویم ای غلام داری سرین گور هرگز سرین گور بردبار باکشی غزالی جلوه گوزن نی‌نی کمانکش میگسار ور خوانمت غزال بیابان خط خال هرگز غزال درخور بوس خیز‌ای پسر خادم خلوتسرا بگوی کامروزه ره بزم خداوندگار ور آسمان حضرت خادم اشاره امرو‌ز انها حضرت قاآنی جبریل نخوانده براین درگذار مدح خوان شاه جهانست لاجرم کس زمانه بدین اعتبار ما‌ای ندیم دولت آزموده‌ایم لختی ز روزگار سختی نبوده‌ایم ماگاه کف بط باده برده‌ایم لب لعل بت ساده سوده‌ایم دل گشاده مرد نگیرد زمانه تنگ نهمار سخن ز بزرگان شنوده‌ایم ترکی خنده رخ قیصر نمی‎کند صدهزار بوسه ز لعلش ربوده‌ایم شوخی کفش س‌ر خاقان نمی‌زند صدهزار شب کنارش غنوده‌ایم ماهی شاه گدایی نمی‌برد بارها بوس لبش شخوده‌ایم ابرویی دم شیرست گره بازی کنان شجاعت آزموده‌ایم و‌ز طره‌ای تن مارست شکنج صدهزار چین فراغت گشوده‌ایم چو آبگینه نداریم نقش وز طبع ساده نقش عالم نموده‌ایم سادگی نقشیم کز زنگ حرص آینه دل زدوده‌ایم بارگاه شه ارادت ستاده‌ایم اقبال سعادت ستوده‌ایم خیزید قرابه مرا می‌بیاورید هی خورم شراب هی بیاورید شاهانه خورد مهی به‌های هوی طنبور ارغنون دف نی بیاورید نفس پیاله کام نفس پیاله پیاپی بیاورید زآن بارگیر روح نارفته گلو خون فرو رود برگ بیاورید زان دست‌پخت عقل نور اولیا زی رهنما غی بیاورید زان جوهری نفحات نسیم بی‌نفخ صوره مرده_شود حی بیاورید زان شربتی درگلوی نحل نوش هوش قی بیاورید زان پیبشر طره طومار عمر زلف تابدار بیاورید طبعم ز ران شیر کباب آرزو هان هیزمش ز تخت جم کی بیاورید قم شراب حریفان خدای برتر نهید گامی ری بیاورید مانا شراب ری ندهد مر مرا کفاف زنده رود باده‌ام جی بیاورید ور جام باده دهن اژدها همت دهن بیاورید بی‌خویش مدح شاه جهان خوشتر آیدم روم ز هی بیاورید باز‌ای غلام سرکش خونخواره بینمت وز بهر جنگ زین زبر بینمت رخش شعله جواله خوانمت زین ستاره سیاره بینمت نایب مناب چرخ ستمکاره دانمت قایم مقام جفا کاره بینمت گرد گل سنبل ژولیده یابمت گنج رخ کژدم جراره بینمت پوشیده تافته موی بافته روح‌القدس اسیر پتیاره بینمت غرفهای باغ جنان بچگان حور گردن برون کشیده نظاره بینمت مانی روزگار جوانی گر مه دل خاره بینمت مه جمادی مناسبست گر مه دل چو خاره بینمت مردم آب آینه بینند ماه آب آینه رخساره بینمت خاکپای خسرو پیوسته بویمت فیض دست دارا بینمت اورنگ ملک تاج سخا افسر کرم بازوی ترک عرب پهلوی عجم اکسیر فضل جان هنرکیمیای علم رکن رایت جود آیت کرم میقات حلم مشعر دانش مقام فیض میزاب علم کعبه دین قبله امم عرق جمال مغز جلال استخوان فر الهام نظم سحر سخن معجز قلم ایوان مجد طلاق علا شمسه علو دریای فضل گنج عطا لجه نعم شخص کمال روح سخا پیکر سخن جسم وقار چشم حیا عنصر همم باب ظفر نیای هنر دایه فخر پدر مطیع برادر مطاع عم فرزند بخت بچه دولت نتا‌ج تاج پیوند
25,25,5,moulavi,shams daftar3,20,-
26,26,11,ferdousi,shahname qmars,2,سخن‌گوی دهقان گوید نام بزرگی گیتی جست آن‌که دیهیم سر نهاد کس روزگاران یاد مگر کز پدر یاد پسر بگوید نام بزرگی برتران پایه پژوهنده نامه باستان پهلوانان زند داستان کآیین تخت کلاه کیومرث شاه چو برج حمل آفتاب جهان گشت فر آیین آب بتابید سان ز برج بره گیتی جوان گشت یک‌سره کیومرث جهان کدخدای کوه اندرون ساخت سر بخت تختش کوه پلنگینه پوشید گروه اندر همی پرورش پوشیدنی نو بد نو خورش گیتی سال شاه چو خورشید همی تافت زو فر شاهنشهی چو ماه هفته ز سرو سهی دد دام جانور کش بدید ز گیتی آرمید دوتا می‌شدندی تخت فره بخت رسم نماز آمدندیش ز برگرفتند آیین پسر بد مر خوب‌روی هنرمند پدر نامجوی سیامک بدش نام فرخنده کیومرث دل بدو زنده جانش مهر گریان بدی ز بیم جداییش بریان بدی کار روزگار فروزنده دولت شهریار گیتی نبودش دشمنا مگر بدکنش ریمن آهرمنا رشک اندر آهرمن بدسگال همی رای زد ببالید بال بچه بودش چو گرگ سترگ دلاور سپاه جهان دیو بچه سیاه ز بخت سیامک زان پایگاه سپه جست همی تخت دیهیم کی شاه جست همی رای جهان یک‌سر آوای کیومرث زین کی آگاه تخت مهی شاه یکایک بیامد خجسته سروش سان پری پلنگینه پوش بگفتش ورا زین سخن دشمن سازد همی پدر سخن گوش سیامک ز کردار بدخواه دیو پلید دل شاه بچه جوش سپاه انجمن بگشاد گوش بپوشید تن چرم پلنگ جوشن آیین جنگ پذیره شدش دیو جنگجوی سپه چو اندر سیامک بیامد برهنه تنا آویخت پور آهرمنا بزد چنگ وارونه دیو سیاه دوتا اندر بالای شاه فکند تن شاهزاده خاک چنگال کردش کمرگاه چاک سیامک دست خروزان دیو تبه گشت ماند انجمن بی‌خدیو چو آگه مرگ فرزند شاه ز تیمار گیتی سیاه فرود تخت ویله کنان زنان سر موی رخ کنان رخساره خون دل سوگوار دیده نم چو ابر بهار خروشی ز لشکر زار کشیدند صف شهریار جامه‌ها پیروزه رنگ چشم ابر خونین رخ بادرنگ دد مرغ نخچیر گشته گروه برفتند ویله کنان کوه برفتند سوگواری درد ز درگاه کی شاه برخاست گرد نشستند سالی سوگوار پیام داور کردگار درود آوریدش خجسته سروش کز مخروش آر هوش سپه برکش فرمان آور گرد انجمن بد کنش دیو زمین بپرداز پردخته کن دل ز کین کی نامور سر آسمان بدخواست بدگمان برترین نام یزدانش بخواند بپالود مژگانش زان کین سیامک شتافت شب روز آرام خفتن نیافت خجسته سیامک پور نزد نیا جاه دستور گرانمایه نام هوشنگ گفتی هوش فرهنگ نزد نیا یادگار پدر نیا پروریده مر نیایش پسر داشتی چشم نگماشتی چو بنهاد دل کینه جنگ بخواند گرانمایه هوشنگ گفتنی‌ها بدو بازگفت رازها گشاد نهفت لشکری خواهم_همی خروشی برآورد خواهم_همی همی پیشرو رفتنی‌ام سالار نو پری پلنگ انجمن شیر ز درندگان گرگ ببر دلیر سپاهی دد دام مرغ پری سپهدار پرکین کنداوری لشکر کیومرث شاه نبیره اندرون سپاه بیامد سیه دیو ترس باک همی بآسمان پراگند خاک ز هرای درندگان چنگ دیو سست خشم کیهان خدیو برشکستند گروه دد دام دیوان ستوه بیازید هوشنگ شیر چنگ جهان دیو نستوه تنگ کشیدش سراپای یک‌سر دوال سپهبد برید سر بی‌همال پای اندر افگند بسپرد خوار دریده چرم برگشته
27,27,32,bahar,mosammatbk,10,انگور آبستن هان‌ای بچه حور برخیز گهواره فکن بچه انگور چندانش مهل کز دم دی رنجور کامد دی افسرد دم ماه دم هور باغ برف شاقی نقیبی شاخ زاغ خروشی نعیبی شمشاد حبیبی سیه زاغ رقیبی وز برف شبانه سر سرو نصیبی سوده سیم دست نسیمست وان کوه ، بیندوده بدان سوده سیم خورشید میغ اندر سقیم بن دربا ید بیضای کلیم زین چو عمال خزان رسیدند وان خیمه زربفت خزان کشیدند دهقان پسران سو باغ دویدند بچگان جنبنده ندیدند کدیور گنه بچه گکان بربست زنجیر دوگان گا‌ن وانگه درشد دید همگان وز گان پاک بپرداخت مکان بنهاد دخترکان سبد برد آنهمه تفت خانه قومی دید آبست پنجاه صد مسکین غلط گمان برد بدبر وانگاه نگه بدان تبه‌شان زان پشیمان بخشود گنهشان وآورد ز چرخشت خفتنگه‌شان فرو بست ز بیهده رهشان ماه ، روز نهفته بشتافت بدانجا بدند خفته پرسد جوید رفته جوید خبر زان گره خسته تفته دید بدان بلعجبی ناگاه صد سبحان‌الله دوصد سبحان‌الله جمله کیانند بدین آب بدین جاه نی خورشید اینجای فراز نی ماه اینانند ماه ازین آوردمشان رز زی مصطبه وانگه لگد برشان ریش چونان بنهادمشان روز امروز صد عزت تمکینند اینان رسم دگر آئینند اینان دلبند خوش نغز نگارینند اینان گوئی مگر خلخ چینند اینان دهقان ازکوشش فریاد هیاهو آرد مینائی پاکیزه چو مینو برگیرد باده نغز خوش نیکو کز لاله ستدگونه مشگ ستد بو نک آذرماه می‌حمری شعر بهاری سمن‌بری شاهان آزادگی حری قطران شدم اینک ز بونصری زال زمستان گریخت دم بهمن اسفند مه فر تهمتن خور به‌فلک تافت همچو رای پشوتن آتش زردشت دی فسرد گلشن قائد نوروز چتر آینه گون زد ماه سفندار مذ طلایه برون زد ساری منقار ساق پای خون زد هدهد فرق تاج بوقلمون زد ماه دگر نوبهار ، جیش براند سپه دی سلاح‌ها بستاند تخت خسروی بنشاند بلبل دستانسرا نشید بخواند صدرا ، … خادم باشی تکذیب جفنگ تراشی گوئی مرتشی نبوده راشی حیفست دادخواه باشی گر ره مدحش گیرم ننگست ورکنمش هجو قافیه تنک صرف‌نظر‌گر ز بسکه دبنگست گوید پای کمیت طبعم لنگ گویم شاها باشی لاف ره عدوان عیب بنده سخن باف چاره کنش‌گر بنده باشدت الطاف گویم دارم یقین ره انصاف تبرا کار تولا لا رسد سرادق الا خرم سرسبزمان همت مولا مبارک خدای تعالی ای نگار روحانی ، خیز پرده زن سوادق لاهوت کوس لا الا زن ترانه معنی دم ز سر مولا زن وانگه غدیر خم باده تولا زن کز صفای روشن جان باده‌نوش خم غدیر امروز باده‌ای جوش کان صنم عشاق برده عقل هوش وان مبشر رحمت خروش حبیب صد معراج ، کلیم صد سینا حیدر احد منظر احمد علی سیما بزم قرب محرم ، راز غیب دانا جمال ظاهر سر علم‌الاسما خاتم وفا لعل ، لعل راستی کان قلزم صفا فلک ، فلک صدق سکان اوست قطبی اقطاب ، اوست رکنی ارکان ممکنی بی‌ایجاب ، واجبی بی‌امکان غدیر خم یزدان مر پیمبر کز کمال دین شو پذیره حیدر پیمبر اندر دشت نهاد منبر برد سر منبر حیدر فلک فر بشنوید ای قوم قول حق‌تعالی جان بیاویزید گوهر تولا پوزش آورید جان ستوده مولی وصی برحق والا اوست کز خم
28,28,1,moulavi,shams mostadrakat,2,کدیه‌ای سبک بشنو خبر عشق می‌دهم بگرو نفسی خودم قرینی ده میزان نهند زر جو نوی بنده کهن کهنم کن نو پیشه کیمیا مس تیره ببخشد ضو کرمت بگوی بدهد درخور شام بنده روغن عو ای دل شاه بی‌سویی خلق هرسو دوند مردم گرواست ب لاحول کن خو بی‌سوی عالمی بس جهت وادییست بس درگو کار امروز مگو فردا حسرت خوری گویی لو چشمکت می‌زند رقیب غیور چشم ازو مگیر لاتطغو شمس تبریز ! خضر یقین وارهان خلق ز عین‌السو قصابی گولی گوشت انداخت چو دیدش زفت گوشت گاو پنداشت ران دگر افکند بگفتا گاو مرده‌ست زهی گند خدا بخشید آنچ اسباب کامست گفتی چیست ؟ عامست کنون عام کان بپیوست نجس چونک کردی درو دست نسازد گول بخل سخاوت دوش مایه عداوت گریز گول اندر سور ماتم چو عیسی‌ای پدر والله اعلم
29,29,42,ghaani,robaeegh,20,کشت عمل بس خوشه مرا زمین بس یک‌گوشه مرا چو گاو گرد خرمن گردیم مرغ بس دانه‌ای توشه مرا دوشینه فتادم رهش مست خراب نشوه عشق باده ناب عاشقم می‌پرسید کیست کجاییست خورده شر‌اب دل شهر عشق سرگشته تست بیمار غریب دربدر گشته تست برگشتگی بخت سیه‌روزی مژگان سیاه برگشته تست قبله ابروی تو‌ای یار کج محراب دل قبله احرار کج جانب قبله دگر نکنیم قبله ماست گرچه کج ابروی کجت دل برو مشتاقست محراب شهان قبله آفاقست طاقست دلنشینی جفتست جفتست ز بیقرینی طاقست آراسته جنتی منست افروخته دوزخی خوی منست شمشیر جهانسوز بهادر شه دزدیده کمان ابروی منست مه شوال مه روزه گذشت ایام صیام رنج روزه گذشت صد شکر خدا روزی روزه گاهی غنا گه دریوزه گذشت دل برم هوای دلبر افسانه عشق دلبر دل ز چو دلبر آری دل دلبر دل بردارد گر چرخ جفا می‌باید ور ترک وفا می‌باید می‌خواست دلم نشان آید تیر تیر خطا می‌باید زلفین سیه بناگوش تواند سر سر نهاده همدوش تواند ساید سر ادب پایت شب روز آری سیاه حلقه گوش تواند میکده مست می‌نابم سرمست ز جرعه شرابم ای دوست چشمهای مست قسم جامی خرابم عمر شهان تربیت جیش نیم نفس عیش صد طیش نازم جهان همت درویشان کایشان لقمه دوصد عیش آشفته سخن چو زلف جانان خوشتر کار جهان بی‌سر سامان خوش‌تر مجموعه عاشقان دفتر مجموعه عاشقان پریشان خوشتر نرگس مست فتنه‌انگیز نگر خنجر مژگان بلاخیز نگر عهد ملک باده مستی ندهد اندر کف مست خنجر تیز نگر روز ستاره کی افشانی بس روز ستاره بالله ار بیند کس دهرت ز مراد محروم دست جهان ببند پای هوس یار مرا ربوده هستی واقف نیم بلندی پستی آنگونه ز جام عشق مستم کآگاه نیم ز مستی گفتم زن نظام کای لولی شنگ خواهم_که چاله‌ات فروکوبم دنگ خیاط‌صفت لباس الفت ببریم گز کیر ز مقراض لنگ می‌دوشین مستم مهد طرب خواب نوشین هستم ای دست خدا بگیر لختی دستم کز سخت‌دلی سست‌بختی رستم دل هوای وصل جانان دادم لب لب نهادم جان دادم خضر ار ز لب چشمه حیوان جان جان لب چشمه حیوان دادم صدرا دیشب باغ نواب شدم امروز حضرتت شرفیاب شدم باغ چو ناکسان آب نداشت خجلت بی‌آبی آب شدم
30,30,21,samet,ghazalsmt,20,آتش عشق کنون سوخت پیکر باد خاکستر کوس آزادی سر صفت گشت بلند سوخت بابرق محبت بال کشتی تن زود غریق یم اشک نشود سستی اندام لنگرها نقشی نقش کف پای نگار وای خاک راهنما همسر موسم خرج معین وقت حساب حالیا فاش قلبی سیم زر فلک گردش وارونه مترسان زآنکه دفتر اختر ( صامت ) آسوده نشین کف همت دوست نبسته_است کمر هیچ‌کس کیفر چنان سوخت شرار غم جان مرا باد می‌نبرد مشت استخوان مرا تنم ز ضعف چنان کهربا دم کاه جذب جسم ناتوان مرا حدیث مهر وفای نخواهم_کرد شمع‌گر ببری نفس زبان مرا چمن منم‌ای مرغ کز سیه روزی برق فنا سوخت آشیان مرا مکن بلبل زار قدر ستم ترسم روم ز باغ دگر نشنوی صدای مرا اگرچه طلبش ندهم خوشم دهر نشان نداد کس یار بی‌نشان مرا خنده برو ( صامتا ) فسانه مخوان هزار همچو نتوان کشد کمان مرا خاک قدمت مرا کعبه کوی خلوتگه راز مرا حاجیان حرم کعبه خوش آید لیکن قبله خوش‌تر ز حجاز مرا باری بی‌جا عیب بنما گه راز مرا فخر زاهد مسجد محراب طاق ابروی محراب نماز مرا تماشای گل سیر گلستان سیرم دیده رخ نیکوی مرا دفتر غصه دلی نشود روز جرا بسکه شب هجر دراز مرا ( صامتا ) ره بسوی ملک حقیقت نبری بسر شورش اقلیم مجاز مرا بلندآوازه بلبل گلستان دستان بلند بستان تقاضای جهان چمن آواره بلبل سرمنزل زاغ زعن سازد گلستان بغی عدوان خهوشتر بنوازی شکر روزگار بی‌نیازی تنگدستان کلید دولت وارستگی کی اوفتد کف ازاین ده روزه دنیا دنیا پای بستان پرشان بهر ریاست کار عالم خدایا دین داری بده دنیاپرستان یقین دارم داروی زهر اجل نیارد بوی هشیاری مغز تازه مستان مگر ( صامت ) ظاهر عالم مهدی غائب اندازد پا ریشه مکر دستان آراسته بینم صف مژگان عزم غوغا نرگس فتان کاش آید مه کنعان ببیند بند بس جو بی‌سر پاطره افشان دعوی حسن یوسف نشدی راست مصر گر نکردی وطن چاه ز نخدان حق نعمت نشناسد اهل بصر دیده برآرد پیکان آشیانی نشدش ز دل سر دل موبه موست چو دل زلف پریشان نرساند لبش جام تجلی می‌عشق نازد گردش چشمان تامل کشی تیغ قتل ( صامت ) خونبها صف حشر شهیدان عمری بگشود جفا جو دیده بیدار فتنه خوابیده نرم کن رب دلش کز جدایی بگذارد دعا نتوان نمودن دلبر رنجیده شیوه بلبل فریاد روز شیون آموزی حاجت شخص تمدیده خونخور خاموش غنچه سر بسته باش گل منما کس نامه پیچیده همچو شمع سر بریدن شعله‌ام افزون گر یارای سخن سر ببریده دیدی ای دل عاقبت چسان بیگانه جور برگشته مژگان بخت برگردیده ای منع ( صامت ) افغان نمودی کس نکرد منع دست پا زدن صید خون غلطیده آشنا منما گیسوی پریشانه شانه آگه سر دل خلقی مکن بیگانه دل خال کنج ابرویت قانعت مرغ میل آب دانه اشک چشمم آبادی تن گشته_است ای گفتی سیل ویران می‌نماید خانه آن‌که رسم شعله افروزی نشان شمع شیوه پرسوختن آموختن پروانه دل کف محراب ابروی توام کاریندارم کعبه بتخانه دل زلف آخر شور جنون پیوسته_شد آگهی دیوانگری دیوانه دم راحت ندارم بهره گویا ریخته_است طرح ریز ( صامت )
31,31,2,moulavi,shams tarjeeat,20,روت خوش خوت خوش پیچ زلف قفا شیوه خوش میوه خوش لطف خوش جفا ای صورت عشق ابد حسن ز ای ماه سروقد‌ای جان‌فزای دلگشا ای جان باغ یاسمین‌ای شمع افلاک زمین ای مستغاث العاشقین ای شهسوار هل اتی ای خوان لطف انداخته لئیمان ساخته طوطی کبک فاخته ترا خطبه ثنا ای دیده خوبان چین نادیده چین دامن ز گولان مچین مخراش رخسار رضا ای خسروان درویش سرها نهاده جمله ثنا اندیش تو‌ای ثناها سزا ای صبر زاهدان اخلاص عابدان گلستان عارفان وقت بسط التقا عاشقانم جفت امشب نخواهم_خفت خواهم_دعا ترا‌ای دوست وقت دعا دارم رفیقان برون دارم حریفان خانه جوقی دلبران صفه اخوان صفا سیران می‌روی مستان می‌روی جانان می‌روی باری خرامان می‌روی چوگان قدر گویی شدم بی‌پا سر برگیر خویشم ببر‌گر میدان می‌روی شمس تنگ آید ترا مه تیره رنگ آید ترا افلاک تنگ آید ترا‌گر بهر جولان می‌روی بس نادره یار آمدی بس خواب دلدار آمدی بس دیر دشوار آمدی بس زود آسان می‌روی ای دلبر خورشیدرو عیسی بیمارجو ای شاد قومی کوی می‌روی سر سر جانی مگر خضر دورانی مگر آب حیوانی مگر کز خلق پنهان می‌روی ای قبله اندیشه‌ها شیر خدا بیشه‌ها ای رهنمای پیشه‌ها عقل جان می‌روی گه جام هش می‌برد پرده حیا برمی‌درد گه روح گوید خرد : هجران می‌روی هجران هرجا گردی جست‌وجو ابر چشمان‌تر ماه تابان می‌روی مسئله می‌پرسمت ای روشنی روشنی فسون می‌دمی غم چو شادی می‌کنی فسون شیرین لبی داود نبی آهن چو مومی می‌کنیش آهنی نی بلک شاه مطلقی گلبرک ملک حقی شاگرد خالقی جمله افسونها غنی ترا بشناختم بس اسب دولت تاختم برون انداختم ترسها ایمنی لحظه‌ای جان نوم هردم باغی می‌روم بی‌دست بی‌دل می‌شوم دست می‌زنی نی چرخ دانم نی سها نی کاله دانم نی بها اینک نادانم مها دانم آرام منی ای رازق ملک ملک قطب دوران فلک حاشا حسن نمک دل ز مهمان برکنی خوش ساعتی کان سرو سرسبز چمن وز باد سودا بید باشم منثنی لاله بخون غسلی نرگس حیرت برتند غنچه بیندازد کله سوسن فتد سوسنی چشم شوخش نگر مست خرابات قصد خون عاشقان دامن کمر اندر زده سوگند خوردست صنم کین باده گردان عقل نگذارم بمی والد والده زین باده‌شان افسون جمله مجنون نیابی عاقلی حلقه آدم کده لیلی ساقی جان مجنون شخص جهان لیلی مجنون پژمرده بی‌فایده دسا می‌برد رخت لاشی برد عشق جان کی برد‌گر مصطبه‌گر معبده گر نبینم مستیت آتش زنم هستیت باده‌ت دهم مستت گیر عربده بگذشت عاقلان قران ساقیان ریز رطل گران منکر قاعده بهار دی اوان نوش نی قران جام می‌بگذشت مایده عجوز پردغل زمستان وحل بهار زاد ازو صد شاهد صد شاهده ماه رمضان ای یار قمر سیما بربند سر سفره بگشای ره ای یاوه وقتست بازآیی بنگر حلوایی کی طلبی حلوا دیدن حلوایی زانسان کندت شیرین شهد ترا گوید : « خاک توم‌ای مولا » مرغت ز خور هیضه مانده‌ست بیضه شو ازین بیضه پرها یاد لب دلبر خشکست لب مهتر خوش شکم خالی می‌نالد سرنا خالی شو خالی لب لب نابی نی ز دمش شو وانگاه شکر می‌خا بادی زند نی قندست درو مضمر وان مریم نی زان دم حامل حلویا گر
32,32,33,bahar,tarkibbk,12,شاخسار حیله فن انجمن کرده‌اند زاغ زعن زاغ خفته آشیان هزار خار رسته جایگاه سمن بلبلان شکسته‌بال نشاط گلبنان دریده پیراهن ابر افکنده تگرگ خدنگ آب پوشیده زین جوشن زبیغوله بوم جانب باغ ز ویرانه جغد چمن زان چمن کاشیان جغدان بلبل برون برد مسکن کیست کز بلبل رمیده ز باغ وزگل مانده ازگلشن ازکلام شکوفه نسرین وز زبان بنفشه سوسن گوید ماه فروردین رنجیم ز آفت بهمن گلستان درآی کوته کن دست بیگانگان مکمن ای همایون بهار طبع گشای وای فتنه زمستان وای بی‌تو دیهیم لاله گشت نگون بی‌تو سلطان باغ گشت گدای سبزه خاک‌آلود بی‌تو چشم لاله خون پالای برفتی ز بوستان خزان زکافور ، بوستان اندای مخزن سرخ گل برفت دست خیمه سر بن فتاد پای سنبل یاسمین بریخت ز باد لاله نسترن نماند بلبلان فغان زارا زار قمریان خروش‌ها یا‌های زمان روزگار عزت عزت بگشای باغ زیوری دگر بند راغ زینتی دگر بخشای باغ دیریست مانده ز زود بشتاب باغ گرای مژده کاید برون ز خلد برین موکب نو بهار فروردین فزاید بوستان زیور بندد شاخسار آئین شاخه بنفشه نزار پهلوی شکوفه سمین باغ بهار خانه گنگ راغ نگارخانه چین لاله گل سر شاخ ، زهره پروین آراسته عقیق گردن دست لاله نسرین درگلستان گل چیدن مشگ ریزد دامن گل چین خیل زاغان برون باغ انجمنشان فراق انین باغبان آید بهشت فراز باغ بهشت آئین باغ باغبان همی واین گفته‌اند اهل یقین ای انجمن دارید زمان گوش دارید دل ز کید نفاق برگیرید گر بدل مهر خوبشتن دارید سیرت حسن کوشید گرچه صورت حسن دارید دگران انجمن گر انجمن دارید عقل دین جهل تذویر مکر فن دارید می‌شنیدم ز ابلهان سر آزادی وطن دارید لیک زینسان همی بینم سر آزار مرد زن دارید گر سخنتان گزافه این‌چنین زبر لب سخن دارید هرکه بیند گه سخن ، گوید آلوی خشک دهن دارید پند بشنوید دل دانش فضل ، مختزن دارید آوخ محنت عنای وای رنج ابتلای برخ خلق باب فتنه گشود مجلس شوم فتنه زای ای مؤذن تقدیر زد بی‌دولتی صلای ای گدایان برتری جوید باشی گدای باشی کوسج سیه نهاد نفاق غرض بنای هست بیگانه ازکمال خرد بقای خرد فنای بی‌بها مانده‌اید بی‌قیمت زانکه بهای دست قیل قال بردارید خطاست رای دوشینه ز رنج دهر بدخواه رفتم بوستان نهانی وارهم خمار جانکاه لطف هوای بوستانی دیدم گل‌های نغز دلخواه خندان ز طراوات جوانی مرغان لطیف طبع آگاه نالان نوای باستانی آتش گل شبانگاه سرگرم زندخوانی بی‌خبرانه رفتم نغمات آسمانی گفتم ناله آه کای رانده ز عالم معانی بال ضعیف کوتاه پرواز بلند کی توانی بودم سخن ناگاه مرغی زبان بی‌زبانی گر ستم سپهرکین توز بهار خزان وز کید مصاحب بدآموز چوپان گله سر گران روزی ، آتش جهانسوز خرمن ملک میهمان خون‌های شریف پاک روز خاک منازعت روان وان قصه زشت حیرت‌اندوز سرمایه عبرت جهان امروز فر بخت فیروز دل‌های فسرده شادمان فر مجاهدان بهروز دل خواست وز تابش مهر عالم‌افروز ایران فردوس جاودان شامش روز روز نوروز زین عرصه تنگ حصن بیداد انصاف برون جهاند مرکب معرکه پردلی دانا فارس مهذب شاهین کمال ، بال بگشاد برکند ز جغد جهل مخلب استاد ، لوح بنهاد
33,33,23,samet,nasaye-vat-tanbih,20,زمان دلم کباب بشنو عجب انقلاب نقش نگار خوش بینی نقشی پایه‌اش آب ای تشنه چشمه‌سار رحمت گرد آب ، سراب پرواز بده همای همت زین جیفه طعمه کلاب بشتاب کوی معنی مرکب عمر شتاب مال گردنت طمع طناب دوران جهان چو موج دریاست تن آدمی حباب نی‌نی خانه مور خانه شبنمی خراب دوندگان دویدند کز نام جهان نشان ندیدند بس مرغ دل صید صیاد صفت خون طپیدند زین باغ بسی گذشت گلچین کز گل آرزو نچیدند بس سبز خطان خاک دامان امید برکشیدند بس خاک صد سال سبزه ز خاک بردمیدند بس آهوی جان اندرین دشت کالبد بدن رمیدند بس طفل کزین عجوز مادر پستان مفارقت مکیدند زهر اجل نداشت طعمی عسل چشیدند عالم همه‌گر گدا و‌گر شاه گر ز سیاه سفیدند گو طبل رحیل بکوبند زین کهنه رباط رسیدند مرحله خوفناک زاد سفری ضرور تاریک شبست تاریک ای وای رهروی کور دزدیست اجل گاو بیگاه بردن نقد جان جسور لشگر شکنی همزن جیش سلم نور شیرینی روزگار تلخ چشم بد ز مانه شور سر پا غبار کاسه سر پرغرور دنیاطلبی شعارکردن دیوانگی کی شعور فرزانگی طلب کن کز کسوت کائنات آبادی کاخ تن حاصل کو مسکن مار ملک مور راحت جهان کس ندادند می‌طلبی مگر زور کی غم روزگار داری ؟ زین غم دل فکار داری ؟ یاد محبت زر سیم پیوسته دوش داری ای مست شراب خودپسندی سر چقدر خمار دادی اندر سر پل شکسته آسوده عجب قرار داری آخر فضل رتبت سر هوس شکار داری بجهان ز جهان سمند همت اهل جهان چکار داری ؟! بگشا کاروان حی گر دیده اعتبار داری رفتند خوابی بهر انتظار داری دست تهی زهی خجالت عزم سر کوی یار داری دنیای دنی وفا نکرده خلق بجز جفا نکرده کام ناروا کامی ز روا نکرده کو جمعیتی آخرالامر یکدگرش جدا نکرده کهنه طبیب عاقبت سوز دردی ز دوا نکرده کهنه طبیب عاقبت‌سوز دردی ز دوا نکرده یک‌لحظه الم سرا دست دامن کس رها نکرده کو دل خرمی اسباب عزا بپا نکرده ؟ تیر فناست کمانش بیگانه آشنا نکرده گر دشمن وگر دوست هرگز ز حیا نکرده نفس کشته_است کس دعوی خونبها نکرده صاحب نظری ارجمند ملک جهان پای‌بند قبر گذشتگان گذشتن ار پند بنگر جدا اعضای بند بند گوش بدار ز بند نی نوا بلند کی غزوه دوستان رغبت زمانه جوئید استراحت زین خانه معدن گزند زهر جام دهر مردانه کشی سر قند خنده عجوزه مکار مغرور مشو ریشخند کی هوای مال اموال مجمر غم دلت سپند بند علایقات دنیا علاقه بند روزی جهان کام آهوی زمانه رام حجره دل عروس غفلت همخوابه صبح شام پیوسته می‌محبت دهر جام لحظه پیشگاه خدمت زرین غلام صف بسته ز سرکشان صد صف بارگه سلام بس جم خدم ملک حشم‌ها سایه احتشام نوبت زن چرخ کوس دولت دم زدی نام بگشودن عقده‌های مشکل اهتمام مرغ آب دانه مشغول غافل ز اجل دام دوشینه مرا هاتف غیبی آواز کای زندان تن طالب خلوتگه راز قصیر همت آمال دراز بسته مرگ رحمت ای هما صعوه‌صفت اسیر قفسی سر ز بالین هوس بازنگیری نفسی دمی آرزویی دل سر هوسی ترسم منزل نرسی ای توانگر تهیدستی شام فنا
34,34,35,bahar,mostazadbk,8,اهلا سهلا ای نسیم بهار ای قاصد زلف یار زلف یار آیی داری بیار ای کاروان تتار گویی هنوز‌ای نفخه مشکبار هست سیه زلف یار گو بستگی‌های دل نگشوده پای وآن کنج ویران مأوای دل رنج کالای دلبر پروای دل غافل ز غوغای نی‌نی خطا گفتی راز نرد تخطی مباز کز جور دل‌ها سر کشیده_است زلف دستان طراز کوته شدش جور دست دراز دستان نبواز وصل بگذشت ایام هجر معدوم نام هجر زهری پنهان جام هجر جمله کام هجر سر گذشت آغاز انجام هجر برچیده دام هجر بگذشت کز دستبرد رقیب نالان جان پریشان‌تر ز زلف حبیب پریشان گل نباشد ناز عندلیب اندر گلستان بگذشت کافراسیاب خزان آید ملک چمن کآذر مهش آ‌ذر فروزد جان نیروی تهمتن بگذشت کز جانب مهرگان تازد تل دمن گلبنان باغ بربست دی عهدی فال سعید کاندر چمن تازد دگرباره چپش قریب بعید گر بشکند عهد ره جهل غی ترسم چو عبدالحمید خوش ار زین شاه گیرند پند شاهان پیمان‌شکن سبلت نخایند ره ریشخند ملت خویشتن بندند ملت بی‌حیله مکر فن والله خیرالماکرین حق مکر افسون مکن مکر ، دم درکش حق حق دگرگون مکن پیمان‌شکن خصم دین حق چندین مکن ای ملت عثمانی‌ای رویتان پیوسته خدا ای ملت عثمانی‌ای سویتان خدا بشکسته نیروی بازویتان عدوی خدا مایه رادی فرزانگی جیش سلانیکتان دست ستم دشمن خانگی بربسته پلتیکتان رانند تحسین‌ها مردانگی نزدیکتان چتر ( ترقی ) تان برازنده نعمت ( اتحاد ) بنیاد ( اقدام ) عدو کنده_شد همت اتحاد ایرانیان جان دل زنده خدمت اتحاد گشت بنیاد ایمان متین رحمت ایمانتان وز کارکرد جان‌فشانان دین فرخنده جانتان سلطان نو جستید صد آفرین جان سلطانتان شاه رعیت‌پرور نامور سلطان محمد رشاد سلطان والا اختر دادگر جان عباد کردار پیرایه اتحاد سلطان محمدخان خامس بخت پیوسته جوید درش باغ اسلامی تناور درخت شخص خردپرورش زببنده خرگاه دیهیم تخت ذات همایون‌فرش شاهی خیزد نور شهزادگی جبهه پاک ماهی تابد مهر آزدگی چرخ ادراک مایل درویشی افتادگی طبع طربناک ای دوحه سلجوقیان بی‌گزند زیبا ثمر نام عثمان‌خان غازی بلند والا پسر ای خلد برین شادمند سنجر شه نامور دانی یکسانند بشر اندر حقوق خودی غصب حقوق خلق ز نابخردی عدل مساوات نعم‌السیر مذهب ایزدی عبدالحمید جهل مبرم دید بند مسمار جهل وز جور استبداد غم دید آثار جهل جاهل محنت ز عالم دید وای یار جهل شاهد شدی جان دل یار علم یزدان یار گرم ملک بازار علم گرم بازار کرده‌ای نیکویی کار علم نیکو کار شاها زمان خدمت ملت هم‌چنین ملتی کز جان دل فرمانبر دولت هم‌چنین دولتی باری اوان جنبش همت شاها کنون همتی شاها راستی زن قدم دین روسفید دامان دل پاک ستم خصم پلید جان خلق‌ای فیض مطلق بدم دانش آید پدید شاها علم خرد کن دولت خویشتن اسلام شاها سرافراز کن صولت خویشتن ایرانیان یار دمساز کن ملت خویشتن نادرشه شاهنشه هوشمند یار اتحاد ز می‌دید بی‌چون آثار اتحاد ملک ایران عهدش بلند گفتار اتحاد واماندند ایرانیان گله دست گرگ وز رفتن اتحاد واکنون فرو بستند ملت خیال سترگ ملت همدست همداستان دشمنان دین مظفر سیرت باستان زان کج‌نهادی‌ها مکدر فرقه راستان شاها ببین مردانگی رسوا شدیم وز ترکتاز دشمن خانگی مطموع اعدا
35,35,10,ferdousi,shahname aghaz,12,نام خداوند جان خرد کز برتر اندیشه نگذرد خداوند نام خداوند خداوند روزی‌ده رهنمای خداوند کیوان گردان سپهر فروزنده ماه ناهید مهر ز نام نشان گمان برتر نگارنده پیکر بینندگان آفریننده نبینی مرنجان بیننده نیابد بدو اندیشه برتر نام جایگاه سخن زین گوهران بگذرد نیابد بدو جان خرد خرد‌گر سخن برگزیند همی گزیند ، بیند همی ستودن نداند کس ، چو هست بندگی ببایدت بست خرد جان همی سنجد اوی اندیشه سخته کی گنجد اوی بدین آلت رای جان زبان ستود آفریننده کی توان هستیش خستو شوی ز گفتار بی‌کار یک‌سو شوی پرستنده باشی جوینده ژرفی فرمانش نگاه توانا دانا ز دانش دل پیر برنا پرده برتر سخن‌گاه ز هستی مر اندیشه کنون‌ای خردمند وصف خرد بدین جایگه گفتن اندر خورد کنون داری بیار خرد گوش نیوشنده ز خورد خرد ایزد بداد ستایش خرد خرد رهنمای خرد دلگشای خرد دست سرای شادمانی ز اویت غمی ز اویت فزونی ز اویت خرد تیره مرد روشن‌روان نباشد همی شادمان زمان خردمند مرد خرد دانا ز گفتار خورد کو خرد ز دلش ریش هشیوار دیوانه خواند ورا بیگانه داند ورا اویی سرای ارجمند گسسته خرد پای بند خرد چشم جان بنگری بی‌چشم شادان جهان نسپری آفرینش خرد شناس نگهبان جان پاس پاس چشم گوش زبان کز رسد نیک بد بی‌گمان خرد جان یارد ستود و‌گر ستایم یارد شنود حکیما چو کس گفتن سود بگو کآفرینش تویی کردگار جهان ببینی همی آشکار نهان گفتار دانندگان جوی گیتی بپوی کس بگوی ز دانشی سخن بشنوی آموختن زمان نغنوی چو دیدار یابی شاخ سخن بدانی دانش نیاید بن آغاز دانی درست سر مایه گوهران یزدان ز ناچیز آفرید بدان توانایی آرد پدید سر مایه گوهران آورده بی‌رنج بی‌روزگار آتشی تابناک آب باد تیره خاک آتش جنبش دمید ز گرمیش خشکی پدید زان ز آرام سردی نمود ز سردی باز‌تری فزود چو چار گوهر آمدند ز بهر سپنجی سرای آمدند گهرها اندر دگر ساخته ز گردن برافراخته پدید گنبد تیز شگفتی نماینده نو نو ابر ده هفت کدخدای گرفتند سزاوار بخشش پدید ببخشید دانا چنان سزید فلک‌ها اندر دگر بسته_شد بجنبید کار پیوسته_شد چو دریا کوه دشت راغ زمین کردار روشن چراغ ببالید کوه آب‌ها دمید سر رستنی کشید زمین بلندی نبد جایگاه مرکزی تیره سیاه ستاره شگفتی نمود خاک اندرون روشنایی فزود همی آتش فرود آب همی گشت گرد زمین آفتاب گیا رست درخت اندر سرانشان ز بخت ببالد نیرویی نپوید چو پیوندگان سویی زان چو جنبنده پدید رستنی آورید خور خواب آرام جوید همی زان زندگی کام جوید همی گویا زبان جویا خرد ز خاک ز خاشاک تن پرورد نداند بد نیک‌فرجام کار نخواهد_از بندگی کردگار چو دانا توانا بد دادگر ایرا نکرد ایچ پنهان هنر فرجام کار جهان نداند آشکار نهان چو زین بگذری مردم پدید بندها کلید سرش راست چو سرو بلند گفتار خرد کار بند پذیرنده هوش رای خرد مر دد دام فرمان برد ز خرد بنگری اندکی مردم معنی مگر مردمی خیره خوانی همی نشانی ندانی همی گیتی آورده‌اند چندین می‌انجی بپرورده‌اند فطرت پسین تویی خویشتن بازی مدار شنیدم ز دانا دگرگونه زین دانیم راز جهان‌آفرین نگه کن سرانجام ببین چو
36,36,22,samet,revayat-val-masaeb,20,روایت برون زندان عزیز مصر فسا گشت یوسف کنعان دیدن همچو طالب مطلوب شهر مصر ز کنعان روانه یعقوب ز مصر حضرت یوسف شوکت اجلال دید برون استقبال طلعت یوسف ز جلال کوکبه یوسفی هویدا کف یعقوب اشتیاق عنان پیاده تعظیم یوسف کنعان غرور یوسف نزد پدر زیاده نشد مصلحت سلطنت پیاده نشد چو پیاده‌شدن اندکی تغافل عتاب حق تادیب حضرتش گل ز نزد حق یوسف تعجیل پیام رسانید حضرت جبریل فعل عظیمی کز واقع جلال حشت شاهی مگر شدت مانع بنده شایسته‌ام پیاده روان کمیت سبک سیر می‌کنی جولان رعایت پدر پیر اولی‌تر ز مصلحت ملک کشور لشگر کنون عیان گشت ترک اولی حکم محکم دادار دست بگشا گشود دست چو یوسف حی غفور برون کف معجز نمایش لمعه نور سئوال نور چیست جبریل جواب یوسف امین رب جلیل عمل ز نزد خدا نشد مقرون نور نبوت ز صلب ای دوستان یکتا مقام مرتبه قدرت دوستان خدا بستم پیشه‌گان کشور شام نمود صبر مدارا مهیمن علام دمی ایجاد عالم ایجاد سلیل خواجه لولاک سید سجاد هیئتی دل انس جان کباب نمود گذر جانب کشور خراب نمود غلش گردن اشگش ز دیده دامن ببسته همچو اسیران دست سن سر غریبی بی‌یاوری فکنده دلش ز خنده بی‌جای شامیان دلگیر ز دیدن سر اکبر شور هنگامه ز سنگ چوب مخالف فرقش عمامه ز آه روز عالم سیاه چو شب ز دیدن سر عریان عمه‌اش زینب تنش نزار رخش زرد حالتش محزون دلش ز دیدن اطفال دربدر خون شام برون حکم یزید پیشواز سر انوار حسین شهید روز عید زن مرد خرم دلشاد دست دست مبارکباد گشته فراموششان ز حق نبی نظاره‌گر حریم محمد عربی طریق بی‌کسان بی‌غمخوار شام گذشتند سر بازار کوچه گذر اهلبیت طه کوچه غرقه هویدا نموده زن اندر غرقه مقام سیاه‌بخت تبه روزگار نافرجام عجوزه بدبخت قدی چو کمان فکند زینب مظلومه شرر جان دیده شومش ز دیدن اسرا فتاد سر خون سیدالشهدا اذیت ساخت تازه نیرنگی ببرد دست بریده جانب سنگی حواله سنگ تارک شکست تارک مبارک بکش عنان سخن ( صامت ) مصیبت شام نماند تاب شنیدن نمای ختم کلام روایت روزی نشسته بد سلمان نزد احمد مرسل خلاصه شنید دید نزد خدای لم یزلی گشوده دست دعا کی خدا حق علی مرا خلاص ز خوف خطای امت ک قیامت قرین رحمت کن نمود حضرت سلیمان پیمبر عرض که‌ای اطاعت عالم فرض اگرچه معترفم علی منزلتش زیاده کن بهر فخر منقبتش شفیع روز جزا جواب فرمود برو مقبره مردگان قوم یهود صدا آر امتحان که‌ای بندار چو سر ز قبر برآرد نمای استفسار بقا زد چو وقت رحلت گام یهود مرد ملت اسلام دگر بپرس کجاست منزل معذب راحتست حاصل چو حضرت سلمان بسوی مدفن بلند نام یهود صوت حسن برون نمود یهودی سری ز دامن خاک اجابت سلمان سید لولاک طرق فرموده بد رسول امم نمود مسئله سلمان زوی جواب رخت جهان برون بردم یهود عاصی مردود روسیه مردم فنایم دمی قرار سینه مرا مهر حیدر کرار گرفته_بود ولایش چو سکه نقش بدل چنانکه رخ زندگی مشکل ز سستی اقبال بخت نافرجام جهان نرسیدم دولت اسلام زمان عاریت سرا رفتم جحیم خیل اشقیاء رفتم چو شراره
37,37,18,ferdousi,shahname garshasp,5,پسر زو کام پدر بودیش گرشاسپ نام بیامد تخت سر نهاد کیانی کلاه چو بنشست تخت پدر جهان همی زیب فر برآمد برین روزگار درخت بلا کینه ترکان خبر زو درگذشت بران سان بد تخت بی‌کار گشت بیامد خوار ری افراسیاب ببخشید گیتی بگذاشت آب نیاورد تن درود پشنگ سرش ز کین دل ز جنگ دلش ز تخت کله گشته_بود تیمار اغریرث آغشته_بود بدو ننمود هرگز پشنگ تیغ روشن تیره زنگ فرستاده رفتی اوی بدو سال مه ننمود همی تخت سر بدی چو اغریرثش یار درخور بدی خون برادر بریزی همی ز پرورده مرغی گریزی همی مرا جاودان کار نزد منت دیدار پرآواز گوش ازین آگهی بی‌کار تخت شاهنشهی پیامی بیامد کردار سنگ افراسیاب دلاور پشنگ بگذار جیحون برکش سپاه ممان برنشیند لشکری ساخت افراسیاب ز دشت سپنجاب رود آب گفتی زمین سپهر روان همی بارد تیغ هندی روان یکایک ایران آگهی خریدار تخت مهی زابلستان نهادند جهان گفت‌وگوی بگفتند زال چندی درشت گیتی بس آسان گرفتی مشت سام شدی پهلوان نبودیم روز روشن‌روان سپاهی ز جیحون بدین سو کشید آفتاب جهان ناپدید چاره دانی مراین بساز سپهبد تنگی فراز نامور زال زر ببستم مردی کمر سواری چو پای زین نگاشت تیغ گرز مرا برنداشت پای بفشاردم عنان سواران شدی پاردم شب روز جنگ یکسان بدم ز پیری همه‌ساله ترسان بدم کنون چنبری گشت یال یلی نتابد همی خنجر کابلی کنون گشت رستم چو سرو سهی بزیبد برو کلاه مهی اسپ جنگیش همی کزین تازی اسپان نشاید همی بجویم پیلتن بخواهم ز سو هست انجمن بخوانم رستم داستان هستی برین کار همداستان کینه تخمه زادشم ببندی نباشی دژم شهر ایران ز گفتار اوی ببودند شادان دل تازه ز سو هیونی تکاور بتاخت سلیح سواران جنگی بساخت رستم کای پیلتن سرت برتر انجمن کار پیشست رنجی دراز کزو بگسلد خواب آرام ناز ترا نوز پورا گه رزم سازم هنگامه بزم لبت شیر بوید همی دلت ناز شادی بجوید همی فرستم دشت نبرد ترا ترکان کین درد گویی پاسخ‌دهی جفت بادا مهی بهی رستم دستان سام نیستم مرد آرام جام یال چنگهای دراز والا پروریدن ناز دشت کین آید رزم سخت یار یزدان پیروزبخت ببینی جنگ شوم چو اندر ریزش خون شوم ابر دارم چنگ اندرون همرنگ آبست بارانش خون همی آتش افروزد گوهرش همی مغز پیلان بساید سرش چو کوه بلند چنان آرم خم کمند گرز خواهم_چو لخت کوه گرآیند پیشم ز توران گروه سرانشان بکوبم بدان گرز نیاید برم پرخاشخر زمین بی‌سپاه خون بارد ابر اندر آوردگاه چنان ز گفتار پهلوان گفتی برافشاند خواهد_روان گله هرچ بودش زابلستان بیاورد لختی کابلستان رستم همی راندند برو داغ شاهان همی خواندند اسپی رستم کشیدیش پشتش بیفشاردی دست ز نیروی کردی خم نهادی زمین شکم ز کابل بیامد زرنگ فسیله همی تاخت رنگ‌رنگ مادیان تیز بگذشت خنگ برش شیر کوتاه لنگ گوشش چو خنجر آبدار یال فربه میانش نزار کره بالای سرین برش پهنای سیه چشم بورابرش گاودم سیه خایه تند پولادسم تنش پرنگار کران کران چو داغ گل سرخ زعفران چو رستم بران مادیان بنگرید مر کره پیلتن بدید کمند کیانی همی خم کره بازگیرد ز رم رستم چوپان پیر که‌ای مهتر
38,38,20,samet,ghasayedsmt,20,ای گرامی دخت سالار امم لوح محفوظ خدای ذوالنعم همسر همخوابه حبل‌المتین ماه برج عروه الوثقای دین جسته سکه عصمت رواج عصمتت بگرفته عفت خراج زن احترام مردان برد نام کوه مس کان طلا خاک پای فضه‌ات کیمیا آبروی مریم خاک درت ساره هاجر خدمت برت گر تویی زن سرافراز یمن کاش مردان جهان زن حق نام گرامت فاطمه ملک هستی وجودت قائمه ذات اسباب ایجاد خاطرت آئینه غیب شهود سر مکنون خدای اکبری جفت حیدر دختر پیغمبری قلب تو‌ای قلزم مجد شرف یازده کوکب صدف قامتت ای سرو بستان صفا پای سر نخل توحید خدا قدرت ذات کردگار جمله برده_است ذاتت کار اینم نی بو صفت دسترس گر خانه کس حرف بس روز محشر ( صامتت ) یار باش جرم جزا ستار باش خفته اندرین قالب اندرین ماوی گه خواند دینم گهی راند دنیا گهی پوشد جسم طیلسان « سولت نفسی » گهی بخشد شرف قدم تشریف کرمنا گهی روشن دل ید بیضاء موسایم گهی سازد فرعون ادعای ربکم اعلا کسوت جم گه قلم چو اهریمن گهی رب هب لی سلیمان برکشد آوا گهی گوید بیاض طلعت نیکان نیکو گهی گوید سوادزلف حورالعین زیبا گهی گوید برو کعبه مقصود خشکی گهی گوید مترس غرق کن جانب دریا عمری کزین جمعیت ضدین سو شدم دنبال قول عمرو بکر زیدرا پویا فتوای گردید لختی کام جان شیرین غوغای ذره مغز خرد سر تسلیم بنهادم خاک قبله طاعت کشیدم دل سوزان نعیر « رب سلمنا » خدنک « ربکم ادعونی » نشان نوید استجابت یافتم ایزد یکتا همانا گشتم الهام ربانی ملهم که‌ای سلطان ملک جهل شاه کشور سودا تیه حیرت مانده حیران سرگردان نمی‌بینی مگر شمع هدایت درکف موسی زند کوس جهان شادی رنگ جهانشاهی قائم دنیا مافیها امام عصر ختم اوصیا شاهی دفتر خانه ایجاد نامش طغری حضرت دادار مه کعبه زمزم سمی احمد مختارشاه یثرب بطحا اساس شرع منهاج طریقت مقتدای دین سپهر مجد منشاء حقیقت عائی اشیا کتاب خلقت کون مکان مطلع سودا انبیا اولیا انشا شه دجال کش ویران کن معموره بدعت امام بت‌شکن درهم نورد عزت عزی نسیم رحمت حق شعله قهر خداوندی علیم سر مطلق راز دان وحی حی ز نقش کلک نقاش ازل صفحه هستی صورت نخواهد_یافت شام ابد عباد الله معبود ملک عبودیت نموده قامت موزون سجده یکتا الا‌ای شمه طاق هدایت راهت بماند چشم انظار بنده مولی ظلمت خفاش شرق غرب عالم نهان کی بزیر ابر بیضه بیضا خلل افتاد ارکان شرع پایه ملت اسمی اسلام جهان معطل مانده حکم ایزد نبی چندان امتیازی مومن ترسا نموده مندرس کار نبوت افکنده دعوای ریاست نومفیان غوغا ز بس احکام ناشایسته ز اقلامشان زمین خون ناحق سرخ لاله حمرا حسام انتقامت ماند نیام آخر جهان سر سر ویران قضات بی‌پروا اولاد علی ظلمی آل مرجانه افتاد زبانها نام خون ناحق یحیی فتاده گوشوار راست عرش خدا حسن زهر بلا خونین‌جگر اسما حفظ ملک عاریت آخر معاویه حسن کشته ننمود روز جزا پروا ز مرگ مجبتی کی گشته مظلومی تنش سوراخ پیکان ظلم زمره اعدا فن جوار جد منعش مگر نازل نشد حکم ذوی القربی روز افتاد اندر کربلا حسن یسر تن صدپاره جدت حسین
39,39,7,moulavi,shams daftar5,20,-
40,40,14,ferdousi,shahname zahak,12,چو ضحاک جهان شهریار سالیان انجمن هزار زمانه بدو گشت برآمد روزگار دراز نهان گشت کردار فرزانگان پراگنده کام دیوانگان هنر خوار جادویی ارجمند نهان راستی آشکارا گزند بدی دست دیوان دراز نیکی نرفتی سخن راز پاکیزه خانه جمشید برون آوریدند لرزان چو بید جمشید دختر بدند سر بانوان چو افسر بدند ز پوشیده‌رویان شهرناز دگر پاکدامن نام ارنواز ایوان ضحاک بردندشان اژدهافش سپردندشان بپروردشان ره جادویی بیاموختشان کژی بدخویی ندانست کژی آموختن کشتن غارت سوختن چنان بد شب مرد جوان کهتر تخمه پهلوان خورشگر ببردی ایوان شاه همی ساختی درمان شاه بکشتی مغزش بپرداختی مر اژدها خورش ساختی پاکیزه گوهر پادشا مرد گرانمایه پارسا نام ارمایل پاک‌دین دگر نام گرمایل پیشبین چنان بد روزی سخن ز بیدادگر شاه ز لشکرش زان رسم‌های بد اندر خورش خوالیگری بباید شاه زان چاره‌ای ساختن ز اندیشه انداختن مگر زین تن ریزند خون توان آوریدن برون برفتند خوالیگری ساختند خورش‌ها اندازه بشناختند خورش خانه پادشاه جهان بیدار دل نهان چو خون ریختن شیرین روان اندر آویختن روزبانان مردم‌کشان مرد جوان کشان زنان خوالیگران تاختند ز اندر انداختند درد خوالیگران جگر خون دیده کینه سر همی بنگرید بدان بدین ز کردار بیداد شاه زمین بپرداختند چاره‌ای نشناختند برون مغز سر گوسفند بیامیخت مغز ارجمند جان زنهار نگر بیاری سر اندر نهفت نگر نباشی آباد شهر جهان دشت کوه بهر سرش زان سری بی‌بها خورش ساختند اژدها این‌گونه ماهیان سی‌جوان همی یافتندی روان چو گرد آمدی مرد دویست سان نشناختندی کیست خورشگر بدیشان بزی میش سپردی صحرا نهادند کنون تخمه نژاد ز آباد ناید دل برش یاد آیین ضحاک وارونه خوی چنان بد می‌بدش آرزوی ز مردان جنگی خواستی بکشتی چو دیو برخاستی کجا نامور دختری خوبروی پرده بی‌گفت‌گوی پرستنده کردیش رسم دین رسم کیش چو روزگارش چهل سال ماند نگر سر برش یزدان راند ایوان شاهی شبی دیر یاز خواب اندرون ارنواز چنان دید کز کاخ شاهنشهان جنگی پدید آمدی ناگهان مهتر کهتر اندر بالای سرو فر کیان کمر بستن رفتن شاهوار چنگ اندرون گرزه گاوسار دمان ضحاک رفتی جنگ نهادی گردن برش پالهنگ همی تاختی دماوند کوه کشان دوان اندر گروه بپیچید ضحاک بیدادگر بدریدش هول گفتی جگر بانگ زد خواب اندرون لرزان خانه صدستون بجستند خورشید رویان ز غلغل نامور کدخدای ضحاک ارنواز شاها بودت نگویی راز خفته آرام خان این‌سان بترسیدی جان زمین هفت کشور فرمان دد دام مردم پیمان خورشید رویان جهاندار چونین شگفتی بشاید نهفت که‌گر داستان بشنوید شودتان دل جان ناامید شاه گرانمایه ارنواز بباید گشادنت راز توانیم مگر چاره‌ای بی‌چاره‌ای پتیاره‌ای سپهبد گشاد نهان نهفت خواب یک‌یک بدیشان بگفت نامور ماهروی مگذار ره چاره جوی نگین زمانه سر تخت جهان روشن نامور بخت داری جهان انگشتری دد مردم مرغ دیو پری ز کشوری گرد کن مهتران اخترشناسان افسونگران سخن سربه‌سر موبدان بگوی پژوهش کن راستی بازجوی نگه کن هوش دست کیست ز مردم ار ز دیو پریست چو دانسته_شد چاره‌ساز زمان خیره مترس بد بدگمان شه منش خوش‌آمد سخن سرو سیمین برافگند بن جهان شب تیره زاغ همانگه سر کوه زد چراغ گفتی گنبد لاژورد بگسترد خورشید یاقوت زرد سپهبد بد موبدی سخن‌دان بیداردل بخردی ز کشور
41,41,28,bahar,ghasidebk,20,ز شعر قدر بها یافتند شعرا منم شعر ز یافته‌است قدر بها نادان‌گر قدر پنهان دانا مقام همی نشاید گفتن تیره خورشید نیاید روشن دیده اعمی شگفت گرم آفتاب سجده برد طبع سخن‌گوی خاطر دانا دریغ ز شاعری نرسید مگر فزونی خصم تطاول اعدا حیله سازم دشمنان بی‌آزرم گوی بازم روزگار بی‌پروا وفا ندیدم زین روزگار عهدگسل مرد بدیده‌است ازین عجوز وفا پتک جور سپهرا سرم خیره مکوب سنگ کینه جهانا تنم خیره مسا بند بسی ماندی تن رنجور کنون نمودی بند دشمنانش رها جلیس مه سال ، جسم محنت‌کش ندیم شب روز ، چشم خون‌پالا بردباری چو سد اسکندر خونفشانی چو پهلوی دارا برون زحد حصا رنج بینم اندر دهر هست خصم حسودم برون ز حصا حسود چیره هرکه فزود کمال مگس پذیره هرکجا حلوا فریاد جهان دنیا وین رسم ناستوده نازیبا برباد رفته قاعده موسی یاد رفته توصیه عیسی توراه گشته توریه بدعت انجیل گشته واسطه دعوا خلق محمدی مستنکر دستور ایزدی مستثنی هامون نبیند جزکوشش دریا نبیند غوغا گرد قتال خیزد هامون طوفان مرگ خیزد دربا ماهتاب ، تیر زند کتان آفتاب ، تیغ کشد حربا خون می‌چکد زکلک سیاسیون جان می‌طپد ز رای ذوی‌الارا جور فساد سرزده درگیتی صلح سدادگم دنیا قومی پلنگ خوی ز هرگوشه درهم فتاده‌اند پلنگ‌آسا گرگان آدمی رخ آدم‌خوار دیوان آهنین دل آهن‌خا خون مکد ز ره پلتیک جان ره یاسا ملک خدای گشته صدپاره ملک گنج‌آرا وآنکه خیره زبر هرگنج میران نشسته‌اند چو اژدرها هریک دل بسی امید هریک سر نهفته بسی سودا ساعتی آرزوی قوم صد جوی خون روان ازصحرا اوکام دل نیافته وز بینی نشسته دل خون پالا چندین هزار مادر بی‌فرزند چندین هزار بچه بی‌بابا ای نهاده پرخاش تیغ برکشیده هیجا خون پاک ملت یزدان چندین چه‌پزی بی‌پروا باغ ایزد درختانش دست حق دمیده زیبا ای خیره باغ زنی آتش خر درخت چه‌خوری بی‌جا مشکن درخت یزدان مشکن منما تهی گلستان ، منما *‌ *‌ هان‌ای حکیم چندکنی لابه هان‌ای ادیب کنی غوغا لابه کور نیارد مرد غوغا کر نکند دانا مردم کرند نیمی نیمی کور ازکور وکر ، خواهی_جز حاشا آنکو شنید ، باد نفرین گر شنید وکارنبست وانکو بدید ، باد توبیخ گر زانکه دید نبست دگر خیاط باد صبا اندام گل دوخت رنگین قبا بسی حله ببرید دوخت نوروز ، خیاط باد صبا ارغوانی سلب تن خسروانی ردا ز اصحاب بستان یکسر بدند برهنه تن مفلس بینوا دست بست زیبا نگار پای بست رنگین حنا بیاراست پیکر سروبن سبزکسوت زسرتا پا برافکند دوش بید نگون ز پیروزه دراعه‌ای پربها بسی ساخت بازیچه اطفال باغ ازگل ازگیا دست پیکری خوب‌چهر چنگ لعبتی خوش‌لقا یکی‌بسته شکلی‌به‌رخ بلعجب هشته تاجی سر خوشنما طرفه‌ای مشگ‌بیز کف حلقه‌ای عطرسا آنگه بسی عقد گوهر ز گسست پراکندشان هوا درخت شکوفه ده انگشت فراپیش ربود عطا سیه ابر توفنده کز جیش دی جدا مانده کوه جفت عنا آید یغمای باغ بتاراجد ایزدی حله‌ها برآمد خروشنده کوهسار بپیچید خشم اژدها ناگاه باد صبا دررسید زدش سیلی همی برقفا بنالید درد ابر سیاه آفاق ناله‌اش پرصدا گفتی سیه بنده‌ای جرم خواجه مر جزا ببارد ز مژگان سرشک آنچنان کزان‌تر باغ صحن سرا گه خشم
42,42,38,ghaani,ghasidegh,20,دوشم ندا ز درگاه کبریا کای بنده کبر عجز ریا خوانی مرا خبیر خلاف آشکار دانی مرا بصیر نفاق برملا گر دانی‌ام بصیر می‌کنی گنه ور خوانی‌ام خبیر می‌کنی خطا ما‌گر عطا خدمت کنی خلق خلق ار کرم منت بری ز ماییم خالق چو حاصل تعب خلقند خواجه چو واصل عطا اجرای خوری کنی خدمت امیر روزی بری کشی منت کیا گه عسس مدارت خون بی‌کسان گه مگس قرارت خوان اغنیا گاهی چو کرم پیله کشی طیلسان سر گاهی ز حیله کنی پیرهن قبا جذبه‌ایم شوریده جنون خلسه‌ایم پیچیده ردا کی رهگذر جرم ره سپر کی کنی معذرت جبر اکتفا گویی جبر باکت گنه دانی جرم داری شرمت خدا آخر صلاح فخر فجور ؟ آخر نکاح فرق زنا ؟ مقتول ز قاتل باطل قصاص مظلوم ز ظالم جفا کس رنگها خامه قدر کس ننگها نامه قضا گردش لعبت لعاب کمین جنبش خامه نقاش قفا میغست تصاعد قلاب آفتاب کاهست تحرک جذاب کهربا دیو خویشت دلیل نفس ز کیشت جدا طریق شرع دوستی وین لباس زهد آشنا نرم نرم شبهه باطل وین خند خند نکته ناحق ادا طعنه گو یاوری دین ذوالمنن وین خنده زن پیروی شرع مصطفا گر قبول ملت اجداد کو دلیل ؟ ور وثوق عادت اسلاف کو گوا ؟ گویدت همی تجاهل حق ؟ وین راندت همی تعرص رب کجا ؟ دزد کاروان مسکین کاروان رند اوستا نادان روستا آردت ز مسلک توحید منصرف وین آردت مهلک تزویر رهنما میانه هایم حیران تن‌زده آکنده سفاهت آموده عما دیده خلوص حاجب هوس آتش نفاق دامن زند هوا سازد شرک خفی دیو ممتحن آرد کفر جلی نفس مبتلا نفس کسالت اصلی معین طبع ترا جهالت فطری غطا گویی گه صلوه شرعست ناپسند رانی گه زکوه دین ناروا رفته‌رفته دغدغه دل قوی لمحه لمحه تقویت دل قوا گویی رب ز رفتست حجاب رانی دل حق ز ماندست خفا گر زانکه هست ، حکمت پنهان ور زانکه پیرو فرمان مکر دغدغه‌ای دیو زشت‌خو کفر سفسطه‌ای مست ژاژخا دلیل بس چرخ گردگرد ذات گواه بس دیر دیرپا کوبنده‌ای بباید دف خروش گوینده‌ای بباید صدا سریست پرده می‌پوید آسمان آبیست پره می‌گردد آسیا بی‌نوبهار گل نشود بوستان فروز بی‌کردگار نشود آسمان گرا شاه ار تخت منقش جواز میر ار کاخ مقرنس زند صلا مدحت کنی نقاش سریر تحسین کنی درست معمار بنا گویی کلک صنعت نقاش آفرین رانی دست قدرت معمار مرحبا آخر کوه بدان شوکت شکوه آخر چرخ بدین رفعت علا بی‌قادری وادی هستی نهد قدم بی‌صانعی عرصه زند لوا آخر عرش بدین پایه شرف آخر مهر بدین مایه بها بی‌آمری بسیط جهان محیط بی‌خالقی فضای زمین ضیا اسباب فرش کاخ پادشه آیات عرش عرش پادشا گنه امید تفضل گنه خطا خیال ترحم خطا الا یمن طاعت برهان حق علی الا عون مدحت سلطان دین رضا اصل کرم نعم قاید امم کهف وری امام هدی آیت تقا سطح حیات ، خط بقا ، نقطه قطب نجات ، قوس صفا ، مرکز وفا نفس بسیط ، عقل مجرد ، روان مصباح فیض ، راح روان ، روح اتقیا مصداق لوح ، معنی نون ، مظهر قلم نور ازل ، چراغ ابد ، مشعل بقا
