author,b_name,p_num,poems
moulavi,shams ghazalsh,20,"ای رستخیز ناگهان وی رحمت بی‌منتها
ای آتشی افروخته، در بیشه اندیشه‌ها
امروز خندان آمدی، مفتاح زندان آمدی
بر مستمندان آمدی، چون بخشش و فضل خدا
خورشید را حاجب توی، اومید را واجب توی
مطلب توی طالب توی، هم منتها هم مبتدا
در سینه‌ها برخاسته، اندیشه را آراسته
هم خویش حاجت خواسته، هم خویشتن کرده روا
ای روح بخش بی‌بدل، وی لذّت علم و عمل
باقی بهانه‌ست و دغل، کاین علّت آمد وان دوا
ما زان دغل کژبین شده، با بی‌گنه در کین شده
گه مست حورالعین شده، گه مست نان و شوربا
این سُکر بین هِل عقل را، وین نُقل بین هِل نَقل را
کز بهر نان و بقل را، چندین نشاید ماجرا
تدبیر صدرنگ افکنی، بر روم و بر زنگ افکنی
و اندر میان جنگ افکنی، «فی اِصطِناعٍ لا یُری»
می‌مال پنهان گوش جان، می‌نه بهانه بر کسان
جان «رَبِّ خَلِّصنی» زنان، والله که لاغ است ای کیا
خامش که بس مُستَعجِلَم، رفتم سوی پای علم
کاغذ بنه بشکن قلم، ساقی درآمد الصلا
ای طایِرانِ قُدْسْ را، عشقَت فُزوده بال‌ها،
در حلقهٔ سودایِ تو، روحانیانْ را حال‌ها،
در «لا اُحِبُّ الْآفِلین»، پاکی ز صورت‌ها، یَقین؛
در دیده‌های غیب‌بین، هر دَم زِ تو تِمثال‌ها
افلاکْ از تو سرنگون، خاک از تو چونْ دریایِ خون؛
ماهَت نخوانم، ای فُزونَ ازْ ماه‌ها و سال‌ها
کوهَ ازْ غَمت بِشْکافْتِه، وان غَمْ به دل دَرتافْتِه؛
یک قَطرِه خونی یافْتِه از فَضلَت این اَفضال‌ها
اِی سَروَرانْ را تو سَّنَد، بِشْمار ما را زان عَدَد
دانی سَران را هم بُوَد اَندر تَبَعْ دُنبال‌ها
سازی زِ خاکی سیّدی، بر وِی فرشته حاسِدی،
با نقدِ تو جانْ کاسِدی؛ پامال گَشْتِه مال‌ها
آن کاو تو باشی بالِ او؛ ای رفعت و اِجلالِ او،
آن کاو چُنین شُد حالِ او، بر روی دارد خال‌ها
گیرم که خارَمْ خارِ بَد، خار از پیِ گُل می‌زَهَد؛
صَرّافِ زَر هم می‌نَهَد، جُو، بر سَرِ مِثقال‌ها
فِکری بُدَه‌سْت اَفعال‌ها، خاکی بُدَه‌سْت اینْ مال‌ها؛
قالی بُدَه‌سْت اینْ حال‌ها، حالی بُدَه‌سْت اینْ قال‌ها
آغازِ عالَمْ غُلْغُلِه، پایانِ عالَمْ زِلْزِلِه؛
عشقی و شُکْری با گِله، آرام با زِلْزال‌ها
توقیعِ شَمْس آمَد شَفَق، طُغرایِ دولت، عشقِ حَق
فالِ وِصال آرَد سَبَق، کان عشق زَد اینْ فال‌ها
از «رَحمَةٌ لِلْعالَمین» ِاقبالِ دَرویشانْ بِبین؛
چون مَهْ مُنَوَّرْ، خِرقه‌ها، چون گُلْ مُعَطّر، شال‌ها
عِشقَ امْرِ کُل، ما رُقعِه‌ای، او قُلْزُم و ما جُرعِه‌ای
او صَد دَلیل آوردِه و ما کردِه اِستِدلال‌ها
از عشق، گَردون مُؤتَلِف، بی‌عشق، اَختَر مُنْخَسِف؛
از عشقْ گَشتِه دالَ الِف، بی‌عشقَ الِف چون دال‌ها
آبِ حَیات آمد سُخُن، کایَد زِ عِلْمِ من لَدُن
جانْ را از او خالی مَکُن، تا بَردَهَد اَعمال‌ها
بر اَهلِ مَعنی شُد سُخن، اِجمال‌ها تَفصیل‌ها
بر اهلِ صورت شُد سُخن، تَفصیل‌ها اِجمال‌ها
گر شِعرها گفتند پُر، پُر بِهْ بُوَد دریا زِ دُر
کز ذوقِ شِعر آخر شُتُر خوش می‌کِشَد تَرحال‌ها
ای دل چه اندیشیده‌ای در عذر آن تقصیرها؟
زان سوی او چندان وفا زین سوی تو چندین جفا
زان سوی او چندان کرم زین سو خلاف و بیش و کم
زان سوی او چندان نعم زین سوی تو چندین خطا
زین سوی تو چندین حسد چندین خیال و ظن بد
زان سوی او چندان کشش چندان چشش چندان عطا
چندین چشش از بهر چه؟ تا جان تلخت خوش شود
چندین کشش از بهر چه؟ تا دررسی در اولیا
از بد پشیمان می‌شوی الله گویان می‌شوی
آن دم تو را او می‌کشد تا وارهاند مر تو را
از جرم ترسان می‌شوی وز چاره پرسان می‌شوی
آن لحظه ترساننده را با خود نمی‌بینی چرا؟
گر چشم تو بربست او چون مهره‌ای در دست او
گاهی بغلطاند چنین گاهی ببازد در هوا
گاهی نهد در طبع تو سودای سیم و زر و زن
گاهی نهد در جان تو نور خیال مصطفی
این سو کشان سوی خوشان وان سو کشان با ناخوشان
یا بگذرد یا بشکند کشتی در این گرداب‌ها
چندان دعا کن در نهان چندان بنال اندر شبان
کز گنبد هفت آسمان در گوش تو آید صدا
بانگ شعیب و ناله‌اش وان اشک همچون ژاله‌اش
چون شد ز حد از آسمان آمد سحرگاهش ندا
گر مجرمی بخشیدمت وز جرم آمرزیدمت
فردوس خواهی دادمت خامش رها کن این دعا
گفتا نه این خواهم نه آن دیدار حق خواهم عیان
گر هفت بحر آتش شود من درروم بهر لقا
گر رانده آن منظرم بسته ست از او چشم ترم
من در جحیم اولی‌ترم جنت نشاید مر مرا
جنت مرا بی‌روی او هم دوزخست و هم عدو
من سوختم زین رنگ و بو، کو فر انوار بقا؟
گفتند باری کم گری تا کم نگردد مبصری
که چشم نابینا شود چون بگذرد از حد بکا
گفت ار دو چشمم عاقبت خواهند دیدن آن صفت
هر جزو من چشمی شود، کی غم خورم من از عمی؟
ور عاقبت این چشم من محروم خواهد ماندن
تا کور گردد آن بصر کاو نیست لایق دوست را
اندر جهان هر آدمی باشد فدای یار خود
یار یکی انبان خون یار یکی شمس ضیا
چون هر کسی درخورد خود یاری گزید از نیک و بد
ما را دریغ آید که خود فانی کنیم از بهر لا
روزی یکی همراه شد با بایزید اندر رهی
پس بایزیدش گفت: چه پیشه گزیدی ای دغا
گفتا که من خربنده‌ام پس بایزیدش گفت رو
یا رب خرش را مرگ ده تا او شود بنده خدا
ای یوسف خوش نام ما خوش می‌روی بر بام ما
ای درشکسته جام ما ای بردریده دام ما
ای نور ما ای سور ما ای دولت منصور ما
جوشی بنه در شور ما تا می شود انگور ما
ای دلبر و مقصود ما ای قبله و معبود ما
آتش زدی در عود ما نظاره کن در دود ما
ای یار ما عیار ما دام دل خمار ما
پا وامکش از کار ما بستان گرو دستار ما
در گل بمانده پای دل جان می‌دهم چه جای دل
وز آتش سودای دل ای وای دل ای وای ما
آن شکل بین وان شیوه بین وان قد و خد و دست و پا
آن رنگ بین وان هنگ بین وان ماه بدر اندر قبا
از سرو گویم یا چمن از لاله گویم یا سمن
از شمع گویم یا لگن یا رقص گل پیش صبا
ای عشق چون آتشکده در نقش و صورت آمده
بر کاروان دل زده یک دم امان ده یا فتی
در آتش و در سوز من شب می‌برم تا روز من
ای فرخ پیروز من از روی آن شمس الضحی
بر گرد ماهش می‌تنم بی‌لب سلامش می‌کنم
خود را زمین برمی‌زنم زان پیش کو گوید صلا
گلزار و باغ عالمی چشم و چراغ عالمی
هم درد و داغ عالمی چون پا نهی اندر جفا
آیم کنم جان را گرو گویی مده زحمت برو
خدمت کنم تا واروم گویی که ای ابله بیا
گشته خیال همنشین با عاشقان آتشین
غایب مبادا صورتت یک دم ز پیش چشم ما
ای دل قرار تو چه شد وان کار و بار تو چه شد
خوابت که می‌بندد چنین اندر صباح و در مسا
دل گفت حسن روی او وان نرگس جادوی او
وان سنبل ابروی او وان لعل شیرین ماجرا
ای عشق پیش هر کسی نام و لقب داری بسی
من دوش نام دیگرت کردم که درد بی‌دوا
ای رونق جانم ز تو چون چرخ گردانم ز تو
گندم فرست ای جان که تا خیره نگردد آسیا
دیگر نخواهم زد نفس این بیت را می‌گوی و بس
بگداخت جانم زین هوس ارفق بنا یا ربنا
بگریز ای میر اجل از ننگ ما از ننگ ما
زیرا نمی‌دانی شدن همرنگ ما همرنگ ما
از حمله‌های جند او وز زخم‌های تند او
سالم نماند یک رگت بر چنگ ما بر چنگ ما
اول شرابی درکشی سرمست گردی از خوشی
بیخود شوی آنگه کنی آهنگ ما آهنگ ما
زین باده می‌خواهی برو اول تنک چون شیشه شو
چون شیشه گشتی برشکن بر سنگ ما بر سنگ ما
هر کان می احمر خورد بابرگ گردد برخورد
از دل فراخی‌ها برد دلتنگ ما دلتنگ ما
بس جره‌ها در جو زند بس بربط شش تو زند
بس با شهان پهلو زند سرهنگ ما سرهنگ ما
ماده است مریخ زمن این جا در این خنجر زدن
با مقنعه کی تان شدن در جنگ ما در جنگ ما
گر تیغ خواهی تو ز خور از بدر برسازی سپر
گر قیصری اندرگذر از زنگ ما از زنگ ما
اسحاق شو در نحر ما خاموش شو در بحر ما
تا نشکند کشتی تو در گنگ ما در گنگ ما
بنشسته‌ام من بر درت تا بوک برجوشد وفا
باشد که بگشایی دری گویی که برخیز اندرآ
غرقست جانم بر درت در بوی مشک و عنبرت
ای صد هزاران مرحمت بر روی خوبت دایما
ماییم مست و سرگران فارغ ز کار دیگران
عالم اگر برهم رود عشق تو را بادا بقا
عشق تو کف برهم زند صد عالم دیگر کند
صد قرن نو پیدا شود بیرون ز افلاک و خلا
ای عشق خندان همچو گل وی خوش نظر چون عقل کل
خورشید را درکش به جل ای شهسوار هل اتی
امروز ما مهمان تو مست رخ خندان تو
چون نام رویت می‌برم دل می‌رود والله ز جا
کو بام غیر بام تو کو نام غیر نام تو
کو جام غیر جام تو ای ساقی شیرین ادا
گر زنده جانی یابمی من دامنش برتابمی
ای کاشکی درخوابمی در خواب بنمودی لقا
ای بر درت خیل و حشم بیرون خرام ای محتشم
زیرا که سرمست و خوشم زان چشم مست دلربا
افغان و خون دیده بین صد پیرهن بدریده بین
خون جگر پیچیده بین بر گردن و روی و قفا
آن کس که بیند روی تو مجنون نگردد کو بگو
سنگ و کلوخی باشد او او را چرا خواهم بلا
رنج و بلایی زین بتر کز تو بود جان بی‌خبر
ای شاه و سلطان بشر لا تبل نفسا بالعمی
جان‌ها چو سیلابی روان تا ساحل دریای جان
از آشنایان منقطع با بحر گشته آشنا
سیلی روان اندر وله سیلی دگر گم کرده ره
الحمدلله گوید آن وین آه و لا حول و لا
ای آفتابی آمده بر مفلسان ساقی شده
بر بندگان خود را زده باری کرم باری عطا
گل دیده ناگه مر تو را بدریده جان و جامه را
وان چنگ زار از چنگ تو افکنده سر پیش از حیا
مقبلترین و نیک پی در برج زهره کیست نی
زیرا نهد لب بر لبت تا از تو آموزد نوا
نی‌ها و خاصه نیشکر بر طمع این بسته کمر
رقصان شده در نیستان یعنی تعز من تشا
بد بی‌تو چنگ و نی حزین برد آن کنار و بوسه این
دف گفت می‌زن بر رخم تا روی من یابد بها
این جان پاره پاره را خوش پاره پاره مست کن
تا آن چه دوشش فوت شد آن را کند این دم قضا
حیفست ای شاه مهین هشیار کردن این چنین
والله نگویم بعد از این هشیار شرحت ای خدا
یا باده ده حجت مجو یا خود تو برخیز و برو
یا بنده را با لطف تو شد صوفیانه ماجرا
جز وی چه باشد کز اجل اندررباید کل ما
صد جان برافشانم بر او گویم هنییا مرحبا
رقصان سوی گردون شوم زان جا سوی بی‌چون شوم
صبر و قرارم برده‌ای ای میزبان زوتر بیا
از مه ستاره می‌بری تو پاره پاره می‌بری
گه شیرخواره می‌بری گه می‌کشانی دایه را
دارم دلی همچون جهان تا می‌کشد کوه گران
من که کشم که کی کشم زین کاهدان واخر مرا
گر موی من چون شیر شد از شوق مردن پیر شد
من آردم گندم نیم چون آمدم در آسیا
در آسیا گندم رود کز سنبله زادست او
زاده مهم نی سنبله در آسیا باشم چرا
نی نی فتد در آسیا هم نور مه از روزنی
زان جا به سوی مه رود نی در دکان نانبا
با عقل خود گر جفتمی من گفتنی‌ها گفتمی
خاموش کن تا نشنود این قصه را باد هوا
من از کجا پند از کجا، باده بگردان ساقیا
آن جام جان افزای را، برریز بر جان ساقیا
بر دست من نِه جام جان، ای دستگیر عاشقان
دور از لب بیگانگان، پیش آر پنهان ساقیا
نانی بده نان خواره را، آن طامع بیچاره را
آن عاشق نانباره را، کنجی بخسبان ساقیا
ای جانِ جانِ جانِ جان، ما نامدیم از بهر نان
برجَه گدارویی مکن، در بزم سلطان ساقیا
اول بگیر آن جامِ مِه، بر کفهٔ آن پیر نِه
چون مست گردد پیر ده، رو سوی مستان ساقیا
رو سخت کن ای مرتجا، مست از کجا شرم از کجا
ور شرم داری، یک قدح بر شرم افشان ساقیا
برخیز ای ساقی بیا، ای دشمن شرم و حیا
تا بخت ما خندان شود، پیش آی خندان ساقیا
مهمان شاهم هر شبی بر خوان احسان و وفا
مهمان صاحب دولتم که دولتش پاینده با
بر خوان شیران یک شبی بوزینه‌ای همراه شد
استیزه رو گر نیستی او از کجا شیر از کجا
بنگر که از شمشیر شه در قهرمان خون می‌چکد
آخر چه گستاخی است این والله خطا والله خطا
گر طفل شیری پنجه زد بر روی مادر ناگهان
تو دشمن خود نیستی بر وی منه تو پنجه را
آن کو ز شیران شیر خورد او شیر باشد نیست مرد
بسیار نقش آدمی دیدم که بود آن اژدها
نوح ار چه مردم وار بد طوفان مردم خوار بد
گر هست آتش ذره‌ای آن ذره دارد شعله‌ها
شمشیرم و خون ریز من هم نرمم و هم تیز من
همچون جهان فانیم ظاهر خوش و باطن بلا
ای طوطی عیسی نفس وی بلبل شیرین نوا
هین زهره را کالیوه کن زان نغمه‌های جان فزا
دعوی خوبی کن بیا تا صد عدو و آشنا
با چهره‌ای چون زعفران با چشم تر آید گوا
غم جمله را نالان کند تا مرد و زن افغان کند
که داد ده ما را ز غم کو گشت در ظلم اژدها
غم را بدرانی شکم با دورباش زیر و بم
تا غلغل افتد در عدم از عدل تو ای خوش صدا
ساقی تو ما را یاد کن صد خیک را پرباد کن
ارواح را فرهاد کن در عشق آن شیرین لقا
چون تو سرافیل دلی زنده کن آب و گلی
دردم ز راه مقبلی در گوش ما نفخه خدا
ما همچو خرمن ریخته گندم به کاه آمیخته
هین از نسیم باد جان که را ز گندم کن جدا
تا غم به سوی غم رود خرم سوی خرم رود
تا گل به سوی گل رود تا دل برآید بر سما
این دانه‌های نازنین محبوس مانده در زمین
در گوش یک باران خوش موقوف یک باد صبا
تا کار جان چون زر شود با دلبران هم‌بر شود
پا بود اکنون سر شود که بود اکنون کهربا
خاموش کن آخر دمی دستور بودی گفتمی
سری که نفکندست کس در گوش اخوان صفا
ای نوبهار عاشقان داری خبر از یار ما
ای از تو آبستن چمن و ای از تو خندان باغ‌ها
ای بادهای خوش نفس عشاق را فریادرس
ای پاکتر از جان و جا آخر کجا بودی کجا
ای فتنه روم و حبش حیران شدم کاین بوی خوش
پیراهن یوسف بود یا خود روان مصطفی
ای جویبار راستی از جوی یار ماستی
بر سینه‌ها سیناستی بر جان‌هایی جان فزا
ای قیل و ای قال تو خوش و ای جمله اشکال تو خوش
ماه تو خوش سال تو خوش ای سال و مه چاکر تو را
ای باد بی‌آرام ما با گل بگو پیغام ما
کای گل گریز اندر شکر چون گشتی از گلشن جدا
ای گل ز اصل شکری تو با شکر لایقتری
شکر خوش و گل هم خوش و از هر دو شیرینتر وفا
رخ بر رخ شکر بنه لذت بگیر و بو بده
در دولت شکر بجه از تلخی جور فنا
اکنون که گشتی گلشکر قوت دلی نور نظر
از گل برآ بر دل گذر آن از کجا این از کجا
با خار بودی همنشین چون عقل با جانی قرین
بر آسمان رو از زمین منزل به منزل تا لقا
در سر خلقان می‌روی در راه پنهان می‌روی
بستان به بستان می‌روی آن جا که خیزد نقش‌ها
ای گل تو مرغ نادری برعکس مرغان می‌پری
کامد پیامت زان سری پرها بنه بی‌پر بیا
ای گل تو این‌ها دیده‌ای زان بر جهان خندیده‌ای
زان جامه‌ها بدریده‌ای ای کربز لعلین قبا
گل‌های پار از آسمان نعره زنان در گلستان
کای هر که خواهد نردبان تا جان سپارد در بلا
هین از ترشح زین طبق بگذر تو بی‌ره چون عرق
از شیشه گلابگر چون روح از آن جام سما
ای مقبل و میمون شما با چهره گلگون شما
بودیم ما همچون شما ما روح گشتیم الصلا
از گلشکر مقصود ما لطف حقست و بود ما
ای بود ما آهن صفت وی لطف حق آهن ربا
آهن خرد آیینه گر بر وی نهد زخم شرر
ما را نمی‌خواهد مگر خواهم شما را بی‌شما
هان ای دل مشکین سخن پایان ندارد این سخن
با کس نیارم گفت من آن‌ها که می‌گویی مرا
ای شمس تبریزی بگو سر شهان شاه خو
بی حرف و صوت و رنگ و بو بی‌شمس کی تابد ضیا
ای عاشقان ای عاشقان امروز ماییم و شما
افتاده در غرقابه‌ای تا خود که داند آشنا
گر سیل عالم پر شود هر موج چون اشتر شود
مرغان آبی را چه غم تا غم خورد مرغ هوا
ما رخ ز شکر افروخته با موج و بحر آموخته
زان سان که ماهی را بود دریا و طوفان جان فزا
ای شیخ ما را فوطه ده وی آب ما را غوطه ده
ای موسی عمران بیا بر آب دریا زن عصا
این باد اندر هر سری سودای دیگر می‌پزد
سودای آن ساقی مرا باقی همه آن شما
دیروز مستان را به ره بربود آن ساقی کله
امروز می در می‌دهد تا برکند از ما قبا
ای رشک ماه و مشتری با ما و پنهان چون پری
خوش خوش کشانم می‌بری آخر نگویی تا کجا
هر جا روی تو با منی ای هر دو چشم و روشنی
خواهی سوی مستیم کش خواهی ببر سوی فنا
عالم چو کوه طور دان ما همچو موسی طالبان
هر دم تجلی می‌رسد برمی‌شکافد کوه را
یک پاره اخضر می‌شود یک پاره عبهر می‌شود
یک پاره گوهر می‌شود یک پاره لعل و کهربا
ای طالب دیدار او بنگر در این کهسار او
ای کُه چه باد خورده‌ای ما مست گشتیم از صدا
ای باغبان ای باغبان در ما چه درپیچیده‌ای
گر برده‌ایم انگور تو تو برده‌ای انبان ما
ای نوش کرده نیش را بی‌خویش کن باخویش را
باخویش کن بی‌خویش را چیزی بده درویش را
تشریف ده عشاق را پرنور کن آفاق را
بر زهر زن تریاق را چیزی بده درویش را
با روی همچون ماه خود با لطف مسکین خواه خود
ما را تو کن همراه خود چیزی بده درویش را
چون جلوه مه می‌کنی وز عشق آگه می‌کنی
با ما چه همره می‌کنی چیزی بده درویش را
درویش را چه بود نشان جان و زبان درفشان
نی دلق صدپاره کشان چیزی بده درویش را
هم آدم و آن دم توی هم عیسی و مریم توی
هم راز و هم محرم توی چیزی بده درویش را
تلخ از تو شیرین می‌شود کفر از تو چون دین می‌شود
خار از تو نسرین می‌شود چیزی بده درویش را
جان من و جانان من کفر من و ایمان من
سلطان سلطانان من چیزی بده درویش را
ای تن پرست بوالحزن در تن مپیچ و جان مکن
منگر به تن بنگر به من چیزی بده درویش را
امروز ای شمع آن کنم بر نور تو جولان کنم
بر عشق جان افشان کنم چیزی بده درویش را
امروز گویم چون کنم یک باره دل را خون کنم
وین کار را یک سون کنم چیزی بده درویش را
تو عیب ما را کیستی تو مار یا ماهیستی
خود را بگو تو چیستی چیزی بده درویش را
جان را درافکن در عدم زیرا نشاید ای صنم
تو محتشم او محتشم چیزی بده درویش را
ای یوسف آخر سوی این یعقوب نابینا بیا
ای عیسی پنهان شده بر طارم مینا بیا
از هجر روزم قیر شد دل چون کمان بد تیر شد
یعقوب مسکین پیر شد ای یوسف برنا بیا
ای موسی عمران که در سینه چه سیناهاستت
گاوی خدایی می‌کند از سینه سینا بیا
رخ زعفران رنگ آمدم خم داده چون چنگ آمدم
در گور تن تنگ آمدم ای جان باپهنا بیا
چشم محمد با نمت واشوق گفته در غمت
زان طره‌ای اندرهمت ای سر ارسلنا بیا
خورشید پیشت چون شفق ای برده از شاهان سبق
ای دیده بینا به حق وی سینه دانا بیا
ای جان تو و جان‌ها چو تن بی‌جان چه ارزد خود بدن
دل داده‌ام دیر است من تا جان دهم جانا بیا
تا برده‌ای دل را گرو شد کشت جانم در درو
اول تو ای دردا برو و آخر تو درمانا بیا
ای تو دوا و چاره‌ام نور دل صدپاره‌ام
اندر دل بیچاره‌ام چون غیر تو شد لا بیا
نشناختم قدر تو من تا چرخ می‌گوید ز فن
دی بر دلش تیری بزن دی بر سرش خارا بیا
ای قاب قوس مرتبت وان دولت بامکرمت
کس نیست شاها محرمت در قرب او ادنی بیا
ای خسرو مه وش بیا ای خوشتر از صد خوش بیا
ای آب و ای آتش بیا ای در و ای دریا بیا
مخدوم جانم شمس دین از جاهت ای روح الامین
تبریز چون عرش مکین از مسجد اقصی بیا
آمد ندا از آسمان جان را که بازآ الصلا
جان گفت ای نادی خوش اهلا و سهلا مرحبا
سمعا و طاعه ای ندا هر دم دو صد جانت فدا
یک بار دیگر بانگ زن تا برپرم بر هل اتی
ای نادره مهمان ما بردی قرار از جان ما
آخر کجا می‌خوانیم گفتا برون از جان و جا
از پای این زندانیان بیرون کنم بند گران
بر چرخ بنهم نردبان تا جان برآید بر علا
تو جان جان افزاستی آخر ز شهر ماستی
دل بر غریبی می‌نهی این کی بود شرط وفا
آوارگی نوشت شده خانه فراموشت شده
آن گنده پیر کابلی صد سحر کردت از دغا
این قافله بر قافله پویان سوی آن مرحله
چون برنمی‌گردد سرت چون دل نمی‌جوشد تو را
بانگ شتربان و جرس می‌نشنود از پیش و پس
ای بس رفیق و همنفس آن جا نشسته گوش ما
خلقی نشسته گوش ما مست و خوش و بی‌هوش ما
نعره زنان در گوش ما که سوی شاه آ ای گدا
ای یوسف خوش نام ما خوش می‌روی بر بام ما
انا فتحنا الصلا بازآ ز بام از در درآ
ای بحر پرمرجان من والله سبک شد جان من
این جان سرگردان من از گردش این آسیا
ای ساربان با قافله مگذر مرو زین مرحله
اشتر بخوابان هین هله نه از بهر من بهر خدا
نی نی برو مجنون برو خوش در میان خون برو
از چون مگو بی‌چون برو زیرا که جان را نیست جا
گر قالبت در خاک شد جان تو بر افلاک شد
گر خرقه تو چاک شد جان تو را نبود فنا
از سر دل بیرون نه‌ای بنمای رو کایینه‌ای
چون عشق را سرفتنه‌ای پیش تو آید فتنه‌ها
گویی مرا چون می‌روی گستاخ و افزون می‌روی
بنگر که در خون می‌روی آخر نگویی تا کجا
گفتم کز آتش‌های دل بر روی مفرش‌های دل
می غلط در سودای دل تا بحر یفعل ما یشا
هر دم رسولی می‌رسد جان را گریبان می‌کشد
بر دل خیالی می‌دود یعنی به اصل خود بیا
دل از جهان رنگ و بو گشته گریزان سو به سو
نعره زنان کان اصل کو جامه دران اندر وفا
امروز دیدم یار را آن رونق هر کار را
می‌شد روان بر آسمان همچون روان مصطفا
خورشید از رویش خجل گردون مشبک همچو دل
از تابش او آب و گل افزون ز آتش در ضیا
گفتم که بنما نردبان تا برروم بر آسمان
گفتا سر تو نردبان سر را درآور زیر پا
چون پای خود بر سر نهی پا بر سر اختر نهی
چون تو هوا را بشکنی پا بر هوا نه هین بیا
بر آسمان و بر هوا صد رد پدید آید تو را
بر آسمان پران شوی هر صبحدم همچون دعا
چندانک خواهی جنگ کن یا گرم کن تهدید را
می‌دان که دود گولخن هرگز نیاید بر سما
ور خود برآید بر سما کی تیره گردد آسمان
کز دود آورد آسمان چندان لطیفی و ضیا
خود را مرنجان ای پدر سر را مکوب اندر حجر
با نقش گرمابه مکن این جمله چالیش و غزا
گر تو کنی بر مه تفو بر روی تو بازآید آن
ور دامن او را کشی هم بر تو تنگ آید قبا
پیش از تو خامان دگر در جوش این دیگ جهان
بس برطپیدند و نشد درمان نبود الا رضا
بگرفت دم مار را یک خارپشت اندر دهن
سر درکشید و گرد شد مانند گویی آن دغا
آن مار ابله خویش را بر خار می‌زد دم به دم
سوراخ سوراخ آمد او از خود زدن بر خارها
بی صبر بود و بی‌حیل خود را بکشت او از عجل
گر صبر کردی یک زمان رستی از او آن بدلقا
بر خارپشت هر بلا خود را مزن تو هم هلا
ساکن نشین وین ورد خوان جاء القضا ضاق الفضا
فرمود رب العالمین با صابرانم همنشین
ای همنشین صابران افرغ علینا صبرنا
رفتم به وادی دگر باقی تو فرما ای پدر
مر صابران را می‌رسان هر دم سلامی نو ز ما"
moulavi,shams mostadrakat,2,"کدیه‌ای می‌کنم سبک بشنو
خبر عشق می‌دهم بگرو
نفسی با خودم قرینی ده
که به میزان نهند با زر جو
تو نوی بخش و بندهٔ تو کهن
کهنم را به یک نظر کن نو
پیشهٔ کیمیا خود این باشد
که مس تیره را ببخشد ضو
کرمت را بگوی تا بدهد
درخور شام بنده روغن عو
ای دل آن شاه سوی بی‌سویی است
خلق هرسو دوند تو کم دو
فکر مردم به هر سوی گرواست
تو ب لاحول فکر را کن خو
بی‌سوی عالمی است بس عالی
شش جهت وادییست بس درگو
کار امروز را مگو فردا
تا نه حسرت خوری نه گویی لو
چشمکت می‌زند رقیب غیور
چشم ازو بر مگیر لاتطغو
شمس تبریز! خضر عین یقین
وارهان خلق را ز عین‌السو
قصابی سوی گولی گوشت انداخت
چو دیدش زفت گوشت گاو پنداشت
یکی ران دگر سوی وی افکند
بگفتا گاو مرده‌ست این زهی گند
خدا بخشید آنچ اسباب کامست
تو گفتی چیست این؟ خود داد عامست
کنون شد عام کان با تو بپیوست
نجس شد چونک در کردی درو دست
نسازد گول را بخل و سخاوت
که گردد هر دوش مایهٔ عداوت
گریز از گول اندر سور و ماتم
چو عیسی ای پدر والله اعلم"
moulavi,shams tarjeeat,20,"هم روت خوش هم خوت خوش هم پیچ زلف و هم قفا
هم شیوه خوش هم میوه خوش هم لطف تو خوش هم جفا
ای صورت عشق ابد وی حسن تو بیرون ز حد
ای ماه روی سروقد ای جان‌فزای دلگشا
ای جان باغ و یاسمین ای شمع افلاک و زمین
ای مستغاث العاشقین ای شهسوار هل اتی
ای خوان لطف انداخته و با لئیمان ساخته
طوطی و کبک و فاخته گفته ترا خطبهٔ ثنا
ای دیدهٔ خوبان چین در روی تو نادیده چین
دامن ز گولان در مچین مخراش رخسار رضا
ای خسروان درویش تو سرها نهاده پیش تو
جمله ثنا اندیش تو ای تو ثناها را سزا
ای صبر بخش زاهدان اخلاص بخش عابدان
وی گلستان عارفان در وقت بسط و التقا
با عاشقانم جفت من امشب نخواهم خفت من
خواهم دعا کردن ترا ای دوست تا وقت دعا
دارم رفیقان از برون دارم حریفان درون
در خانه جوقی دلبران بر صفه اخوان صفا
تنها به سیران می‌روی یا پیش مستان می‌روی
یا سوی جانان می‌روی باری خرامان می‌روی
در پیش چوگان قدر گویی شدم بی‌پا و سر
برگیر و با خویشم ببر گر سوی میدان می‌روی
از شمس تنگ آید ترا مه تیره رنگ آید ترا
افلاک تنگ آید ترا گر بهر جولان می‌روی
بس نادره یار آمدی بس خواب دلدار آمدی
بس دیر و دشوار آمدی بس زود و آسان می‌روی
ای دلبر خورشیدرو وی عیسی بیمارجو
ای شاد آن قومی که تو در کوی ایشان می‌روی
تو سر به سر جانی مگر یا خضر دورانی مگر
یا آب حیوانی مگر کز خلق پنهان می‌روی
ای قبلهٔ اندیشه‌ها شیر خدا در بیشه‌ها
ای رهنمای پیشه‌ها چون عقل در جان می‌روی
گه جام هش را می‌برد پردهٔ حیا برمی‌درد
گه روح را گوید خرد: چون سوی هجران می‌روی
هجران چه هرجا که تو گردی برای جست‌وجو
چون ابر با چشمان تر با ماه تابان می‌روی
یک مسئله می‌پرسمت ای روشنی در روشنی
آن چه فسون در می دمی غم را چو شادی می‌کنی
خود در فسون شیرین لبی مانند داود نبی
آهن چو مومی می‌شود بر می کنیش از آهنی
نی بلک شاه مطلقی به گلبرک ملک حقی
شاگرد خاص خالقی از جمله افسونها غنی
تا من ترا بشناختم بس اسب دولت تاختم
خود را برون انداختم از ترسها در ایمنی
هر لحظه‌ای جان نوم هردم به باغی می‌روم
بی‌دست و بی‌دل می‌شوم چون دست بر من می‌زنی
نی چرخ دانم نی سها نی کاله دانم نی بها
با اینک نادانم مها دانم که آرام منی
ای رازق ملک و ملک وی قطب دوران فلک
حاشا از آن حسن و نمک که دل ز مهمان برکنی
خوش ساعتی کان سرو من سرسبز باشد در چمن
وز باد سودا پیش او چون بید باشم منثنی
لاله بخون غسلی کند نرگس به حیرت برتند
غنچه بیندازد کله سوسن فتد از سوسنی
آن چشم شوخش را نگر مست از خرابات آمده
در قصد خون عاشقان دامن کمر اندر زده
سوگند خوردست آن صنم کین باده را گردان کنم
یک عقل نگذارم بمی در والد و در والده
زین باده‌شان افسون کنم تا جمله را مجنون کنم
تا تو نیابی عاقلی در حلقهٔ آدم کده
لیلی ما ساقی جان مجنون او شخص جهان
جز لیلی و مجنون بود پژمرده و بی‌فایده
از دسا ما یا می‌برد یا رخت در لاشی برد
از عشق ما جان کی برد گر مصطبه گر معبده
گر من نبینم مستیت آتش زنم در هستیت
باده‌ت دهم مستت کنم با گیر و دار و عربده
بگذشت دور عاقلان آمد قران ساقیان
بر ریز یک رطل گران بر منکر این قاعده
آمد بهار و رفت دی آمد اوان نوش و نی
آمد قران جام و می بگذشت دور مایده
رفت آن عجوز پردغل رفت آن زمستان و وحل
آمد بهار و زاد ازو صد شاهد و صد شاهده
ماه رمضان آمد ای یار قمر سیما
بربند سر سفره بگشای ره بالا
ای یاوهٔ هر جایی وقتست که بازآیی
بنگر سوی حلوایی تا کی طلبی حلوا
یک دیدن حلوایی زانسان کندت شیرین
که شهد ترا گوید: « خاک توم ای مولا »
مرغت ز خور و هیضه مانده‌ست در این بیضه
بیرون شو ازین بیضه تا باز شود پرها
بر یاد لب دلبر خشکست لب مهتر
خوش با شکم خالی می‌نالد چون سرنا
خالی شو و خالی به لب بر لب نابی نه
چون نی ز دَمش پر شو وانگاه شکر می‌خا
بادی که زند بر نی قندست درو مضمر
وان مریم نی زان دم حامل شده حلویا
گر توبه ز نان کردی آخر چه زیان کردی
کو سفرهٔ نان‌افزا کو دلبر جان افزا
از درد به صاف آییم وز صاف به قاف آییم
کز قاف صیام ای جان عصفور شود عنقا
صفرای صیام ارچه سودای سر افزاید
لیکن ز چنین سودا یابند ید بیضا
هر سال نه جوها را می پاک کند از گل
تا آب روان گردد تا کشت شود خضرا
بر جوی کنان تو هم ایثار کن این نان را
تا آب حیات آید تا زنده شود اجزا
ای مستمع این دم را غریدن سیلی دان
می‌غرد و می‌خواند جان را بسوی دریا
بستیم در دوزخ یعنی طمع خوردن
بگشای در جنت یعنی که دل روشن
بس خدمت خَر کردی بس کاه و جوش بُردی
در خدمت عیسی هم باید مددی کردن
گر خر نبدی آخر کی مسکن ما بودی
گردون کشدی ما را بر دیده و بر گردن
آن گنده بغل ما را سر زیر بغل دارد
کینه بکشیم آخر زان کوردل کودن
تا سفره و نان بینی کی جان و جهان بینی
رو جان و جهان را جو ای جان و جهان من
اینها همه رفت ای جان بنگر سوی محتاجان
بی‌برگ شدیم آخر چون گل زدی و بهمن
سیریم ازین خرمن زین گندم و زین ارزن
بی‌سنبله و میزان ای ماه تو کن خرمن
ماییم چو فراشان بگرفته طناب دل
تا خیمه زنیم امشب بر نرگس و بر سوسن
تا چند ازین کو کو چون فاختهٔ ره‌جو
می‌درد این عالم از شاهد سیمین تن
هر شاهد چون ماهی ره‌زن شده بر راهی
هر یک چو شهنشاهی هر یک ز دگر احسن
جان‌بخش و مترس ای جان بر بخل مچفس ای جان
مصباح فزون سوزی افزون دهدت روغن
شاهی و معالی جو خوش لست ابالی گو
از شیر بگیر این خو مردی نهٔ آخر زن
پا در ره پرخون نه رخ بر رخ مجنون نه
شمشیر وغا برکش کآمیخت اسد برکن
ای عیسی بگذشته خوش از فلک آتش
از چرخ فرو کن سر ما را سوی بالا کش
با خاک یکی بودم ز اقدام همی سودم
چون یک صفتم دادی شد خاک مرا مفرش
یک سرمه کشیدستی جان را تو درین پستی
کش چشم چو دریا شد هرچند که بود اخفش
بی‌مستی آن ساغر مستست دل و لاغر
بی‌سرمهٔ آن قیصر هر چشم بود اعمش
در بیشهٔ شیران رو تا صید کنی آهو
در مجلس سلطان رو وز بادهٔ سلطان چش
هر سوی یکی ساقی با بادهٔ راواقی
هر گوشه یکی مطرب شیرین ذقن و مه‌وش
از یار همی پرسی که عیدی و یا عرسی
یارب ز کجا داری این دبدبه و این کش
در شش جهة عالم آن شیر کجا گنجد
آن پنجهٔ شیرانه بیرون بود از هر شش
خورشید بسوزاند مه نیز کند خشکی
از وش علیهم دان این شعشعه و این رش
نوری که ذوق او جان مست ابد ماند
اندر نرسد وا خورشید تو در گردش
چون غرقم چون گویم اکنون صفت جیحون
تا بود سرم بیرون می‌گفت لبم خوش خوش
تا تو نشوی ماهی این شط نکند غرقت
جز گلبن اخضر را ره نیست درین مرعش
شرحی که بگفت این را آن خسرو بی‌همتا
چون گویی و چون جویی لا یکتب و لا ینقش
حد و اندازه ندارد ناله‌ها و آه را
چون نماید یوسف من از زنخ آن چاه را
راه هستی کس نبردی گرنه نور روی او
روشن و پیدا نکردی همچو روز آن راه را
چون مه ما را نباشد در دو عالم شبه و مثل
خاک بر فرق مشبه باد مر اشباه را
عشق او جاهم بس است در هر دو عالم پس دلم
می‌بروبد از سرای وهم خود هم جاه را
ماه اگر سجده نیارد پیش روی آن مهم
رو سیاه هر دو عالم دان تو روی ماه را
هیچ کس با صد بصیرت ذرهٔ نشناسدش
گرچه پیش شه نشیند چون نیابد شاه را
مر شقاوتهای دایم را درونم عاشقست
چون بدان میلست آن جان پرورد اخ واه را
بندگان بسیار آیند و روند بر درگهش
لیک آستان درش لازم بود درگاه را
آستانش چشم من شد جان من چون کاه گشت
کهربای عشقش رباید هر زمان آن کاه را
ای خداوند شمس دین ناگاه بخرام از سوی
کین دلم در خواب می‌بیند چنان ناگاه را
درنگر اندر رخ من تا ببینی خویش را
درنگر رخسار این دیوانهٔ بی‌خویش را
عشق من خالی و باقی را به زیر خاک کرد
آن گذشته یاد نارد ننگرد مر پیش را
تا ز موی او در آویزان شدست این جان من
فرق نکند این دل من نوش را و نیش را
ریش دلهای همه صحت پذیرد در نشان
گر ببیند ریش ایشان دولت این ریش را
صدقه کن وصل دلارام جهان امروز خود
آنچنان صدقات اولیتر چنین درویش را
گر نبیند روش ترسا بر درد زنار را
ور مسلمان بیندش آتش زند مر کیش را
وهم کی دارد ازان سوی جهان زو آگهی
کز تفکر جان بسوزد عقل دوراندیش را
گر گذر دارد ز لطفش سوی قهرستانها
پرشکر گردد دهان مر ترکش و ترکیش را
گر تو این معشوقه را با پیرهن گیری کنار
بی‌کنایت گو لقب تو آن رئیسی پیش را
آن خداوند شمس دین را جان بسی لابه کند
منتظر جان بر لب من از پی آریش را
ای دریغا که شب آمد همه گشتیم جدا
خنک آن را که به شب یار و رفیقست خدا
همه خفتند و فتادند به یک‌سو چو جماد
تو نخسپی هله ای شاه جهان مونس ما
هین مخسپید که شب شاه جهان بزم نهاد
می‌کشد تا به سحرگاه شما را که صلا
بر جهنده شده هر خفته ز جذب کرمش
چون گلستان ز صبا و بچه از ذوق صبا
شب نخوردی به سحر اشکم او پر بودی
مصطفی را و بگفتی که شدم ضیف رضا
کرده آماس ز استادن شب پای رسول
تا قبا چاک زدند از سهرش اهل قبا
نی که مستقبل و ماضی گنهت مغفورست
گفت کین جوشش عشق است نه از خوف و رجا
باد روحست که این خاک بدن را برداشت
خاک افتاد به شب چون شد ازو باد جدا
باد ازین خاک به شب نیز نمی‌دارد دست
عشقها دارد با خاک من این باد هوا
بی‌ثباتست یقین باد وفایش نبود
بی‌وفا را کند این عشق همه کان وفا
آن صفت کش طلبی سر به تکبر بکشد
عشق آرد بدمی در طلب و طال بقا
آدمی جوید پیوسته کش و پر هنری
عشق آید دهدش مستی و زیر و زبری
دل چون سنگ در آنست که گوهر گردد
عشق فارغ کندش از گهر و بی‌گهری
حرص خواهد که بشاهان کرم دربافد
لولیان چو ببیند شود او هم سفری
لولیانند درین شهر که دلها دزدند
چشم ازین خلق ببندی چو دریشان نگری
چشم مستش چو کند قصد شکار دل تو
دل نگه داری و سودت نکند چاره‌گری
عاشقانند ترا در کنف غیب نهان
گر تو، بینی نکنی، از غمشان بوی بری
آب خوش را چه خبر از حسرات تشنه
یوسفان را چه خبر از نمک و خوش پسری
سر و سرور چو که با تست چه سرگردانی
جان اندیشه چو با تست چه اندیشه دری
گر ترا دست دهد آن مه از دست روی
ور ترا راه زند آن پری ما بپری
چون ترا گرم کند شعشعهای خورشید
فارغ آیی ز رسالات نسیم سحری
ور سلامی شنوی از دو لب یوسف مصر
شکر اندر شکر اندر شکر اندر شکری
دزد اندیشهٔ بد را سوی زندان آرید
دست او سخت ببندید و به دیوان آرید
شحنهٔ عقل اگر مالش دزدان ندهد
شحنه را هم بکشانید و به سلطان ارید
تشنگان را بسوی آب صلایی بزنید
طوطیان را به کرم در شکرستان آرید
بزم عامست و شهنشاه چنین گفت که: « زود
ساقیان را همه در مجلس مستان آرید »
می‌رسد از چپ و از راست طبقهای نثار
نیم جانی چه بود جان فراوان آرید
هرچه آرید اگر مرده بود جان یابد
الله الله که همه رو به چنین جان آرید
دور اقبال رسید و لب دولت خندید
تا بکی دردسر و دیدهٔ گریان آرید
هرکی دل دارد آیینه کند آن دل را
آینه هدیه بدان یوسف کنعان آرید
بگشادند خزینه همه خلعت پوشید
مصطفی باز بیامد همه ایمان آرید
دستها را همه در دامن خورشید زنید
همه جمعیت ازان زلف پریشان آرید
اندرین ملحمه نصرت همه با تیغ خداست
از غنایم همه ابلیس مسلمان آرید
آنچ دیدی تو ز درد دلم افزود بیا
ای صنم زود بیا زود بیا زود بیا
سود و سرمایهٔ من گر رود باکی نیست
ای تو عمر من و سرمایهٔ هر سود بیا
مونس جان و دلم بی‌رخ تو صبری بود
آتشت صبر و قرارم همه بربود بیا
غرض از هجر گرت شادی دشمن بودست
دشمنم شاد شد و سخت بیاسود بیا
گوهر هردو جهان! گرچه چنین سنگ دلی
آب رحمت ز دل سنگ چو بگشود بیا
نالهای دل و جان را جز تو محرم نیست
ای دلم چون که و که را تو چو داود بیا
شمس تبریز! مگو هجر قضای ازلست
کانچ خواهی تو قضا نیز همان بود بیا
زخم عشق چو ویی را نبود هیچ رفو
صبر کن هیچ مگو هیچ مگو هیچ مگو
طلب خانه وی کن که همه عشق دروست
می‌دو امروز برین دربدر و کوی به کو
ای بسا شیر که آموختیش بز بازی
سوی بازار که برجه هله زیرک هله زو
آب خوبی همه در جوی تو آنگه گویی
بر در خانهٔ ما تخته منه جامه مشو
سیاهی غم ار شاد شوم معذورم
که ببردست از آن زلف سیه یک سر مو
روبرو می‌نگرم وقت ملامت بعذول
که دران خال نگر یک نظر ای جان عمو
شمس تبریز! چو در جوی تو غوطی خوردم
جامه گم کردم و خود نیست نشان از لب جو
ز اول روز که مخموری مستان باشد
ساغر عشق مرا بر سر دستان باشد
از پگه پیش رخ خوب تو رقاص شدیم
این چنین عادت خورشید پرستان باشد
لولی دیده بران زلف رسن می‌بازد
زانک جانبازی ازان روی بس آسان باشد
شکر تو من ز چه رو از بن دندان نکنم
کز لب تو شکرم در بن دندان باشد
ای عجب آن لب او تا چه دهد در دم صلح
چونک در خشم کمین بخشش او جان باشد
عدد ریگ بیابان اگرم باشد جان
بدهم گر بدهی بوسه چه ارزان باشد
شمس تبریز! به جز عشق ز من هیچ مجو
زان کسی داد سخن جو که سخن‌دان باشد
ای غم آخر علف دود تو کم نیست برو
عاشقانیم که ما را سر غم نیست برو
غم و اندیشه! برو روزی خود بیرون جو
روزی ما به جز از لطف و کرم نیست برو
شادی هردو جهان! در دل عشاق ازل
درمیا کین سر حد جای تو هم نیست برو
خفته‌ایم از خود و بیخود شده دیوانه ازو
دان که بر خفته و دیوانه قلم نیست برو
ای غم ار دم دهی از مصلحت آخر کار
دل پر آتش ما قابل دم نیست برو
علف غم به یقین عالم هستی باشد
جای آسایش ما جز که عدم نیست برو
شمس تبریز اگر بی‌کس و مفرد باشد
آفتابست ورا خیل و حشم نیست برو
ای ساقیان مشفق سودا فزود سودا
این زرد چهرگان را حمرا دهید حمرا
ای میر ساقیانم ای دستگیر جانم
هنگام کار آمد مردانه باش مولا
ای عقل و روح مستت آن چیست در دو دستت
پیش‌آر و در میان نه، پنهان مدار جانا
ای چرخ بی‌قرارت وی عقل در خمارت
بگشا دمی کنارت صفرام کرد صفرا
ای خواجهٔ فتوت دیباجهٔ نبوت
وی خسرو مروت پنهان منوش حلوا
خلوت ز ما گزیدی آیینه‌ای خریدی
تا جز تو کس نبیند آن چهره‌های زیبا
در هر مقام و مسکن مهر تو ساخت روزن
کز تو شوند روشن ای آفتاب سیما
ای نور چشم و دلها چون چشم پیشوایی
وی جان بیازموده کورا تو جانفزایی
هرجا که روی آورد جان روی در تو دارد
گرچه که می نداند ای جان که تو کجایی
هر جانبی که هستی در دعوت الستی
مستی دهی و هستی در جود و در عطایی
در دلنهی امانی هر سوش می‌کشانی
گه سوی بستگیها گه سوی دل گشایی
در کوی مستفیدی مرده‌ست ناامیدی
کاندر پناه کهفت سگ کرد اولیایی
هر کان طرف شتابد ماهت برو بتابد
هم ملک غیب یابد هم عقل مرتضایی
او را کسی چه گوید کو مستمند جوید
دامن پر از زر آید کدیه کند گدایی
گم می‌شود دل من چون شرح یار گویم
چون گم شوم ز خود من او را چگونه جویم
نه گویم و نه جویم محکوم دست اویم
ساقی ویست و باقی من جام یا کدویم
از تو شوم حریری گر خار و خارپشتم
یکتا شوم درین ره گر خود هزار تویم
روحی شوم چو عیسی گر یابم از تو بوسی
جان را دهم چو موسی گر سیب تو ببویم
من خانهٔ خرابم موقوف گنج حسنت
تو آب زندگانی من فرش تو چو جویم
خویی فراخ بودی با مردمان دلم را
تا غیر تو نگنجد امروز تنگ خویم
از نادری حسنت وز دقت خیالت
بی‌محرمی بمانده سودا و های هویم
مستی و عاشقی و جوانی و یار ما
نوروز و نوبهار و حمل می‌زند صلا
هرگز ندیده چشم جهان این چنین بهار
می‌روید از زمین و ز کهسار کیمیا
پهلوی هر درخت یکی حور نیکبخت
دزدیده می‌نماید اگر محرمی لقا
اشکوفه می‌خورد ز می روح طاس طاس
بنگر بسوی او که صلا می‌زند ترا
می خوردنش ندیدی اشکوفه‌اش ببین
شاباش ای شکوفه و ای باده مرحبا
سوسن به غنچه گوید: «برجه چه خفتهٔ
شمعست و شاهدست و شرابست و فتنها »
ریحان و لالها بگرفته پیالها
از کیست این عطا ز کی باشد جز از خدا
جز حق همه گدا و حزینند و رو ترش
عباس دبس در سر و بیرون چو اغنیا
کد کردن از گدا نبود شرط عاقلی
یک جرعه می‌بدیش بدی مست همچو ما
سنبل به گوش گل پنهان شکر کرد و گفت:
« هرگز مباد سایهٔ یزدان ز ما جدا
ما خرقها همه بفکندیم پارسال
جانها دریغ نیست چه جای دو سه قبا »
ای آنک کهنه دادی نک تازه باز گیر
کوری هر بخیل بداندیش ژاژخا
هر شه عمامه بخشد وین شاه عقل و سر
جانهاست بی‌شمار مر این شاه را عطا
ای صد هزار رحمت نو ز آسمان داد
هر لحظه بی‌دریغ بران روی خوب باد
آن رو که روی خوبان پرده و نقاب اوست
جمله فنا شوند چو آن رو کند گشاد
زهره چه رو نماید در فر آفتاب
پشه چه حمله آرد در پیش تندباد
ای شاد آن بهار که در وی نسیم تست
وی شاد آن مرید که باشی توش مراد
از عشق پیش دوست ببستم دمی کمر
آورد تاج زرین بر فرق من نهاد
آنکو برهنه گشت و به بحر تو غوطه خورد
چون پاک دل نباشد و پاکیزه اعتقاد
آن کز عنایت تو سلاح صلاح یافت
با این چنین صلاح چه غم دارد از فساد
هرکس که اعتماد کند بر وفای تو
پا برنهد به فضل برین بام بی‌عماد
مغفور ما تقدم و هم ما تأخرست
ایمن ز انقطاع و ز اعراض و ارتداد
سرسبز گشت عالم زیرا که میرآب
آخر زمانیان را آب حیات داد
بختی که قرن پیشین در خواب جسته‌اند
آخر زمانیان را کردست افتقاد
حلوا نه او خورد که بد انگشت او دراز
آنکس خورد که باشد مقبول کیقباد
دریای رحمتش ز پری موج می‌زند
هر لحظهٔ بغرد و گوید که: « یا عباد »
شب گشته بود و هرکس در خانه می‌دوید
ناگه نماز شام یکی صبح بردمید
جانی که جانها همگی سایهای اوست
آن جان بران پرورش جانها رسید
تا خلق را رهاند زین حبس و تنگنا
بر رخش زین نهاد و سبک تنگ برکشید
از بند و دام غم که گرفتست راه خلق
هردم گشایشیست و گشاینده ناپدید
بگشای سینه را که صبایی همی رسد
مرده حیات یابد و زنده شود قدید
باور نمی‌کنی بسوی باغ رو ببین
کان خاک جرعهٔ ز شراب صبا چشید
گر زانکه بر دل تو جفا قفل کرده‌ست
نک طبل می‌زنند که آمد ترا کلید
ور طعنه می‌زنند بر اومید عاشقان
دریا کجا شود به لب این سگان پلید
عیدیست صوفیان را وین طبلها گواه
ور طبل هم نباشد چه کم شود ز عید
بازار آخر آمد هین چه خریدهٔ
شاد آنک داد او شبهٔ گوهری خرید
بشناخت عیبهای متاع غرور را
بگزید عشق یار و عجایب دری گزید
نادر مثلثی که تو داری بخور حلال
خمخانهٔ ابد خنک آ، کاندرو خزید
هر لحظهٔ بهار نوست و عقار نو
جانش هزار بار چو گل جامها درید
بلبل سرمست برای خدا
مجلس گل بین و به منبر برآ
هین به غنیمت شمر این روز چند
زانک ندارد گل رعنا وفا
ای دم تو قوت عروسان باغ
فصل بهارست بزن الصلا
جان من و جان ترا پیش ازین
سابقهٔ بود که گشت آشنا
الفت امروز ازان سابقه‌ست
گرچه فراموش شد آنها ترا
سیر ببینیم رخ همدگر
ناشده ما از رخ و از تن جدا
تا بشناسیم دران حشر نو
چونک چنین بوقلمونیم ما
صورت یوسف به یکی جرم شد
صورت گرگی بر اهل هوا
از غرضی چون پنهان شد ز چشم
صورت آن خسرو شیرین لقا
پس چو مبدل شود آن صورتش
چونش شناسی تو بدین چشمها
یارب بنماش چنانک ویست
از حق درخواست چنین مصطفا
ای رخ تو حسرت ماه و پری
پر بگشادی به کجا می‌پری
هین گروی ده سره آنگه برو
رفتن تو نیست ز ما سرسری
زنده جهان ز آب حیات توست
مست قروی تو دل لاغری
خود چه بود خاک که در چرخ تست
این فلک روشن نیلوفری
زین بگذشتم به خدا راست گو
رخت ازین خانه کجا می‌بری
در دو جهان کار تو داری و بس
راست بگو تا بچه کار اندری
ور بنگویی تو گواهی دهد
چشم تو آن فتنه گر عبهری
جان چو دریای تو تنگ آمدست
زین وطن مختصر ششدری
چون نشوی سیر ازین آب شور
چونک امیر آب دو صد کوثری
رست ز پای تو به فضل خدا
بهر ره چرخ پر جعفری
شاعر تو دست دهان برنهاد
تا که کند شاه به خود شاعری
ای که ملک طوطی آن قندهات
کوزه‌گرم کوزه کنم از نبات
لیک فقیرم تو ز یاقوت خویش
وقت زکاتست مرا ده زکات
سابق خیری تو و خاصه کنون
موسم خیرست و اوان صلات
نک رمضان آمد و قدرست و عید
وز تو رسیدست در آن شب برات
در هوس بحر تو دارم لبی
کان نشود تر ز هزاران فرات
حبس دلم چاه زنخدان تست
کی طلبم زین چه و زندان نجات
عرض فلک دارد این قعر چاه
عرصهٔ او تیز نظر را کفات
صورت عشقی تو و بی‌صورتی
این عدد اندر صفت آمد نه ذات
هم تو بگو زانک سخنهای خلق
پیش کلام توبود ترهات
هم تو بگو ای شه نطع وجود
ای همه شاهان ز تو در بیت مات
چونک سه ترجیع بگفتم بده
تا عربی گویم یا سعد هات
باز این دل سرمستم دیوانهٔ آن بندست
دیوانه کسی باشد، کو بی‌دل و پیوندست
سرمست کسی باشد، کو خود خبرش نبود
عارف دل ما باشد، کو بی عدد و چندست
در حلقهٔ آن سلطان، در حلقه نگینم من
ای کور بمن بنگر، من وردم و شه قندست
نه از خاکم و نه از بادم، نه از آتش و نه از آبم
آن چیز شدم کلی، کو بر همه سوگندست
من عیسی آن ماهم، کز چرخ گذر کردم
من موسی سرمستم،کالله درین ژنده‌ست
دیوانه و سرمستم، هم جام تن اشکستم
من پند بنپذیرم، چه جای مرا پندست؟
من صوفی چرا باشم؟ چون رند خراباتم
من جام چرا نوشم؟ با جام که خرسندست؟
من قطره چرا باشم؟ چون غرق در آن بحرم
من مرده چرا باشم؟ چون جان ودلم زندست
تن خفت درین گلخن جان رفت دران گلشن
من بودم و بی‌جایی، وین نای که نالندست
بازآمدم از سلطان با طبل و علم، فرمان
سرمست و غزل‌گویان، اسرار ازل جویان
باز این دل دیوانه زنجیر همی برد
چون برق همی رخشد، مانند اسد غران
چون تیر همی پرد از قوس تنم، جانم
چون ماه دلم تابان، از کنگرهٔ میزان
جان یوسف کنعانست، افتاده به چاه تن
دل بلبل بستانست، افتاده درین ویران
می‌افتم و می‌خیزم چون یاسمن از مستی
می‌غلطم در میدان چون گوی از آن چوگان
سلطان سلاطینم، هم آنم و هم اینم
من خازن سلطانم، پر گوهرم و مرجان
پهلوی شهنشاهم، هم بنده و هم شاهم
جبریل کجا گنجد آنجا که من و یزدان؟!
تو حلق همی دری از خوردن خون خلق
ور دلق همی پوشی، مانند سگ عریان
در آخر آن گاوان، آخر چه کنی مسکن؟!
مسکین شو و قربان شو، در طوی چنان خاقان
امروز منم احمد، نی احمد پارینه
امروز منم سیمرغ، نی مرغک هرچینه
شاهی که همه شاهان، خربندهٔ آن شاهند
امروز من آن شاهم، نی شاه پریرینه
از شربت اللهی، وز شرب اناالحقی
هریک به قدح خوردند، من با خم و قنینه
من قبلهٔ جانهاام، من کعبهٔ دلهاام
من مسجد آن عرشم، نی مسجد آدینه
من آینهٔ صافم، نی آینهٔ تیره
من سینهٔ سیناام، نی سینهٔ پرکینه
من مست ابد باشم، نی مست ز باغ و رز
من لقمهٔ جان نوشم، نی لقمهٔ ترخینه
گر باز چنان اوجی، کو بال و پر شاهی؟!
ور خرس نهٔ ، چونی با صورت بوزینه؟!
ای آنکه چو زر گشتی از حسرت سیمین بر
زر عاشق رنگ من تو عاشق زرینه
در خانقه عالم، در مدرسهٔ دنیا
من صوفی دل صافم، نی صوفی پشمینه
هست کسی کو چو من اشکار نیست
هست کسی کو تلف یار نیست؟
هست سری کو چو سرم مست نیست؟
هست دلی کو چو دلم زار نیست؟
مختلف آمد همه کار جهان
لیک همه جز که یکی کار نیست
غرقهٔ دل دان و طلب کار دل
آنک گله کرد که دلدار نیست
گرد جهان جستم اغیار من
گشت یقینم که کس اغیار نیست
مشتریان جمله یکی مشتریست
جز که یکی رستهٔ بازار نیست
ماهیت گلشن آنکس که دید
کشف شد او را که یکی خار نیست
خنب ز یخ بود و درو کردم آب
شد همه آب و زخم آثار نیست
جمله جهان لایتجزی بدست
چنگ جهان را جز یک تار نیست
وسوسهٔ این عدد و این خلاف
جز که فریبنده و غرار نیست
هست درین گفت تناقض ولیک
از طرف دیده و دیدار نیست
نقطه دل بی‌عدد و گردش است
گفت زبان جز تک پرگار نیست
طاقت و بی‌طاقتی آمد یکی
پیش مرا طاقت گفتار نیست
مست شدی سر بنه اینجا، مرو
زانکه گلست و ره هموار نیست
مست دگر از تو بدزدد کمر
جز تو مپندار که طرار نیست
بار دگر یوسف خوبان رسید
سلسلهٔ صد چو زلیخا کشید
جامه درد ماه ازین دستگاه
نعره زند چرخ که هل من مزید
جملهٔ دنیا نمکستان شدست
تا که یکی گردد پاک و پلید
بار دگر عقل قلمها شکست
بار دگر عشق گریبان درید
کرد زلیخا که نکردت کس
بنده خداوندهٔ خود را خرید
مست شدی بوسه همی بایدت
بوسه بران لب ده، کان می‌چشید
سخت خوشی، چشم بدت دور باد
ای خنک آن چشم که روی تو دید
دیدن روی تو بسی نادرست
ای خنک آن، گوش که نامت شنید
شعشعهٔ جام تو عالم گرفت
ولولهٔ صبح قیامت دمید
عقل نیابند به دارو، دگر
عقل ازین حیرت شد ناپدید
باز نیاید، بدود تا هدف
تیر چو از قوس مجاهد جهید
هدهد جان چون بجهد از قفس
می‌پرد از عشق به عرش مجید
تیغ و کفن می‌برد و می‌رود
روح سوی قیصر و قصرمشید
رسته ز اندیشه که دل می‌فشرد
جسته ز هر خار که پا می‌خلید
چرخ ازو چرخ زد و گفت ماه
منک لنا کل غد الف عید
این بخورد جام دگر آرمش
بارد و هشیار بنگذارمش
از عدمش من بخریدم به زر
بی می و بی‌مایده کی دارمش؟
شیره و شیرین بدهم رایگان
لیک چو انگور نیفشارمش
همچو سر خویش همی پوشمش
همچو سر خویش همی خارمش
روح منست و فرج روح من
دشمن و بیگانه نینگارمش
چون زنم او را؟! که ز مهر و ز عشق
گفتن گستاخ نمی‌یارمش
گر برمد کبکبهٔ چار طبع
من عوض و نایب هر چارمش
من به سفر یار و قلاووزمش
من به سحر ساقی و خمارمش
تا چه کند لکلکهٔ زر و سیم
که تو بگویی که: « گرفتارمش »
او چو ز گفتار ببندد دهن
از جهت ترجمه گفتارمش
ور دل او گرم شود از ملال
مروحه و باد سبکسارمش
ور بسوی غیب نظر خواهد او
آینهٔ دیدهٔ دیدارمش
ور به زمین آید چون بوتراب
جمله زمین لاله و گل کارمش
ور بسوی روضهٔ جانها رود
یاسمن و سبزه و گلزارمش
شد سحر ای ساقی ما نوش، نوش
ای ز رخت در دل ما جوش، جوش
بادهٔ حمرای تو همچون پلنگ
گرگ غم اندر کف او موش، موش
چونک برآید به قصور دماغ
افتد از بام نگون هوش، هوش
چونک کشد گوش خرد سوی خود
گوید از درد خرد: « گوش، گوش »
گوش او: خیز، به جان سجده کن
در قدم این قمر می فروش
گفت: کی آمد که ندیدم منش
گفت که: تو خفته بودی دوش دوش
عاشق آید بر معشوقه مست
که نبرد بوی از آن شوش شوش
عشق سوی غیب زند نعرها
بر حس حیوان نزند آن، خروش
شهر پر از بانگ خر و گاو شد
بر سر که باشد بانگ وحوش
ترک سوارست برین یک قدح
ساغر دیگر جهة قوش، قوش
چونک شدی پر ز می لایزال
هیچ نبینی قدحی بوش، بوش
جمله جمادات سلامت کنند
راز بگویند چو خویش، و چو توش
روح چو ز مهر کنارت گرفت
روح شود پیش تو جمله نقوش
نوبت آن شد که زنم چرخ من
عشق عزل گوید بی روی پوش
همچو گل سرخ سواری کند
جمله ریاحین پی او چون جیوش
بیا، که باز جانها را شهنشه باز می‌خواند
بیا، که گله را چوپان بسوی دشت می‌راند
بهارست و همه ترکان بسوی پیله رو کرده
که وقت آمد که از قشلق بییلا رخت گرداند
مده مر گوسفندان را گیاه و برگ پارینه
که باغ و بیشه می‌خندد، که برگ تازه افشاند
بیایید ای درختانی که دیتان حلها بستد
بهار عدل بازآمد، کزو انصاف بستاند
صلا زد هدهد و قمری که خندان شود دگر مگری
که بازآمد سلیمانی که موری را نرنجاند
صلا زد نادی دولت که عالم گشت چون جنت
بیا، کاین شکل و این صورت به لطف یار می‌ماند
دم سرد زمستانی سرشک ابر نیسانی
پی این بود، می‌دانی، که عالم را بخنداند
قماشه سوی بستان بر، که گل خندید و نیلوفر
بود کانجا بود دلبر، سعادت را کی می‌داند؟!
یقین آنجاست آن جانان، امیر چشمهٔ حیوان
که باغ مرده شد زنده، و جان بخشیدن او تاند
چو اندر گلستان آید، گل و گلبن سجود آرد
چو در شکرستان آید، قصب بر قند پیچاند
درختان همچو یعقوبان، بدیده یوسف خود را
که هر مهجور را آخر ز هجران صبر برهاند
بهارست آن بهارست آن، و یا روی نگارست آن
درخت از باد می‌رقصد که چون من بی‌قرارست آن
زهی جمع پری زادان، زهی گلزار آبادان
چنین خندان چنین شادان، ز لطف کردگارست آن
عجب باغ ضمیرست آن، مزاج شهد و شیرست آن
و یا در مغز هر نغزی، شراب بی‌خمارست آن
نهان سر در گریبانی، دهان غنچه خندانی
چرا پنهان همی خندد؟ مگر از بیم خارست آن
همه تن دیده شد نرگس، دهان سوسنست اخرس
که خامش کن، ز گفتن بس! که وقت اعتبارست آن
بکه بر لاله چون مجنون، جگر سوزیده دل پرخون
ز عشق دلبر موزون، که چون گل خوش عذارست آن
بخوری می‌کند ریحان، که هنگام وصال آمد
چناران دست بگشاده، که هنگام کنارست آن
حقایق جان عشق آمد، که دریا را درآشامد
که استسقای حق دارد، که تشنه شهریارست آن
زهی عشق مظفر فر، که چون آمد قمار اندر
دو عالم باخت و جان بر سر، هنوز اندر قمارست آن
درونش روضه و بستان، بهار سبز بی‌پایان
فراغت نیست خود او را، که از بیرون بهارست آن
بیا ای عشق سلطان وش، دگر باره چه آوردی؟
که بر و بحر از جودت، بدزدیده جوامردی
خرامان مست می‌آیی، قدح در دست می‌آیی
که صافان همه عالم، غلام آن یکی دردی
کمینه جام تو دریا، کمینه مهره‌ات جوزا
کمینه پشه‌ات عنقا، کمینه پیشه‌ات مردی
ز رنجوری چه دلشادم! که تو بیمار پرس آیی
ز صحت نیک رنجورم، که در صحت لقا بردی
بیا ای عشق بی‌صورت، چه صورتهای خوش داری
که من دنگم در آن رنگی، که نی سرخست و نه زردی
چو صورت اندر آیی تو، چه خوب و جان‌فزایی تو
چو صورت را بیندازی، همان عشقی، همان فردی
بهار دل نه از تری، خزان دل نه از خشکی
نه تابستانش از گرمی، زمستانش نه از سردی
مبارک آن دمی کایی، مرا گویی ز یکتایی:
« من آن تو تو آن من، چرا غمگین و پر دردی؟ »
ترا ای عشق چون شیری، نباشد عیب خون‌خواری
که گوید شیر را هرگز : « چه شیری تو که خونخواری؟ »
به هر دم گویدت جانها: «حلالت باد خون ما
که خون هر کرا خوردی، خوشش حی ابد کردی »
فلک گردان بدرگاهت، ز بیم فرقت ماهت
همی گردد فلک ترسان، کزو ناگاه برگردی
بیا، مگریز شیران را، گریزانی بود خامی
بگو: «نار ولا عار » که مردن به ز بدنامی
چو حلهٔ سبز پوشیدند عامهٔ باغ، آمد گل
قبا را سرخ کرد از خون ز ننگ کسوهٔ عامی
لباس لاله نادرتر، که اسود دارد و احمر
گریبانش بود شمسی، و دامانش بود شامی
دهان بگشاد بلبل گفت به غنچه که: « ای دهان بسته »
بگفتش: «بستگی منگر، توبنگر باده‌آشامی »
جوابش گفت بلبل: « هی، اگر می‌خوارهٔ پس می
کند آزاد مستان را تو چون پابست این دامی؟! »
جوابش داد غنچه، تو ز پا و سر خبر داری
تو در دام خبرهایی، چو در تاریخ ایامی
بگفتا: زان خبر دارم، که من پیغامبر یارم»
بگفت: « ار عارف یاری، چرا دربند پیغامی؟ »
بگفتش : « بشنو اسرارم، که من سرمست و هشیارم
چو من محو دلارامم، ازو دان این دلارامی »
نه این مستی چو مستی‌ها، نه این هش مثل آن هشها
که آن سایه‌ست و این خورشید و آن پستست و این سامی
اگر بر عقل عالمیان ازین مستی چکد جرعه
نه عالم ماند و آدم، نه مجبوری نه خودکامی
گهی از چشم او مستم، گهی در قند او غرقم
دلا با خویش آی آخر میان قند و بادامی
مرا گوید: « بیا، بوری، که من باغم تو زنبوری
که تا خونت عسل گردد، که تا مومت شود نوری
ز زنبوران باغ جان ، جهان پر شهد و شمع آمد
ز شمع و شهد نگریزی، اگر تو اهل این سوری
مخور از باغ بیگانه، که فاسد گردد آن شهدت
مبین زنبور بیگانه، که او خصمست و تو عوری »
زهی حسنی که می‌گیرد چنین زشت از چنان خوبی
زهی نوری درین دیده، ز خورشید بدان دوری
دلا می‌ساز با خارش، که گلزارش همی گوید:
« اگرچه مشک بی‌حدم، نباشد وصل کافوری »
چه مرد شرم و ناموسی؟! چو مجنون فاش باید شد
چنان مستور را هرگز نیابد کس به مستوری
چو جان با توست، نعمتها ز گردون بر زمین روید
وگر باشی تو بر گردون چو جانت نیست در گوری
سرافیلست جان تو، کز آوازش شوی زنده
تهی کن نای قالب را که اسرافیل را صوری
هزاران دشمن و ره‌زن، برای آن پدید آمد
که تا چون جان بری زیشان بدانی کز کی منصوری
نظرها را نمی‌یابی، و ناظر را نمی‌بینی
چه محرومی ازین هردو، چو تو محبوس منظوری
ز نور عقل کل عقلم چنان دنگ آمد و خیره
کزان معزول گشت افیون، و بنگ و بادهٔ شیره
چو آمد کوس سلطانی، چه باشد کاس شیطانی؟!
چو آمد مادر مشفق چه باشد مهر ماریره؟
چه فضل و علم گرد آرم؟ چو رو در عشق او آرم
به بصره چو کشم خرما؟! به کرمان چون برم زیره ؟
هزاران فاضل و دانا، غلام چشم یک بینا
کمینه شیر را بینی به گاو و پیل بر، چیره
زهی خورشید جان‌افزا که یک تابش چو شد پیدا
هزاران جان انسانی برویید از گل تیره
بدین خورشید هر سایه، که اهل اقتدا آمد
چو سایه پست گشت از غم، برای فوت تکبیره
رهست از عقرب اعشی، بسوی عقرب گردون
ولی مکه کسی بیند، که نبود بستهٔ خیره
امیر حاج عشق آمد، رسول کعبهٔ دولت
رهاند مر ترا در ره، ز هر شریر و شریره
چه با برگم از آن خرما، که مریم چشم روشن شد
کزان خرمان شدم پر دل ندارم عشق انجیره
جهان پیر برنا شد، ز عشق این جوانبختان
زهی چرخ و زمین خوش، که آن پیرست و این تیره
مجو لفظ درست از ما، دل اشکسته جو اینجا
چو هر لفظش ادیب آمد، ادیبی تا شود طیره
بیا ای موسیی کز کف عصا سازی تو افعی را
به فرعونان خود بنما کرامت‌های موسی را
به یکدم ای بهار جان، کنی سرسبز عالم را
ببخشی میوهٔ معنی درخت خشک دعوی را
بده هر میوه را بویی، روان کن هر طرف جویی
به اشکوفه بکن خندان درخت سرو و طوبی را
همه حوران بستان را، از آن انهار خمر اینجا
چنان سرمست و بی‌خود کن، که نشاسند ماوی را
چه صورت‌های روحانی نگاریدی به پنهانی
که در جنبش درآوردند صورتهای مانی را
شهیدان ریاحین را که دی در خون ایشان شد
برآوردی و جان دادی نمودی حشر و انشی را
بپوشیدند توزیها ازان رزاق روزیها
زبان سبز هر برگی تقاضا کرده اجری را
ز هر شاخی یکی مرغی، بگوید سرنبشت ما
کی خواهد مرد امسال او، کی خواهد خورد دنیا را
مگر گل فهم این دارد، که سرخ و زرد می‌گردد
چو برگ آن شاخ می‌لرزد مگر دریافت معنی را
بسوزید آتش تقوی جهان ما سوی الله را
بزد برقی ز الله و بسوزانید تقوی را
زان بادهٔ صوفی بود از جام، مجرد
کز غایت مستی ز کفش جام بیفتد
در حالت مستی چو دل و هوش نگنجید
پس نیست عجیب گر قدح و جام نگنجد
اول سبقت بود « الف هیچ ندارد »
زان پیش رو افتاد و سپهدار و مؤید
« حی » نیز اگر هیچ ندارد، چو الف نیز
در صورت جیم آمد، و جیمست مقید
میم از الف و هاست مرکب بنبشتن
ترکیب بود علت بر هستی مفرد
پس بزم رسول آمد بی‌ساغر و بی‌جام
تا جمع به خود باشد هستی محمد
بام فلک از استن و دیوار چو تنهاست
هر بام درافتاده و آن بام مشبد
بالاتر ازین چرخ کهن عالم لطفیست
کارواح در آ، ناحیه مانند، مجدد
عریان شدهٔ بر لب این جوی، پی غسل
نی جوی نماید به نظر صرح ممرد
آن دیو و پری ساخته از پی تغلیط
تا شیشه نماید به نظر آب مسرد
از مکر گریزان شو و در وکر رضا رو
تا زنده شوی فارغ از انفاس معدد
من دم نزنم، لیک دم نحن نفحنا
در من بدمد، ناله رسد تا به ثریا
این نای تنم را چو ببرید و تراشید
از سوی نیستان عدم عز تعالا
دل یکسر نی بود و دهان یکسر دیگر
آن سر ز لب عشق همی بود شکرخا
چون از دم او پر شد و از دو لب او مست
تنگ آمد و مستانه، برآورد علالا
والله ز می آن دو لب ار کوه بنوشد
چون ریگ شود کوه، ز آسیب تجلا
نی پردهٔ لب بود که گر لب بگشاید
نی چرخ فلک ماند و نی زیر و نه بالا
آواز ده اندر عدم ای نای و نظر کن
صد لیلی و مجنون و دو صد وامق و عذرا
بگشاید هر ذره دهان گوید: « شاباش »
وندر دل هر ذره حقیر آید صحرا
زود از حبش تن بسوی روم جنان رو
تا برکشدت قیصر، بر قصر معلا
اینجای نه آنجاست که اینجا بتوان بود
هی، جای خوشی جوی و درآ در صف هیجا
هین، وقت جهادست و گه حملهٔ مردان
صفرا مکن و درشکن از حمله تو، صف را
آن مطرب خوش نغمهٔ شیرین دهن آمد
جانها همه مستند که آن، جان به من آمد
خندان شده اشکوفه و گل جامه دریده
کز سوی عدم سنبله و یاسمن آمد
جانهای گلستان به دم دی بپریدند
هنگام بهاران شد، و هر جان به تن آمد
خوبان برسیدند ز بتخانهٔ غیبی
کوری خزانی که بخو، بت‌شکن آمد
چون صبر گزیدند بدی جمله درختان
آن هجر چو چاهست و صبوری رسن آمد
چون صبر گزید آیس، آمد فرجش زود
چون خلق حسن کرد، نگار حسن آمد
در عید بهار، ابر برافشاند گلابی
وان رعد بران اوج هوا، طبل زن آمد
یک باغ پر از شاهد، نی ترک و نه رومی
کندر حجب غیب، هزاران ختن آمد
بس جان که چو یوسف به چه مهلکه افتاد
پنداشت که گم گشت خود او در وطن آمد
زیرا که ره آب خضر مظلم و تاریست
آخر ز ره خار، گل اندر چمن آمد
خامش کن، اگرچه که غزل اغلب باقیست
تا شاه بگوید، چو درین انجمن آمد
پیکان آسمان که به اسرار ما درند
ما را کشان کشان به سماوات می‌برند
روحانیان ز عرش رسیدند، بنگرید
کز فر آفتاب سعادت، چه با فرند!
ما سایه‌وار در پی ایشان روان شویم
تا سایها ز چشمهٔ خورشید برخورند
زیرا که آفتاب پرستند، سایها
چون او مسافر آمد، اینها مسافرند
از عقل اولست در اندیشه عقلها
تدبیر عقل اوست که اینها مدبرند
اول بکاشت دانه و آخر درخت شد
نی، چشم باز کن، که نه اول نه آخرند
خورشید شمس دین که نه شرقی نه غربی است
پس سیر سایهاش در افلاک دیگرند
مردان سفر کنند در آفاق، همچو دل
نی بستهٔ منازل و پالان و استرند
از آفتاب، آب و گل ما چو دل شدست
اجزای ما چو دل ز بر چرخ می‌پرند
خود چرخ چیست تا دل ما آن طرف رود؟!
این جسم و جان و دل همه مقرون دلبرند
لب خشک بود و چشم تر، از درد آن فراق
اکنون ز فر وصل نه خشکند و نه ترند
رفتند و آمدند به مقصود، و دیگران
در آب و گل چو آب و گل خود مکدرند
بیرون ز چار طبع بود طبع عاشقی
از چار و پنج و هفت، دو صد ساله برترند
رو سوی آسمان حقایق بدان رهی
کان سوی راه رو نه پیاده‌ست نه سوار
بر گرد گرد عشق، خود او را کجاست گرد؟
می‌تاز گرم و روشن و خوش، آفتاب‌وار
تقلید چون عصاست بدستت در این سفر
وز فر ره عصات شود تیغ ذوالفقار
موسی برد عصا، و بجوشید آب خوش
آن ذوالفقار بود، ازان بود آبدار
امروز دل درآمد بی‌دست و پا ، چو چرخ
از بادهای لعل برفته ز سر خمار
گفتم: « دلا چه بود که گستاخ می‌روی؟ »
گفتا: « شراب داد مرا یار برنهار
امروز شیر گیرم، و بر شیر نر زنم
زیرا که مست آمدم از سوی مرغزار
در مرغزار چرخ که ثورست با اسد
یک آتشی زنم که بسوزد در آن شرار
سنگست و آهنست به تخلیق کاف و نون
حراقه‌ایست کون و عدم در ستاره‌بار
استارهای سعد جهد سوی عاشقان
حراقه‌شان شودز ستاره چو صد نگار
استارهای نحس، به نحسان سعدرو
در وقت وعده چون گل و وقت وفا چو خار
قومی اگر ز سعد و ز نحسش گذشته‌اند
همچون ستاره مجو، به خورشید حسن یار
نی خوف و نی رجا و نی هجران و نی وصال
نی غصه نی سرور، نی پنهان نه آشکار
از عقل و عشق و روح مثلث شدست راست
هر زخم را چو مرهم و هر درد را دواست
در مغز علتیست اگر این مثلثم
خورد و گران نشد که نه در خورد این عطاست
از جام آفتاب حقایق بهر زمان
خارا عقیق و لعل شد، و خاک بانواست
آن لعل نی که از رخ خود بی‌خبر بود
نی آن عقیق کو بر تحقیق کهرباست
آن لعل کو چو بعل حریفست و با نشاط
وین شاه با عروس نه جفتست و نه جداست
بندهٔ خداست خاص ولیکن چو بنده مرد
لا گشت بنده و سپس لا همه خداست
بس جهد کرد عقل کزین نفی بو برد
بویی نبرد عقل همه جهد او هباست
آن هست بوی برد، که او نیست شد تمام
آن را بقا رسید که کلی او فناست
در حسن کبریا چو فنا گشت از وجود
موجود مطلق آمد و بی‌کبر و بی‌ریاست
وصف بشر نماند چو وصف خدا رسید
کان آفتاب نیر و این شعلهٔ سهاست
آیینهٔ جمال الهیست روح او
در بزم عشق جسمش جام جهان نماست
زین جام هرکه بادهٔ اسرار درکشید
محو وصال دلبر و مستغرق لقاست
هر مس چو کیمیا شود از نور ذوالجلال
این بوالعجب صناعت و این طرفه کیمیاست
ای قد و بالای تو حسرت سرو بلند
خنده نمی‌آیدت، بهر دل من بخند
ای ز تو عالم بجوش، لطف کن، ارزان فروش
خندهٔ‌شیرین نوش راست بفرما، بچند؟
خنده زند آفتاب، گیرد عالم خضاب
صدمه وصد آفتاب خنده ز تو می‌برند
لاله و گلبرگها، عکس تو آمد، مها
نیشکر از قند تو، پر شده بین بند بند
طلعتت ای آفتاب، تیغ طرب برکشید
گردن تلخی بزد، بیخ غم و غصه کند
دور قمر درگذشت، زهرء زهرا رسید
گشت جهان گلستان، خار ندارد گزند
بزم ابد می‌نهد، شه جهت عاشقان
نعل زرین می‌زند، بهر سم هر سمند
این همه بگذشت نیز، پیشتر آ ای عزیز
پیش لب نوش تو حلقه بگوش است قند
پیشتر آ پیشتر، تا بدهم جان وسر
تا شکفد همچو گل، روی زمین نژند
ما و حریفان خوشیم، ساغر حق می‌کشیم
از جهت چشم بد، آتش و مشتی سپند
بوی وصالت رسید، روضهٔ رضوان دمید
صلح کن « الصلح خیر » کوری دیو لوند
شاه هم از بامداد، سرخوش و سرمست خاست
طبل به خود می‌زند، در دل او تا چهاست
منتظرست آسمان، تا چه کند قهرمان
هرچه کند گو بکن، هرچه کند جان ماست
هر نفسی روضهٔ، از تو به پیش دلست
حاتم طی با سخاش، طی شد اگر این سخاست
ای چو درخت بلند، قبلهٔ هر دردمند
برگ و برش خیره کن، شاخ ترش باوفاست
یک نفری بخت ور از تو خوش و میوه خور
یک نفری خیره‌سر گشته که آخر کجاست
چشم بمالید تا خواب جهد از شما
کشف شود کان درخت پهلوی فکر شماست
فکرتها چشمهاست گشته روان زان درخت
پاک کن از جو وحل، کاب ازو بی‌صفاست
آب اگر منکر چشمهٔ خود می‌شود
خاک سیه بر سرش باد، کهبس ژاژخاست
ای طمع ژاژخا، گنده‌تر از گندنا
تات نگیرد بلا، هیچ نگویی خداست
خر ز زدن گشت فرد، کژروی آغاز کرد
راه رها کرد و رفت آن طرفی که گیاست
آن طرفی که گیاست امن و امان از کجاست؟
غره به سبزی مشو، گرگ سیه در قفاست
ای ز در رحمتت هر نفسی نعمتی
زان همه رحمت، فرست جانب ما رحمتی
ای به خرابات تو، جام مراعات تو
داده بهر ذرهٔ نوع دگر عشرتی
هر نفسی روح نو، بنهد در مردهٔ
هر نفسی راح نو، بخشد بی‌مهلتی
خنب تو آمد بجوش، جوش کند نای و نوش
جان سر و پا گم کند چون بخورد شربتی
عفو کن از جام مست خنب و سبو گر شکست
مست شد، و مست را چون نفتد زلتی؟!
قاعدهٔ خوش نهاد، در طرب و در گشاد
چشم بدش دور باد والله خوش سنتی
بوی تو ای رشک باغ، چون بزند بر دماغ
پر شود از راح روح، بی‌گره و علتی
روح و ملک مست شد از می پوشیدهٔ
چرخ فلک پست شد از پنهان صورتی
بلبلهٔ پر زمی می‌رسدم هر دمی
عربده می‌آورم عشق تو هر ساعتی
آنک ره دین بود، پر ز ریاحین بود
هر قدمی گلشنی، هر طرفی جنتی
خط سقبنا بکش بر رخ هر مست خوش
تا که بدانند کو غرقه شد از لذتی
ای یار گرم دار، و دلارام گرم دار
پیش‌آ، به دست خویش سر بندگان بخار
خاک تویم و تشنهٔ آب و نبات تو
در خاک خویش تخم سخا و وفا بکار
تا بردمد ز سینه و پهنای این زمین
آن سبزهای نادر و گلهای پرنگار
وز هر چهی برآید از عکس روی تو
سرمست یوسفی قمرین روی خوش عذار
این قصه را رها کن تا نوبتی دگر
پیغام نو رسید، پیش‌آ و گوش دار
پیری سوی من، آمد شاخ گلی به دست
گفتم که: « از کجاست » بگفتا: « از آن دیار »
گفتم: « از آن بهار به دنیا نشانه نیست
کاینجا یکی گلست و دوصد گونه زخم خار »
گفتا: « نشانه هست، ولیکن تو خیرهٔ
کانکس که بنگ خورد، دهد مغز او دوار
ز اندیشه و خیال فرو روب سینه را
سبزک بنه ز دست، و نظر کن به سبزه‌زار
گر تو شراب باره و نری و اوستاد
چون گل مباش، کو قدحی خورد و اوفتاد
چون دوزخی درآی و بخور هفت بحر را
تا ساقیت بگوید که: « ای شاه، نوش باد»
گر گوهریست مرد، بود بحر ساغرش
دنیا چو لقمهٔ شودش، چون دهان گشاد
دنیا چو لقمه‌ایست، ولیکن نه بر مگس
بر آدمست لقمه، بر آنکس کزو بزاد
آدم مگس نزاید، تو هم مگس مباش
جمشید باش و خسرو و سلطان و کیقباد
چون مست نیستم نمکی نیست در سخن
زیرا تکلفست و ادیبی و اجتهاد
اما دهان مست چو زنبور خانه‌ایست
زنبور جوش کرد، بهر سوی بی‌مراد
زنبورهای مست و خراب از دهان شهد
با نوش و نیش خود، شده پران میان باد
یعنی که ما ز خانهٔ شش گوشه رسته‌ایم
زان خسروی که شربت شیرین به نحل داد
پیش آر جام لعل، تو ای جان جان ما
ما از کجا حکایت بسیار از کجا!
بگشاد و دست خویش، کمر کن بگرد من
جام بقا بیاور و برکن ز من قبا
صد جام درکشیدی و بر لب زدی کلوخ
لیکن دو چشم مست تو در می‌دهد صلا
آن می که بوی او بدو فرسنگ می‌رسد
پنهان همی کنیش؟! تو دانی، بکن هلا
از من نهان مدار، تو دانی و دیگران
زیرا که بندهٔ توم، آنگاه با وفا
این خود نشانه‌ایست، نهان کی شود شراب؟
پیدا شود نشانش بر روی و در قفا
بر اشتری نشینی و سر را فرو کشی
در شهر می‌روی، که مبینید مر مرا
تو آنچنانک دانی و آن اشتر تو مست
عف عف همی کند که ببینید هر دو را
بازار را بهل سوی گلزار ران شتر
کانجاست جای مستان، هم جنس و هم سرا
بیار آن می که ما را تو بدان بفریفتی ز اول
که جان را می‌کند فارغ ز هر ماضی و مستقبل
بپوشد از نقش رویم، به شادی حلهٔ اطلس
بجوشد مهر در جانم مثال شیر در مرجل
روان کن کشتی جان را، دران دریای پر گوهر
که چون ساکن بود کشتی، ز علتها شود مختل
روان شو تا که جان گوید: روانت شاد باد و خوش
میان آب حیوانی که باشد خضر را منهل
چه ساغرها که پیونده به جان محنت آگنده
اگر نفریبدش ساقی به ساغرهای مستعجل
توی عمر جوان من، توی معمار جان من
که بی‌تدبیر تو جانها بود ویران و مستأصل
خیالستان اندیشه مدد از روح تو دارد
چنان کز دور افلاکست این اشکال در اسفل
فلکهاییست روحانی، به جز افلاک کیوانی
کز آنجا نزلها گردد، در ابراج فلک منزل
مددها برج خاکی را، عطاها برج آبی را
تپشها برج آتش را، ز وهابی بود اکمل
مثال برج این حسها که پر ادراکها آمد
ز حس نبود، بود از جان و برق عقل مستعقل
خمش کن، آب معنی را بدلو معنوی برکش
که معنی در نمی‌گنجد درین الفاظ مستعمل
بیار آن می، که غم جان را بپخسانید در غوغا
بیار آن می که سودا را دوایی نیست جز حمرا
پر و بالم ز جادویی گره بستست سر تا سر
شراب لعل پیش آر و گره از پر من بگشا
منم چون چرخ گردنده که خورشیدست جان من
یکی کشتی پر رختم که پای من بود دریا
به صد لطفم همی جویی، به صد رمزم همی خوانی
بهر دم می‌کشی گوشم که ای پس‌مانده، هی پیش‌آ
ندیدم هیچ مرغی من که بی‌پری برون پرد
ندیدم هیچ کشتی من که بی‌آبی رود عمدا
مگر صنع غریب تو، که تو بس نادرستانی
که در بحر عدم سازی بهر جانب یکی مینا
درون سینه چون عیسی نگاری بی‌پدر صورت
که ماند چون خری بر یخ ز فهمش بوعلی سینا
عجایب صورتی شیرین، نمکهای جهان در وی
که دیدست ای مسلمانان نمک زیبنده در حلوا؟!
چنان صورت که گر تابش رسد بر نقش دیواری
همان ساعت بگیرد جان، شود گویا، شود بینا
نه ز اشراق جان آمد کاوخ جسمها زنده؟
زهی انوار تابنده، زهی خورشید جان‌افزا
بهر روزن شده تابان، شعاع آفتاب جان
که از خورشید رقصانند این ذرات بر بالا
بیار از خانهٔ رهبان میی همچون دم عیسی
که یحیی را نگه دارد ز زخم خشم بویحیی
چراغ جمله ملتها، دوای جمله علتها
که هردم جان نو بخشد برون از علت اولی
ملولی را فرو ریزد، فضولی را برانگیزد
بهشت بی‌نظیرست او، نموده رو درین دنیا
بهار گلشن حکمت چراغ ظلمت وحشت
اصول راحت و لذت نظام جنت و طوبی
درین خانهٔ خیال تن که پرحورست و آهرمن
بتی برساخت هرمانی ولی همچون بت ما، نی
بدیدی لشکر جان را، بیا دریاب سلطان را
که آن ابرست و او ماهی، و آن، نقش و او جانی
هلا ای نفس کدبانو، منه سر بر سر زانو
ز سالوس و ز طراری نگردد جلوه این معنی
تو کن ای ساقی مشفق، جهان را گرم چون مشرق
که عاشق از زبان تو بسی کردست این دعوی
به من ده آن می احمر، به مصر و یوسفانم بر
که سیرم زین بیابان و ازین من و ازین سلوی
جهانی بت‌پرست آمد، ز صورتهاش مست آمد
بتی کانجا که باشد او نباشد « بی » نباشد « تی »
خموش این « بی » و این « تی » را به جادویی مده شکلی
رها کن، تا عصای خود بیندازد کف موسی
مه دی رفت و بهمن رفت و آمد نوبهار ای دل
جهان سبزست و گل خندان و خرم جویبار ای دل
فروشد در زمین سرما، چو قارون و چو ظلم او
برآمد از زمین سوسن چو تیغ آبدار ای دل
درفش کاویانی بین، تصورهای جانی بین
که می‌تابد بهر گلشن ز عکس روی یار ای دل
گل سوری که عکس او جوانان را کند غوصه
چو بر پیران زند بویش نماندشان قرار ای دل
فرشته داد دیوان را زیرپوشی ز حسن خود
برآمد گل بدان دستی، که خیره ماند خار ای دل
درختان کف برآورده، چو کفهای دعاگویان
بنفشه سر فرو برده چو مردی شرمسار ای دل
جهان بی‌نوا را جان بداده صد در و مرجان
که این بستان و آن بستان برای یادگار ای دل
میان کاروان می‌رو، دلا آهسته آهسته
بسوی حلقهٔ خاص و حضور شهریار ای دل
چو مرد عشرتی ای جان، به کف کن دامن ساقی
چو ابن‌الوقتی ای صوفی میاور یاد پار ای دل
چو موسیقار می‌خواهی برون آ از زمین چون نی
وگر دیدار می‌خواهی مخور شب کوکنار ای دل
خدا سازید خلقی را و هرکس را یکی پیشه
هزار استاد می‌بینم، نه چون تو پیشه کار ای دل
گر دلت گیرد و گر گردی ملول
زین سفر چاره نداری، ای فضول
دل بنه، گردن مپیچان چپ و راست
هین روان باش و رها کن مول مول
ورنه اینک می‌برندت کشکشان
هر طرف پیکست و هر جانب رسول
نیستی در خانه، فکرت تا کجاست
فکرهای خل را بردست غول
جادوی کردند چشم خلق را
تا که بالا را ندانند از سفول
جادوان را، جادوانی دیگرند
می‌کنند اندر دل ایشان دخول
خیره منگر، دیدها در اصل دار
تا نباشی روز مردن بی‌اصول
(نحن نزلنا) بخوان و شکر کن
کافتابی کرد از بالا نزول
آفتابی نی که سوزد روی را
آفتابی نی که افتد در افول
نعره کم زن زانک نزدیکست یار
که ز نزدیکی گمان آید حلول
حق اگر پنهان بود ظاهر شود
معجزاتست و گواهان عدول
لیک تو اشتاب کم کن صبر کن
گرچه فرمودست که: « الانسان عجول »
ربنا افرغ علینا صبرنا
لا تزل اقدامنا فی ذاالوحول
ای گذر کرده ز حال و از محال
رفته اندر خانهٔ فیه رجال
ای بدیده روی وجه‌الله را
کین جهان بر روی او باشد چو خال
خال را حسنی بود از رو بود
ور نمی‌بینی چنین چشمی به مال
چون بمالی چشم، در هر زشتیی
صورتی بینی کمال اندر کمال
چند صورتهاست پنداری که اوست
تا رسی اندر جمال ذوالجلال
خلق را می‌راند و خوبی او
می‌کشاند گوش جان را که تعال
خاک کوی دوست را از بو بدان
خاک کویش خوشتر از آب زلال
اندران آب زلال اندر نگر
تا ببینی عکس خورشید و هلال
تا شنیدم گفتن شیرین او
می‌فزاید گفتن خویشم ملال
دامن او گیر یعنی درد او
رویدت از درد او صد پر و بال
سر نمی‌ارزد به درد سر، عجب
خود بیندیش و رها کن قیل و قال
سر خمارت داد و مستیها دهد
زیر آن مستی بود سحر هلال
از پی این مه به شب بیدار باش
سر منه جز در دعا و ابتهال
دیگران رفتند خانهٔ خویش باز
ما بماندیم و تو و عشق دراز
هرکی حیران تو باشد دارد او
روزه در روزه، نماز اندر نماز
راز او گوید که دارد عقل و هوش
چون فنا گردد، فنا را نیست راز
سلسله از گردن ما برمگیر
که جنون تو خوش است ای بی‌نیاز
طوق شاهان چاکر این سلسله‌ست
عاشقان از طوق دارند احتراز
خار و گل را حسن‌بخش از آب خضر
طاق را و جفت را کن جفت ناز
هرکی او بنهد سری بر خاک تو
کن قبولش گر حقیقت گر مجاز
نی مرا هرچه شود خود گو بشو
در بهار حسن خود تو می‌گراز
حسن تو باید که باشد بر مراد
عاشقان را خواه سوز و خواه ساز
خواه ردشان کن به خط لایجوز
خواهشان از فضل ده خط جواز
خواهشان چون تار چنگی بر سکل
خواهشان چون نای گیر و می‌نواز
خواهشان بی‌قدر کن چون سنگ و خاک
خواه چون گوهر بدهشان امتیاز
عاقبت محمود باشد داد تو
ای تو محمود و همه جانها ایاز
مای ما کی بود؟! چو تو گویی انا
مس ما کی بود پیش کیمیا؟!
پیش خورشیدی چه دارد مشت برف
جز فنا گشتن ز اشراق و ضیا؟!
زمهریر و صد هزاران زمهریر
با تموز تو کجا ماند؟! کجا؟!
با تموزیهای خورشید رخت
زمهریر آمد تموز این ضحی
بر دکان آرزو وشوق تو
کیسه دوزانند این خوف و رجا
بر مصلای کمال رفعتست
سجدهای سهو می‌آرد سها
خواب را گردن زدی ای جان صبح
چه صباح آموختن باید ترا؟!
چپ ما را راست کن ای دست تو
کرده اژدرهای هایل را عصا
شکر ایزد را که من بیگانه رنگ
گشته‌ام با بحر فضلت آشنا
کف برآرم در دعا و شکر من
جاودانی دیده زان بحر صفا
ای تو بیجا همچو جان و من چو تن
می‌روم در جستن تو جا به جا
عمر می‌کاهید بی‌تو روز روز
رست از کاهش به تو ای جان‌فزا
واجدی و وجدبخش هر وجود
چه غم ار من یاوه کردم خویش را
نامه رسید زان جهان بهر مراجعت برم
عزم رجوع می‌کنم، رخت به چرخ می‌برم
گفت که: « ارجعی » شنو، باز به شهر خویش رو
گفتم: « تا بیامدم، دلشده و مسافرم
آن چمن و شکرستان، هیچ نرفت از دلم
من بدرونه واصلم، من به حظیره حاظرم
چون به سباغ طیر تو اوج هوا مخوف شد
بسته شدست راه من، زانک به تن کبوترم
گفت: « ازین تو غم مخور، ایمن و شادمان بپر
زانک رفیق امن شد جان کبوتر حرم
هرکه برات حفظ ما دارد در زه قبا
در بر و بحر اگر رود باشد راد و محترم
نوح میان دشمنان بود هزار سال خوش
عصمت ماش بد به کف غالب بود لاجرم
چند هزار همچو او بندهٔ خاص پاک خو
هردم می‌رسیدشان بار و خفیر از درم »
گفت کلیم: « زاب من غم نخورم که من درم»
گفت: « خلیل ز آتشش غم نخورم که من زرم »
گفت: « مسیح مرده را زنده کنم به نام او
اکمه را بصر دهم، جانب طب به ننگرم »
گفت محمد امین : « من به اشارت مبین
بر قمر فلک زنم، کز قمران من اقمرم »
صورت را برون کنم پیش شهنشهی روم
کز تف او منورم، وز کف او مصورم
چون بروم برادرا هیچ مگو که نیست شد
در صف روح حاضرم، گر بر تو مسترم
نام خوشم درین جهان باشد چون صبا وزان
بوی خوشش عبرفشان زانک به جان معنبرم
ساکن گلشن و چمن پیش خوشان همچو من
وارهم از چه و رسن زانک برون چنبرم
چونک ز آسمان رسد تاج و سریر و مهتری
به که سفر کنی دلا، رخت به آسمان بری
بین همه بحریان به کف گوهر خویش یافته
تو به میان جزر و مد در چه شمار اندری؟
هین هله، گاو مرده را شیر مخوان و سر منه
گر چه که غره می‌زند گاو به سحر سامری
گر نمرود بر پرد فوق به پرّ کرکسان
زود فتد که نیستش قوّت پرّ جعفری
گرچه کبوتری به فن کبک شکار می‌کند
باز سپید کی شود؟! کی رهد از کبوتری؟!
جان ندهد به جز خدا، عقل همو کند عطا
گرچه که صورتی کند، صنعت کف آزری
دردسر تنی مکش کوست به حیله نیم خوش
پیش خدای سر نهی، سر بستان آن سری
سر که دهی شکربری، شبه دهی گهر بری
سرمه دهی بصر بری، سخت خوش است تاجری
جود و سخا و لطف خو سجده‌گری، چو آب جو
ترک هوا و آرزو هست سر پیمبری
روضهٔ روح سبز بین، ساکن روضه حور عین
مست و خراب می‌روی، نقل ملوک می‌چری
فرجهٔ باغ می‌کنی، شادی و لاغ می‌کنی
با صنمان شرم‌گین، پردهٔ شرم می‌دری
آمده ماه روی تو، جانب های و هوی تو
گلبن مشک بوی تو، با قد چست عرعری
روح و عقول سو به سو، سجده‌کنان به پیش او
کای هوس و مراد جان، سخت لطیف منظری
ای قمران آسمان، زو ببرید رنگ رو
وی ملکان بابلی زو شنوید ساحری
سخت مفرح غمی، عیسی چند مریمی
جان هزار جنتی، رشک هزار کوثری
از سر روزنم سحر گفت به قنجره مهی
هی تو بگو که کیستی؟ آنک ندادیش رهی
من تلف وصال تو،لیک تو کیستی؟ بگو
گفت: که « لاابالیی، خیره‌کشی، شهنشهی
بی‌پر و بال فضل من، بر نپرد ز تن دلی
بی‌رسن عنایتم، برنشود کس از چهی
عقل ز خط من بود گشته ادیب انجمن
عشق ز جام من بود عشرتیی مرفهی
بی‌رخ خوب فرخم، قامت هرکی گشت خم
گر به بهشت خوش شود، باشد گول و ابلهی
بادی ها نوشته ای شهر به شهر گشته ای
جز بر من مرید را کو کنفی و درگهی؟!
مرده ز بوی من شود زنده و زنده دولتی
گول ز حرف من شود نکته‌شناس و آگهی »
گفتم: « کدیه می‌کنم، ای تو حیات هر صنم
تا ز تو لافها زنم کامد یار ناگهی »
گفت: « چو من شوم روی، تو به یقین فنا شوی
این نبود که با کسی، گنجم من به خرگهی
هست مرا بهر زمان، لطف و کرم جهان جهان
لیک بکوش و صبر کن، صاف شوی و آنگهی
از چه رسید آب را آینه‌گی؟ ز صافیی
از فرح صفا زند، آن گل سرخ قهقهی
کم بود این یگانگی، لیک به راه بندگی
صاحب نان و جامگی، هر طرفی‌ست اسپهی
هست طبیب حاذقی هر طرفی و سابقی
نادره عیسیی که او دیده دهد با کمهی
بهر مثال گفتم این بهر نشاط هر حزین
لیک نیم مشبهی غرهٔ هر مشبهی
شرح که بی‌زبان بود، بی‌ضرر و زیان بود
هم تو بگو شهنشها، فایدهٔ موجهی
ای خواب برو ز همدمانم
تا بی‌کس و ممتحن نمانم
چون دیک بر آتشم نشاندی
در دیک چه می‌پزی، چه دانم
یک لحظه که من سری بخارم
ای عشق نمی‌دهی امانم
از خشم دو گوش حلم بستی
تا نشنوی آوه و فغانم
ما را به جهان حواله کم کن
ای جان چو که من نه زین جهانم
بگشای رهم که تا سبکتر
جان را به جهان جان رسانم
یاری فرما، قلاوزی کن
تا رخت بکوی تو کشانم
تیزآب توی، و چرخ ماییم
سرگشته چو سنگ آسیاییم
تو خورشیدی و ما چو ذره
از کوه برآی تا برآییم
از بهر سکنجبین عسل ده
ما خود همه سرکه می‌فزاییم
گه خیرهٔ تو، که تو کجایی
گه خیرهٔ خود که ما کجاییم
گه خیرهٔ بسط خویش و ایثار
یا قبض که مهره در رباییم
گاهی مس و گاه زر خالص
گاه از پی هردو کیمیاییم
گه شاد بخوردنست و تحصیل
گه شاد به خرج آن و تحلیل
چون نخل، گهی به کسب میوه
گاهی به نثار آن و تنزیل
گه حاتم وقت اندر ایثار
گه عباسی به طوف و زنبیل
ما یا آنیم و این دگر فرع
یا غیر تویم بی‌دو تبدیل
ور زانک مرکب از دو ضدیم
تذلیل نباشدی و تبجیل
هم اصلاحست عز و ذلش
مانندهٔ رفع و خفض قندیل
بس اصلاحی برای افساد
بس افسادی برای تنحیل
هله درده می بگزیده که مهمان توم
ز پریشانی زلف توپریشان توم
تلخ و شیرین لب ما را ز حرم بیرون آر
نقد ده نقد، که عباس حرمدان توم
آنچ دادی و بدیدی که بدان زنده شدم
مردهٔ جرعهٔ آن چشمهٔ حیوان توم
باده بر باد دهد هردو جهان را چو غبار
وآنگهان جلوه شود که مه تابان تو
وانگهان جام چو جان آرد کین بر جان زن
گر نیم جان تو آخر نه ز جانان توم؟
مرکبش دست بود زانک قدح شهبازست
که صیادم من و سر فتنهٔ مرغان توم
وانگه از دست بپرد سوی ایوان دماغ
که گزین مشعله و رونق ایوان تو
آب رو رفت مهان را پی نان و پی آب
مژده‌ای مست که من آب تو و نان توم
بحر بر کف که گرفتست؟ تو باری برگیر
خوش همی خند که من گوهر دندان توم
من سه پندت دهم، اول توسپند ما باش
که خلیلی و نسوزی چو سپندان توم
در خانه هله بگشای که در کوی تویم
قصص جایزه برخوان نه که بر خوان توم؟
ز آب چون آتش تو دیگ دماغم جوشید
سبک ای سیمبر مشعله سیما برگو
ز پگه جام چو دریا چو به کف بگرفتم
صفت موج دل و گوهر گویا برگو
بحر پرجوش چو لالاست بر آن در یتیم
کف بزن خوش صفت لولوی لالا برگو
هرکسی دارد در سینه تمنای دگر
زان سر چشمه کزو زاد تمنا برگو
جمع کن جمله هوسهای پراکنده به می
زان هوس که پنهان شد ز هوسها برگو
ز آفتابی که برآید سپس مشرق جان
که بدو محو شود ظل من و ما برگو
شش جهت انس و پری محرم آن راز نیند
سر بگردان سوی بیجا و همانجا برگو
چند باشد چو تنور این شکمت پر ز خمیر؟!
ای خمیری دمی از خمر مصفا برگو
چند چون زاغ بود نول تو در هر سرگین؟!
خبر جان چو طوطی شکرخا برگو
زین گذر کن، بده آن جام می روحانی
صفت شعشعهٔ جام معلا برگو
مست کن پیر و جوان را، پس از آن مستی کن
مست بیرون رو ازین عیش و تماشا برگو
جام بر دست به ساقی نگرانیم همه
فارغ از غصهٔ هر سود و زیانیم همه
این معلم که خرد بود بشد ما طفلان
یکدگر را ز جنون تخته زنانیم همه
پا برهنه خرد از مجلس ما دوش گریخت
چونک بیرون ز حد عقل و گمانیم همه
میرمجلس توی و ما همه در تیر تویم
بند آن غمزه و آن تیر و کمانیم همه
زهره در مجلس مه‌مان به می از کار ببرد
ورنه کژرو ز چه رو چون سرطانیم همه؟
چشم آن طرفهٔ بغداد ز ما عقل ربود
تا ندانیم که اندر همدانیم همه
گفت ساقی: « همه را جمله به تاراج دهم »
همچنان کن هله ای جان که چنانیم همه
همچو غواص پی گوهر بی‌نام و نشان
غرق آن قلزم بی‌نام و نشانیم همه
وقت عشرت طرب انگیزتر از جام مییم
در صف رزم چو شمشیر و سنانیم همه
نزد عشاق بهاریم پر از باغ و چمن
پیش هر منکر افسرده خزانیم همه
می‌جهد شعلهٔ دیگر ز زبانهٔ دل من
تا ترا وهم نیاید که زبانیم همه"
moulavi,shams daftar1,20,"


















"
moulavi,shams daftar2,20,"


















"
moulavi,shams daftar3,20,"


















"
moulavi,shams daftar4,20,"


















"
moulavi,shams daftar5,20,"


















"
moulavi,shams daftar6,20,"


















"
moulavi,shams fhmfh,20,"


















"
